sku,matched_tapetech_image_count,matched_tapetech_images,production_exact_filename_hit_count,production_exact_filename_hits,production_sku_norm_hit_count,production_sku_norm_hits,replacement_candidate_level
03TT,2,03TT_01.WEBP | 03TT_02.WEBP,0,,8,products/Production/Images/tapetech-03TT-01.webp | products/Production/Images/tapetech-03TT-02.webp | products/Production/Images/tapetech-03TT-06.webp | products/Production/Images/tapetech-03TT-09.webp | products/Production/Images/tapetech-NS03TT-01.webp | products/Production/Images/tapetech-NS03TT-02.webp | products/Production/Images/tapetech-NS03TT-03.webp | products/Production/Images/tapetech-NS03TT-04.webp,medium
07TT,9,07TT_01.WEBP | 07TT_02.WEBP | 07TT_03.WEBP | 07TT_04.WEBP | 07TT_05.WEBP | 07TT_06.WEBP | 07TT_08.WEBP | 07TT_09.WEBP | 07TT_10.WEBP,0,,98,products/Production/Images/tapetech-07TT-01.webp | products/Production/Images/tapetech-07TT-02.webp | products/Production/Images/tapetech-07TT-03.webp | products/Production/Images/tapetech-07TT-04.webp | products/Production/Images/tapetech-07TT-05.webp | products/Production/Images/tapetech-07TT-052404B-01.webp | products/Production/Images/tapetech-07TT-052404B-02.webp | products/Production/Images/tapetech-07TT-052404B-03.webp | products/Production/Images/tapetech-07TT-052404B-04.webp | products/Production/Images/tapetech-07TT-052404B-05.webp | products/Production/Images/tapetech-07TT-052415A-01.webp | products/Production/Images/tapetech-07TT-052415A-02.webp | products/Production/Images/tapetech-07TT-052415A-03.webp | products/Production/Images/tapetech-07TT-06.webp | products/Production/Images/tapetech-07TT-07.webp | products/Production/Images/tapetech-07TT-08.webp | products/Production/Images/tapetech-07TT-09.webp | products/Production/Images/tapetech-07TT-10.webp | products/Production/Images/tapetech-07TT-11.webp | products/Production/Images/tapetech-07TT-12.webp | products/Production/Images/tapetech-07TT-13.webp | products/Production/Images/tapetech-07TT-14.webp | products/Production/Images/tapetech-07TT-15.webp | products/Production/Images/tapetech-07TT-52036-01.webp | products/Production/Images/tapetech-07TT-52036-02.webp | products/Production/Images/tapetech-07TT-52036-03.webp | products/Production/Images/tapetech-07TT-52051-01.webp | products/Production/Images/tapetech-07TT-52051-02.webp | products/Production/Images/tapetech-07TT-52051-03.webp | products/Production/Images/tapetech-07TT-52052-01.webp | products/Production/Images/tapetech-07TT-52052-02.webp | products/Production/Images/tapetech-07TT-52055-01.webp | products/Production/Images/tapetech-07TT-52055-03.webp | products/Production/Images/tapetech-07TT-52080-01.webp | products/Production/Images/tapetech-07TT-52080-03.webp | products/Production/Images/tapetech-07TT-52152-01.webp | products/Production/Images/tapetech-07TT-52152-03.webp | products/Production/Images/tapetech-07TT-52226-01.webp | products/Production/Images/tapetech-07TT-52226-02.webp | products/Production/Images/tapetech-07TT-52226-03.webp | products/Production/Images/tapetech-07TT-59329-01.webp | products/Production/Images/tapetech-07TT-59330-01.webp | products/Production/Images/tapetech-07TT-59331-01.webp | products/Production/Images/tapetech-07TT-59331-02.webp | products/Production/Images/tapetech-07TT-C-01.webp | products/Production/Images/tapetech-07TT-C-02.webp | products/Production/Images/tapetech-07TT-C-03.webp | products/Production/Images/tapetech-07TT-C-04.webp | products/Production/Images/tapetech-07TT-C-05.webp | products/Production/Images/tapetech-07TT-C-06.webp | products/Production/Images/tapetech-07TT-C-07.webp | products/Production/Images/tapetech-07TT-C-08.webp | products/Production/Images/tapetech-07TT-C-09.webp | products/Production/Images/tapetech-07TT-C-10.webp | products/Production/Images/tapetech-07TT-C-11.webp | products/Production/Images/tapetech-07TT-C-12.webp | products/Production/Images/tapetech-07TT-C-13.webp | products/Production/Images/tapetech-07TT-C-14.webp | products/Production/Images/tapetech-07TT-C-15.webp | products/Production/Images/tapetech-07TT-C-16.webp | products/Production/Images/tapetech-07TT-C-17.webp | products/Production/Images/tapetech-07TT-C-18.webp | products/Production/Images/tapetech-AT01-AUTOMATICTAPERREPAIRKITFOR07TT-01.webp | products/Production/Images/tapetech-CA07TT-01.webp | products/Production/Images/tapetech-CA07TT-02.webp | products/Production/Images/tapetech-CA07TT-03.webp | products/Production/Images/tapetech-CA07TT-04.webp | products/Production/Images/tapetech-CA07TT-05.webp | products/Production/Images/tapetech-CA07TT-06.webp | products/Production/Images/tapetech-CA07TT-07.webp | products/Production/Images/tapetech-CA07TT-08.webp | products/Production/Images/tapetech-CA07TT-09.webp | products/Production/Images/tapetech-CA07TT-10.webp | products/Production/Images/tapetech-EZ07TT-01.webp | products/Production/Images/tapetech-EZ07TT-02.webp | products/Production/Images/tapetech-EZ07TT-03.webp | products/Production/Images/tapetech-EZ07TT-04.webp | products/Production/Images/tapetech-EZ07TT-05.webp | products/Production/Images/tapetech-EZ07TT-06.webp | products/Production/Images/tapetech-EZ07TT-07.webp | products/Production/Images/tapetech-EZ07TT-08.webp | products/Production/Images/tapetech-EZ07TT-09.webp | products/Production/Images/tapetech-EZ07TT-10.webp | products/Production/Images/tapetech-EZ07TT-11.webp | products/Production/Images/tapetech-EZ07TT-12.webp | products/Production/Images/tapetech-EZ07TT-13.webp | products/Production/Images/tapetech-EZ07TT-14.webp | products/Production/Images/tapetech-EZ07TT-15.webp | products/Production/Images/tapetech-EZ07TT-16.webp | products/Production/Images/tapetech-PFK07TT-002.webp | products/Production/Images/tapetech-PFK07TT-003.webp | products/Production/Images/tapetech-PFK07TT-004.webp | products/Production/Images/tapetech-PFK07TT-01.webp | products/Production/Images/tapetech-maxi-taper-07tt-w-atx01tt-extension-media-01.webp | products/Production/Images/tapetech-maxi-taper-07tt-w-atx01tt-extension-media-02.webp | products/Production/Images/tapetech-maxi-taper-07tt-w-atx01tt-extension-media-06.webp | products/Production/Images/tapetech-maxi-taper-07tt-w-atx01tt-extension-media-07.webp | products/Production/Images/tapetech-maxi-taper-07tt-w-atx01tt-extension-media-08.webp,medium
07TT-C,10,07TT-C_01.WEBP | 07TT-C_02.WEBP | 07TT-C_03.WEBP | 07TT-C_04.WEBP | 07TT-C_05.WEBP | 07TT-C_06.WEBP | 07TT-C_07.WEBP | 07TT-C_08.WEBP | 07TT-C_09.WEBP | 07TT-C_10.WEBP,0,,18,products/Production/Images/tapetech-07TT-C-01.webp | products/Production/Images/tapetech-07TT-C-02.webp | products/Production/Images/tapetech-07TT-C-03.webp | products/Production/Images/tapetech-07TT-C-04.webp | products/Production/Images/tapetech-07TT-C-05.webp | products/Production/Images/tapetech-07TT-C-06.webp | products/Production/Images/tapetech-07TT-C-07.webp | products/Production/Images/tapetech-07TT-C-08.webp | products/Production/Images/tapetech-07TT-C-09.webp | products/Production/Images/tapetech-07TT-C-10.webp | products/Production/Images/tapetech-07TT-C-11.webp | products/Production/Images/tapetech-07TT-C-12.webp | products/Production/Images/tapetech-07TT-C-13.webp | products/Production/Images/tapetech-07TT-C-14.webp | products/Production/Images/tapetech-07TT-C-15.webp | products/Production/Images/tapetech-07TT-C-16.webp | products/Production/Images/tapetech-07TT-C-17.webp | products/Production/Images/tapetech-07TT-C-18.webp,medium
15TTE,3,15TTE_01.WEBP | 15TTE_02.WEBP | 15TTE_03.WEBP,0,,12,products/Production/Images/tapetech-15TTE-01.webp | products/Production/Images/tapetech-15TTE-02.webp | products/Production/Images/tapetech-15TTE-03.webp | products/Production/Images/tapetech-15TTE-04.webp | products/Production/Images/tapetech-15TTE-05.webp | products/Production/Images/tapetech-15TTE-06.webp | products/Production/Images/tapetech-15TTE-07.webp | products/Production/Images/tapetech-15TTE-08.webp | products/Production/Images/tapetech-15TTE-09.webp | products/Production/Images/tapetech-15TTE-10.webp | products/Production/Images/tapetech-15TTE-11.webp | products/Production/Images/tapetech-15TTE-XHTT-01.webp,medium
16TT,4,16TT_01.WEBP | 16TT_02.WEBP | 16TT_03.WEBP | 16TT_04.WEBP,0,,14,products/Production/Images/tapetech-16TT-01.webp | products/Production/Images/tapetech-16TT-02.webp | products/Production/Images/tapetech-16TT-03.webp | products/Production/Images/tapetech-16TT-04.webp | products/Production/Images/tapetech-16TT-05.webp | products/Production/Images/tapetech-16TT-06.webp | products/Production/Images/tapetech-16TT-07.webp | products/Production/Images/tapetech-16TT-08.webp | products/Production/Images/tapetech-16TT-09.webp | products/Production/Images/tapetech-16TT-10.webp | products/Production/Images/tapetech-16TT90-01.webp | products/Production/Images/tapetech-16TT90-02.webp | products/Production/Images/tapetech-16TT90-03.webp | products/Production/Images/tapetech-16TT90-04.webp,medium
16TT90,3,16TT90_02.WEBP | 16TT90_03.WEBP | 16TT90_04.WEBP,0,,4,products/Production/Images/tapetech-16TT90-01.webp | products/Production/Images/tapetech-16TT90-02.webp | products/Production/Images/tapetech-16TT90-03.webp | products/Production/Images/tapetech-16TT90-04.webp,medium
17TT,2,17TT_01.WEBP | 17TT_02.WEBP,0,,9,products/Production/Images/tapetech-17TT-01.webp | products/Production/Images/tapetech-17TT-02.webp | products/Production/Images/tapetech-17TT-03.webp | products/Production/Images/tapetech-17TT-04.webp | products/Production/Images/tapetech-17TT-05.webp | products/Production/Images/tapetech-17TT-06.webp | products/Production/Images/tapetech-17TTE-01.webp | products/Production/Images/tapetech-17TTE-02.webp | products/Production/Images/tapetech-outside-corner-roller-17tte-media-01.webp,medium
17TTE,2,17TTE_01.WEBP | 17TTE_02.WEBP,0,,3,products/Production/Images/tapetech-17TTE-01.webp | products/Production/Images/tapetech-17TTE-02.webp | products/Production/Images/tapetech-outside-corner-roller-17tte-media-01.webp,medium
40XTT,3,40XTT_01.WEBP | 40XTT_02.WEBP | 40XTT_03.WEBP,0,,8,products/Production/Images/tapetech-40XTT-01.webp | products/Production/Images/tapetech-40XTT-02.webp | products/Production/Images/tapetech-40XTT-03.webp | products/Production/Images/tapetech-40XTT-04.webp | products/Production/Images/tapetech-40XTT-05.webp | products/Production/Images/tapetech-40XTT-06.webp | products/Production/Images/tapetech-40XTT-07.webp | products/Production/Images/tapetech-40XTT-08.webp,medium
42TT,3,42TT_01.WEBP | 42TT_02.WEBP | 42TT_03.WEBP,0,,14,products/Production/Images/tapetech-42TT-01.webp | products/Production/Images/tapetech-42TT-02.webp | products/Production/Images/tapetech-42TT-03.webp | products/Production/Images/tapetech-42TT-04.webp | products/Production/Images/tapetech-42TT-05.webp | products/Production/Images/tapetech-42TT-06.webp | products/Production/Images/tapetech-42TT-07.webp | products/Production/Images/tapetech-42TT-08.webp | products/Production/Images/tapetech-8042TT-01.webp | products/Production/Images/tapetech-8042TT-05.webp | products/Production/Images/tapetech-8142TT-05.webp | products/Production/Images/tapetech-CT42TT-01.webp | products/Production/Images/tapetech-CT42TT-02.webp | products/Production/Images/tapetech-CT42TT-03.webp,medium
48TT,4,48TT_01.WEBP | 48TT_02.WEBP | 48TT_03.WEBP | 48TT_04.WEBP,0,,8,products/Production/Images/tapetech-48TT-01.webp | products/Production/Images/tapetech-48TT-02.webp | products/Production/Images/tapetech-48TT-03.webp | products/Production/Images/tapetech-48TT-04.webp | products/Production/Images/tapetech-48TT-05.webp | products/Production/Images/tapetech-48TT-06.webp | products/Production/Images/tapetech-48TT-07.webp | products/Production/Images/tapetech-PFK48TT-01.webp,medium
48XTT,5,48XTT_01.WEBP | 48XTT_02.WEBP | 48XTT_03.WEBP | 48XTT_04.WEBP | 48XTT_05.WEBP,0,,9,products/Production/Images/tapetech-48XTT-01.webp | products/Production/Images/tapetech-48XTT-02.webp | products/Production/Images/tapetech-48XTT-03.webp | products/Production/Images/tapetech-48XTT-04.webp | products/Production/Images/tapetech-48XTT-05.webp | products/Production/Images/tapetech-48XTT-06.webp | products/Production/Images/tapetech-48XTT-07.webp | products/Production/Images/tapetech-48XTT-08.webp | products/Production/Images/tapetech-48XTT-09.webp,medium
76TT,11,76TT-CA_01.WEBP | 76TT-CA_02.WEBP | 76TT-CA_03.WEBP | 76TT-CA_04.WEBP | 76TT-CA_05.WEBP | 76TT-CA_06.WEBP | 76TT_01.WEBP | 76TT_02.WEBP | 76TT_03.WEBP | 76TT_04.WEBP | 76TT_05.WEBP,0,,6,products/Production/Images/tapetech-76TT-002.webp | products/Production/Images/tapetech-76TT-005.webp | products/Production/Images/tapetech-76TT-01.webp | products/Production/Images/tapetech-76TT-729009-01.webp | products/Production/Images/tapetech-easyclean-loading-pump-76tt-ca-media-01.webp | products/Production/Images/tapetech-easyclean-loading-pump-76tt-ca-media-02.webp,medium
76XLTT,5,76XLTT_01.WEBP | 76XLTT_02.WEBP | 76XLTT_03.WEBP | 76XLTT_04.WEBP | 76XLTT_05.WEBP,0,,5,products/Production/Images/tapetech-76XLTT-01.webp | products/Production/Images/tapetech-76XLTT-02.webp | products/Production/Images/tapetech-76XLTT-03.webp | products/Production/Images/tapetech-76XLTT-04.webp | products/Production/Images/tapetech-76XLTT-05.webp,medium
8000TT,5,8000TT_01.WEBP | 8000TT_02.WEBP | 8000TT_03.WEBP | 8000TT_04.WEBP | 8000TT_05.WEBP,0,,6,products/Production/Images/tapetech-8000TT-01.webp | products/Production/Images/tapetech-8000TT-02.webp | products/Production/Images/tapetech-8000TT-03.webp | products/Production/Images/tapetech-8000TT-04.webp | products/Production/Images/tapetech-8000TT-PA-01.webp | products/Production/Images/tapetech-8000TT-PA-02.webp,medium
8000TT-PA,3,8000TT-PA_01.WEBP | 8000TT-PA_02.WEBP | 8000TT-PA_03.WEBP,0,,2,products/Production/Images/tapetech-8000TT-PA-01.webp | products/Production/Images/tapetech-8000TT-PA-02.webp,medium
8034TT,7,8034TT_01.WEBP | 8034TT_02.WEBP | CFS8034TT_01.WEBP | CFS8034TT_02.WEBP | CFS8034TT_03.WEBP | CFS8034TT_04.WEBP | CFS8034TT_05.WEBP,0,,6,products/Production/Images/tapetech-34-continuous-flow-flat-box-handle-cfs8034tt-media-01.webp | products/Production/Images/tapetech-8034TT-01.webp | products/Production/Images/tapetech-8034TT-02.webp | products/Production/Images/tapetech-8034TT-03.webp | products/Production/Images/tapetech-8034TT-04.webp | products/Production/Images/tapetech-8034TT-05.webp,medium
8042TT,2,8042TT_01.WEBP | 8042TT_02.WEBP,0,,2,products/Production/Images/tapetech-8042TT-01.webp | products/Production/Images/tapetech-8042TT-05.webp,medium
8054TT,2,8054TT_01.WEBP | 8054TT_02.WEBP,0,,1,products/Production/Images/tapetech-8054TT-05.webp,medium
8072TT,10,8072TT_01.WEBP | 8072TT_02.WEBP | 8072TT_03.WEBP | 8072TT_04.WEBP | 8072TT_05.WEBP | CFS8072TT_01.WEBP | CFS8072TT_02.WEBP | CFS8072TT_03.WEBP | CFS8072TT_04.WEBP | CFS8072TT_05.WEBP,0,,4,products/Production/Images/tapetech-72-continuous-flow-flat-box-handle-cfs8072tt-media-01.webp | products/Production/Images/tapetech-72-continuous-flow-flat-box-handle-cfs8072tt-media-02.webp | products/Production/Images/tapetech-8072TT-01.webp | products/Production/Images/tapetech-8072TT-05.webp,medium
8134TT,2,8134TT_01.WEBP | 8134TT_02.WEBP,0,,4,products/Production/Images/tapetech-8134TT-01.webp | products/Production/Images/tapetech-8134TT-02.webp | products/Production/Images/tapetech-8134TT-03.webp | products/Production/Images/tapetech-8134TT-05.webp,medium
8142TT,2,8142TT_01.WEBP | 8142TT_02.WEBP,0,,1,products/Production/Images/tapetech-8142TT-05.webp,medium
8154TT,2,8154TT_01.WEBP | 8154TT_02.WEBP,0,,1,products/Production/Images/tapetech-8154TT-05.webp,medium
8172TT,2,8172TT_01.WEBP | 8172TT_02.WEBP,0,,1,products/Production/Images/tapetech-8172TT-05.webp,medium
85T,1,85T_01.WEBP,0,,1,products/Production/Images/tapetech-85T-01.webp,medium
85XLTT,2,85XLTT_01.WEBP | 85XLTT_02.WEBP,0,,3,products/Production/Images/tapetech-85XLTT-01.webp | products/Production/Images/tapetech-85XLTT-02.webp | products/Production/Images/tapetech-85XLTT-03.webp,medium
88TTE,4,88TTE_01.WEBP | 88TTE_02.WEBP | 88TTE_03.WEBP | 88TTE_04.WEBP,0,,5,products/Production/Images/tapetech-88TTE-002.webp | products/Production/Images/tapetech-88TTE-003.webp | products/Production/Images/tapetech-88TTE-004.webp | products/Production/Images/tapetech-88TTE-005.webp | products/Production/Images/tapetech-88TTE-01.webp,medium
90T,2,90T_01.WEBP | 90T_02.WEBP,0,,9,products/Production/Images/tapetech-90-mm-cove-applicator-head-ch90tt-media-01.webp | products/Production/Images/tapetech-90-mm-cove-applicator-head-ch90tt-media-02.webp | products/Production/Images/tapetech-90-mm-cove-applicator-head-ch90tt-media-03.webp | products/Production/Images/tapetech-90T-01.webp | products/Production/Images/tapetech-90T-02.webp | products/Production/Images/tapetech-90T-03.webp | products/Production/Images/tapetech-90T-04.webp | products/Production/Images/tapetech-90T-05.webp | products/Production/Images/tapetech-90T-06.webp,medium
ATX01TT,3,ATX01TT_01.WEBP | ATX01TT_02.WEBP | ATX01TT_03.WEBP,0,,11,products/Production/Images/tapetech-ATX01TT-01.webp | products/Production/Images/tapetech-ATX01TT-02.webp | products/Production/Images/tapetech-ATX01TT-03.webp | products/Production/Images/tapetech-ATX01TT-04.webp | products/Production/Images/tapetech-ATX01TT-05.webp | products/Production/Images/tapetech-ATX01TT-101249-01.webp | products/Production/Images/tapetech-maxi-taper-07tt-w-atx01tt-extension-media-01.webp | products/Production/Images/tapetech-maxi-taper-07tt-w-atx01tt-extension-media-02.webp | products/Production/Images/tapetech-maxi-taper-07tt-w-atx01tt-extension-media-06.webp | products/Production/Images/tapetech-maxi-taper-07tt-w-atx01tt-extension-media-07.webp | products/Production/Images/tapetech-maxi-taper-07tt-w-atx01tt-extension-media-08.webp,medium
BAN001-TT,10,BAN001-TT_01.WEBP | BAN001-TT_02.WEBP | BAN001-TT_03.WEBP | BAN001-TT_04.WEBP | BAN001-TT_05.WEBP | BAN001-TT_06.WEBP | BAN001-TT_07.WEBP | BAN001-TT_08.WEBP | BAN001-TT_09.WEBP | BAN001-TT_10.WEBP,0,,18,products/Production/Images/tapetech-BAN001-TT-002.webp | products/Production/Images/tapetech-BAN001-TT-004.webp | products/Production/Images/tapetech-BAN001-TT-006.webp | products/Production/Images/tapetech-BAN001-TT-01.webp | products/Production/Images/tapetech-BAN001-TT-02.webp | products/Production/Images/tapetech-BAN001-TT-03.webp | products/Production/Images/tapetech-BAN001-TT-04.webp | products/Production/Images/tapetech-BAN001-TT-05.webp | products/Production/Images/tapetech-BAN001-TT-06.webp | products/Production/Images/tapetech-BAN001-TT-07.webp | products/Production/Images/tapetech-BAN001-TT-08.webp | products/Production/Images/tapetech-BAN001-TT-09.webp | products/Production/Images/tapetech-BAN001-TT-10.webp | products/Production/Images/tapetech-BAN001-TT-11.webp | products/Production/Images/tapetech-BAN001-TT-12.webp | products/Production/Images/tapetech-BAN001-TT-13.webp | products/Production/Images/tapetech-BAN001-TT-14.webp | products/Production/Images/tapetech-BAN001-TT-15.webp,medium
BH,2,BH_01.WEBP | BH_02.WEBP,0,,40,products/Production/Images/asgard-BBH-AD-01.webp | products/Production/Images/asgard-BBHE-AD-01.webp | products/Production/Images/asgard-FBHE-AD-01.webp | products/Production/Images/columbia-BH1-01.webp | products/Production/Images/columbia-BH11-01.webp | products/Production/Images/columbia-BH2-01.webp | products/Production/Images/columbia-BH24A-01.webp | products/Production/Images/columbia-BH26-01.webp | products/Production/Images/columbia-BH3-01.webp | products/Production/Images/columbia-BH4-01.webp | products/Production/Images/columbia-BH5-01.webp | products/Production/Images/columbia-BH6-01.webp | products/Production/Images/columbia-BH7-01.webp | products/Production/Images/columbia-BH9-3-01.webp | products/Production/Images/platinum-PT-BH34-01.webp | products/Production/Images/platinum-PT-BH34-02.webp | products/Production/Images/platinum-PT-BH42-01.webp | products/Production/Images/platinum-PT-BH54-01.webp | products/Production/Images/platinum-PT-BH54-02.webp | products/Production/Images/platinum-PT-BH54-03.webp | products/Production/Images/platinum-PT-EBH-01.webp | products/Production/Images/platinum-PT-EBH-02.webp | products/Production/Images/platinum-PT-MNBH-01.webp | products/Production/Images/platinum-PT-MNBH-02.webp | products/Production/Images/platinum-PT-MNBH-03.webp | products/Production/Images/tapetech-BH-01.webp | products/Production/Images/tapetech-BHE-01.webp | products/Production/Images/tapetech-BHE-SW-002.webp | products/Production/Images/tapetech-BHE-SW-004.webp | products/Production/Images/tapetech-BHE-SW-006.webp | products/Production/Images/tapetech-BHE-SW-008.webp | products/Production/Images/tapetech-BHE-SW-01.webp | products/Production/Images/tapetech-BHE-SW-011.webp | products/Production/Images/tapetech-BHE-SW-02.webp | products/Production/Images/tapetech-BHE-SW-03.webp | products/Production/Images/tapetech-BHE-SW-04.webp | products/Production/Images/tapetech-BHE-SW-05.webp | products/Production/Images/tapetech-BHE-SW-06.webp | products/Production/Images/tapetech-BHE-SW-07.webp | products/Production/Images/tapetech-BHE-SW-08.webp,medium
BHE,2,BHE_01.WEBP | BHE_02.WEBP,0,,16,products/Production/Images/asgard-BBHE-AD-01.webp | products/Production/Images/asgard-FBHE-AD-01.webp | products/Production/Images/tapetech-BHE-01.webp | products/Production/Images/tapetech-BHE-SW-002.webp | products/Production/Images/tapetech-BHE-SW-004.webp | products/Production/Images/tapetech-BHE-SW-006.webp | products/Production/Images/tapetech-BHE-SW-008.webp | products/Production/Images/tapetech-BHE-SW-01.webp | products/Production/Images/tapetech-BHE-SW-011.webp | products/Production/Images/tapetech-BHE-SW-02.webp | products/Production/Images/tapetech-BHE-SW-03.webp | products/Production/Images/tapetech-BHE-SW-04.webp | products/Production/Images/tapetech-BHE-SW-05.webp | products/Production/Images/tapetech-BHE-SW-06.webp | products/Production/Images/tapetech-BHE-SW-07.webp | products/Production/Images/tapetech-BHE-SW-08.webp,medium
BHE-SW,4,BHE-SW_01.WEBP | BHE-SW_02.WEBP | BHE-SW_03.WEBP | BHE-SW_04.WEBP,0,,13,products/Production/Images/tapetech-BHE-SW-002.webp | products/Production/Images/tapetech-BHE-SW-004.webp | products/Production/Images/tapetech-BHE-SW-006.webp | products/Production/Images/tapetech-BHE-SW-008.webp | products/Production/Images/tapetech-BHE-SW-01.webp | products/Production/Images/tapetech-BHE-SW-011.webp | products/Production/Images/tapetech-BHE-SW-02.webp | products/Production/Images/tapetech-BHE-SW-03.webp | products/Production/Images/tapetech-BHE-SW-04.webp | products/Production/Images/tapetech-BHE-SW-05.webp | products/Production/Images/tapetech-BHE-SW-06.webp | products/Production/Images/tapetech-BHE-SW-07.webp | products/Production/Images/tapetech-BHE-SW-08.webp,medium
CA07TT,5,CA07TT_01.WEBP | CA07TT_02.WEBP | CA07TT_03.WEBP | CA07TT_04.WEBP | CA07TT_05.WEBP,0,,10,products/Production/Images/tapetech-CA07TT-01.webp | products/Production/Images/tapetech-CA07TT-02.webp | products/Production/Images/tapetech-CA07TT-03.webp | products/Production/Images/tapetech-CA07TT-04.webp | products/Production/Images/tapetech-CA07TT-05.webp | products/Production/Images/tapetech-CA07TT-06.webp | products/Production/Images/tapetech-CA07TT-07.webp | products/Production/Images/tapetech-CA07TT-08.webp | products/Production/Images/tapetech-CA07TT-09.webp | products/Production/Images/tapetech-CA07TT-10.webp,medium
CA08TT,5,CA08TT_01.WEBP | CA08TT_02.WEBP | CA08TT_03.WEBP | CA08TT_04.WEBP | CA08TT_05.WEBP,0,,10,products/Production/Images/tapetech-CA08TT-002.webp | products/Production/Images/tapetech-CA08TT-004.webp | products/Production/Images/tapetech-CA08TT-006.webp | products/Production/Images/tapetech-CA08TT-01.webp | products/Production/Images/tapetech-CA08TT-02.webp | products/Production/Images/tapetech-CA08TT-03.webp | products/Production/Images/tapetech-CA08TT-04.webp | products/Production/Images/tapetech-CA08TT-05.webp | products/Production/Images/tapetech-CA08TT-06.webp | products/Production/Images/tapetech-CA08TT-XHTT-01.webp,medium
CAA-TT,2,CAA-TT_01.WEBP | CAA-TT_02.WEBP,0,,8,products/Production/Images/tapetech-CAA-TT-01.webp | products/Production/Images/tapetech-CAA-TT-02.webp | products/Production/Images/tapetech-CAA-TT-03.webp | products/Production/Images/tapetech-CAA-TT-04.webp | products/Production/Images/tapetech-CAA-TT-05.webp | products/Production/Images/tapetech-CAA-TT-06.webp | products/Production/Images/tapetech-FHTT-CAA-TT-01.webp | products/Production/Images/tapetech-XHTT-CAA-TT-01.webp,medium
CFA-TT,1,CFA-TT_01.WEBP,0,,1,products/Production/Images/tapetech-CFA-TT-01.webp,medium
CK06CSTT,4,CK06CSTT_01.WEBP | CK06CSTT_02.WEBP | CK06CSTT_04.WEBP | CK06CSTT_05.WEBP,0,,6,products/Production/Images/tapetech-CK06CSTT-01.webp | products/Production/Images/tapetech-CK06CSTT-02.webp | products/Production/Images/tapetech-CK06CSTT-03.webp | products/Production/Images/tapetech-CK06CSTT-04.webp | products/Production/Images/tapetech-CK06CSTT-05.webp | products/Production/Images/tapetech-CK06CSTT-06.webp,medium
CROLL02,5,CROLL02_01.WEBP | CROLL02_02.WEBP | CROLL02_03.WEBP | CROLL02_04.WEBP | CROLL02_05.WEBP,0,,3,products/Production/Images/tapetech-CROLL02-01.webp | products/Production/Images/tapetech-CROLL02-02.webp | products/Production/Images/tapetech-CROLL02-03.webp,medium
CROLL04CG,3,CROLL04_01.WEBP | CROLL04_02.WEBP | CROLL04_03.WEBP,0,,5,products/Production/Images/tapetech-CROLL04CG-002.webp | products/Production/Images/tapetech-CROLL04CG-003.webp | products/Production/Images/tapetech-CROLL04CG-004.webp | products/Production/Images/tapetech-CROLL04CG-005.webp | products/Production/Images/tapetech-CROLL04CG-01.webp,medium
CROLL09CG,3,CROLL09_01.WEBP | CROLL09_02.WEBP | CROLL09_03.WEBP,0,,4,products/Production/Images/tapetech-CROLL09CG-002.webp | products/Production/Images/tapetech-CROLL09CG-003.webp | products/Production/Images/tapetech-CROLL09CG-004.webp | products/Production/Images/tapetech-CROLL09CG-01.webp,medium
CROLL12CG,3,CROLL12_01.WEBP | CROLL12_02.WEBP | CROLL12_03.WEBP,0,,4,products/Production/Images/tapetech-CROLL12CG-002.webp | products/Production/Images/tapetech-CROLL12CG-003.webp | products/Production/Images/tapetech-CROLL12CG-004.webp | products/Production/Images/tapetech-CROLL12CG-01.webp,medium
CROLLHAN2,4,CROLLHAN2_01.WEBP | CROLLHAN2_02.WEBP | CROLLHAN2_03.WEBP | CROLLHAN2_04.WEBP,0,,4,products/Production/Images/tapetech-CROLLHAN2-002.webp | products/Production/Images/tapetech-CROLLHAN2-003.webp | products/Production/Images/tapetech-CROLLHAN2-004.webp | products/Production/Images/tapetech-CROLLHAN2-01.webp,medium
CT24TT,1,CT24TT_01.WEBP,0,,7,products/Production/Images/tapetech-CT24TT-01.webp | products/Production/Images/tapetech-CT24TT-02.webp | products/Production/Images/tapetech-CT24TT-03.webp | products/Production/Images/tapetech-CT24TT-04.webp | products/Production/Images/tapetech-CT24TT-05.webp | products/Production/Images/tapetech-CT24TT-06.webp | products/Production/Images/tapetech-CT24TT-07.webp,medium
CT36TT,1,CT36TT_01.WEBP,0,,6,products/Production/Images/tapetech-CT36TT-01.webp | products/Production/Images/tapetech-CT36TT-02.webp | products/Production/Images/tapetech-CT36TT-03.webp | products/Production/Images/tapetech-CT36TT-04.webp | products/Production/Images/tapetech-CT36TT-05.webp | products/Production/Images/tapetech-CT36TT-06.webp,medium
CT42TT,1,CT42TT_01.WEBP,0,,3,products/Production/Images/tapetech-CT42TT-01.webp | products/Production/Images/tapetech-CT42TT-02.webp | products/Production/Images/tapetech-CT42TT-03.webp,medium
CTA01TT,4,CTA01TT_01.WEBP | CTA01TT_02.WEBP | CTA01TT_03.WEBP | CTA01TT_04.WEBP,0,,5,products/Production/Images/tapetech-CTA01TT-01.webp | products/Production/Images/tapetech-CTA01TT-02.webp | products/Production/Images/tapetech-CTA01TT-03.webp | products/Production/Images/tapetech-CTA01TT-04.webp | products/Production/Images/tapetech-CTA01TT-05.webp,medium
EEX10090,1,EEX10090_01.WEBP,0,,1,products/Production/Images/tapetech-EEX10090-01.webp,medium
EEX125135,1,EEX125135_01.WEBP,0,,1,products/Production/Images/tapetech-EEX125135-01.webp,medium
EEX15090,1,EEX15090_01.WEBP,0,,1,products/Production/Images/tapetech-EEX15090-01.webp,medium
EEX200135,1,EEX200135_01.WEBP,0,,1,products/Production/Images/tapetech-EEX200135-01.webp,medium
EEX20090,1,EEX20090_01.WEBP,0,,1,products/Production/Images/tapetech-EEX20090-01.webp,medium
EEX275135,1,EEX275135_01.WEBP,0,,1,products/Production/Images/tapetech-EEX275135-01.webp,medium
EEX5090,1,EEX5090_01.WEBP,0,,1,products/Production/Images/tapetech-EEX5090-01.webp,medium
EEX7590,1,EEX7590_01.WEBP,0,,1,products/Production/Images/tapetech-EEX7590-01.webp,medium
EEXSET3135,1,EEXSET3135_01.WEBP,0,,2,products/Production/Images/tapetech-EEXSET3135-01.webp | products/Production/Images/tapetech-EEXSET3135-02.webp,medium
EHC07,5,EHC07_01.WEBP | EHC07_02.WEBP | EHC07_03.WEBP | EHC07_04.WEBP | EHC07_05.WEBP,0,,20,products/Production/Images/asgard-EHC07-AD-01.webp | products/Production/Images/tapetech-EHC07-01.webp | products/Production/Images/tapetech-EHC07-02.webp | products/Production/Images/tapetech-EHC07-03.webp | products/Production/Images/tapetech-EHC07-04.webp | products/Production/Images/tapetech-EHC07-05.webp | products/Production/Images/tapetech-EHC07-06.webp | products/Production/Images/tapetech-EHC07-07.webp | products/Production/Images/tapetech-EHC07-08.webp | products/Production/Images/tapetech-EHC07-09.webp | products/Production/Images/tapetech-EHC07-10.webp | products/Production/Images/tapetech-EHC07-11.webp | products/Production/Images/tapetech-EHC07-12.webp | products/Production/Images/tapetech-EHC07-13.webp | products/Production/Images/tapetech-EHC07-14.webp | products/Production/Images/tapetech-EHC07-15.webp | products/Production/Images/tapetech-EHC07-16.webp | products/Production/Images/tapetech-EHC07-17.webp | products/Production/Images/tapetech-EHC07-18.webp | products/Production/Images/tapetech-EHC07-19.webp,medium
EHC10,5,EHC10_01.WEBP | EHC10_02.WEBP | EHC10_04.WEBP | EHC10_05.WEBP | EHC10_06.WEBP,0,,17,products/Production/Images/asgard-EHC10-AD-01.webp | products/Production/Images/tapetech-EHC10-01.webp | products/Production/Images/tapetech-EHC10-02.webp | products/Production/Images/tapetech-EHC10-03.webp | products/Production/Images/tapetech-EHC10-04.webp | products/Production/Images/tapetech-EHC10-05.webp | products/Production/Images/tapetech-EHC10-06.webp | products/Production/Images/tapetech-EHC10-07.webp | products/Production/Images/tapetech-EHC10-08.webp | products/Production/Images/tapetech-EHC10-09.webp | products/Production/Images/tapetech-EHC10-10.webp | products/Production/Images/tapetech-EHC10-11.webp | products/Production/Images/tapetech-EHC10-12.webp | products/Production/Images/tapetech-EHC10-13.webp | products/Production/Images/tapetech-EHC10-14.webp | products/Production/Images/tapetech-EHC10-15.webp | products/Production/Images/tapetech-EHC10-16.webp,medium
EHC12,5,EHC12_01.WEBP | EHC12_02.WEBP | EHC12_03.WEBP | EHC12_04.WEBP | EHC12_05.WEBP,0,,16,products/Production/Images/asgard-EHC12-AD-01.webp | products/Production/Images/tapetech-EHC12-01.webp | products/Production/Images/tapetech-EHC12-02.webp | products/Production/Images/tapetech-EHC12-03.webp | products/Production/Images/tapetech-EHC12-04.webp | products/Production/Images/tapetech-EHC12-05.webp | products/Production/Images/tapetech-EHC12-06.webp | products/Production/Images/tapetech-EHC12-07.webp | products/Production/Images/tapetech-EHC12-08.webp | products/Production/Images/tapetech-EHC12-09.webp | products/Production/Images/tapetech-EHC12-10.webp | products/Production/Images/tapetech-EHC12-11.webp | products/Production/Images/tapetech-EHC12-12.webp | products/Production/Images/tapetech-EHC12-13.webp | products/Production/Images/tapetech-EHC12-14.webp | products/Production/Images/tapetech-EHC12-15.webp,medium
EIN10090,1,EIN10090_01.WEBP,0,,1,products/Production/Images/tapetech-EIN10090-01.webp,medium
EIN15090,1,EIN15090_01.WEBP,0,,1,products/Production/Images/tapetech-EIN15090-01.webp,medium
EIN20090,1,EIN20090_01.WEBP,0,,1,products/Production/Images/tapetech-EIN20090-01.webp,medium
EIN5090,1,EIN5090_01.WEBP,0,,2,products/Production/Images/tapetech-EIN5090-01.webp | products/Production/Images/tapetech-EIN5090-02.webp,medium
EIN7590,1,EIN7590_01.WEBP,0,,1,products/Production/Images/tapetech-EIN7590-01.webp,medium
EZ07TT,3,EZ07TT_01.WEBP | EZ07TT_02.WEBP | EZ07TT_03.WEBP,0,,16,products/Production/Images/tapetech-EZ07TT-01.webp | products/Production/Images/tapetech-EZ07TT-02.webp | products/Production/Images/tapetech-EZ07TT-03.webp | products/Production/Images/tapetech-EZ07TT-04.webp | products/Production/Images/tapetech-EZ07TT-05.webp | products/Production/Images/tapetech-EZ07TT-06.webp | products/Production/Images/tapetech-EZ07TT-07.webp | products/Production/Images/tapetech-EZ07TT-08.webp | products/Production/Images/tapetech-EZ07TT-09.webp | products/Production/Images/tapetech-EZ07TT-10.webp | products/Production/Images/tapetech-EZ07TT-11.webp | products/Production/Images/tapetech-EZ07TT-12.webp | products/Production/Images/tapetech-EZ07TT-13.webp | products/Production/Images/tapetech-EZ07TT-14.webp | products/Production/Images/tapetech-EZ07TT-15.webp | products/Production/Images/tapetech-EZ07TT-16.webp,medium
EZ10TT,7,EZ10TT_01.WEBP | EZ10TT_02.WEBP | EZ10TT_03.WEBP | EZ10TT_04.WEBP | EZ10TT_05.WEBP | EZ10TT_06.WEBP | EZ10TT_10.WEBP,0,,15,products/Production/Images/tapetech-EZ10TT-002.webp | products/Production/Images/tapetech-EZ10TT-004.webp | products/Production/Images/tapetech-EZ10TT-008.webp | products/Production/Images/tapetech-EZ10TT-01.webp | products/Production/Images/tapetech-EZ10TT-010.webp | products/Production/Images/tapetech-EZ10TT-012.webp | products/Production/Images/tapetech-EZ10TT-014.webp | products/Production/Images/tapetech-EZ10TT-02.webp | products/Production/Images/tapetech-EZ10TT-03.webp | products/Production/Images/tapetech-EZ10TT-04.webp | products/Production/Images/tapetech-EZ10TT-05.webp | products/Production/Images/tapetech-EZ10TT-06.webp | products/Production/Images/tapetech-EZ10TT-07.webp | products/Production/Images/tapetech-EZ10TT-08.webp | products/Production/Images/tapetech-EZ10TT-09.webp,medium
EZ12TT,6,EZ12TT_01.WEBP | EZ12TT_02.WEBP | EZ12TT_03.WEBP | EZ12TT_04.WEBP | EZ12TT_05.WEBP | EZ12TT_06.WEBP,0,,9,products/Production/Images/tapetech-EZ12TT-003.webp | products/Production/Images/tapetech-EZ12TT-005.webp | products/Production/Images/tapetech-EZ12TT-007.webp | products/Production/Images/tapetech-EZ12TT-01.webp | products/Production/Images/tapetech-EZ12TT-02.webp | products/Production/Images/tapetech-EZ12TT-03.webp | products/Production/Images/tapetech-EZ12TT-04.webp | products/Production/Images/tapetech-EZ12TT-05.webp | products/Production/Images/tapetech-EZ12TT-06.webp,medium
EZ15TT,5,EZ15TT_01.WEBP | EZ15TT_02.WEBP | EZ15TT_03.WEBP | EZ15TT_04.WEBP | EZ15TT_05.WEBP,0,,19,products/Production/Images/tapetech-EZ15TT-01.webp | products/Production/Images/tapetech-EZ15TT-02.webp | products/Production/Images/tapetech-EZ15TT-03.webp | products/Production/Images/tapetech-EZ15TT-04.webp | products/Production/Images/tapetech-EZ15TT-05.webp | products/Production/Images/tapetech-EZ15TT-06.webp | products/Production/Images/tapetech-EZ15TT-07.webp | products/Production/Images/tapetech-EZ15TT-08.webp | products/Production/Images/tapetech-EZ15TT-09.webp | products/Production/Images/tapetech-EZ15TT-10.webp | products/Production/Images/tapetech-EZ15TT-11.webp | products/Production/Images/tapetech-EZ15TT-12.webp | products/Production/Images/tapetech-EZ15TT-13.webp | products/Production/Images/tapetech-EZ15TT-14.webp | products/Production/Images/tapetech-EZ15TT-15.webp | products/Production/Images/tapetech-EZ15TT-16.webp | products/Production/Images/tapetech-EZ15TT-17.webp | products/Production/Images/tapetech-EZ15TT-18.webp | products/Production/Images/tapetech-EZ15TT-340026-01.webp,medium
FHTT,6,FHTT_01.WEBP | FHTT_02.WEBP | FHTT_03.WEBP | FHTT_04.WEBP | FHTT_05.WEBP | FHTT_06.WEBP,0,,24,products/Production/Images/tapetech-CA07-FHTT-01.webp | products/Production/Images/tapetech-CA08-FHTT-002.webp | products/Production/Images/tapetech-CA08-FHTT-004.webp | products/Production/Images/tapetech-CA08-FHTT-01.webp | products/Production/Images/tapetech-FHTT-01.webp | products/Production/Images/tapetech-FHTT-02.webp | products/Production/Images/tapetech-FHTT-04.webp | products/Production/Images/tapetech-FHTT-CAA-TT-01.webp | products/Production/Images/tapetech-FHTT-CC-002.webp | products/Production/Images/tapetech-FHTT-CC-003.webp | products/Production/Images/tapetech-FHTT-CC-004.webp | products/Production/Images/tapetech-FHTT-CC-01.webp | products/Production/Images/tapetech-FHTT-CFA-01.webp | products/Production/Images/tapetech-FHTT-CFA-02.webp | products/Production/Images/tapetech-FHTT-NSA-01.webp | products/Production/Images/tapetech-FHTT-NSA-02.webp | products/Production/Images/tapetech-FHTT-NSA-05.webp | products/Production/Images/tapetech-FHTT-PFKHATT-002.webp | products/Production/Images/tapetech-FHTT-PFKHATT-003.webp | products/Production/Images/tapetech-FHTT-PFKHATT-004.webp | products/Production/Images/tapetech-FHTT-PFKHATT-005.webp | products/Production/Images/tapetech-FHTT-PFKHATT-01.webp | products/Production/Images/tapetech-NS02-FHTT-01.webp | products/Production/Images/tapetech-NS03-FHTT-01.webp,medium
FHTT-CC,4,FHTT-CC_01.WEBP | FHTT-CC_02.WEBP | FHTT-CC_03.WEBP | FHTT-CC_04.WEBP,0,,4,products/Production/Images/tapetech-FHTT-CC-002.webp | products/Production/Images/tapetech-FHTT-CC-003.webp | products/Production/Images/tapetech-FHTT-CC-004.webp | products/Production/Images/tapetech-FHTT-CC-01.webp,medium
HWK001-PS,2,HWK001-PS_01.WEBP | HWK001-PS_02.WEBP,0,,2,products/Production/Images/tapetech-HWK001-PS-01.webp | products/Production/Images/tapetech-HWK001-PS-02.webp,medium
HWK002-BLK,3,HWK002-BLK_01.WEBP | HWK002-BLK_02.WEBP | HWK002-BLK_03.WEBP,0,,3,products/Production/Images/tapetech-HWK002-BLK-01.webp | products/Production/Images/tapetech-HWK002-BLK-02.webp | products/Production/Images/tapetech-HWK002-BLK-03.webp,medium
JK01SSTT,1,JK01SSTT_01.WEBP,0,,1,products/Production/Images/tapetech-JK01SSTT-01.webp,medium
JK02SSTT,1,JK02SSTT_01.WEBP,0,,1,products/Production/Images/tapetech-JK02SSTT-01.webp,medium
JK03SSTT,5,JK03SSTT_01.WEBP | JK03SSTT_02.WEBP | JK03SSTT_03.WEBP | JK03SSTT_04.WEBP | JK03SSTT_05.WEBP,0,,5,products/Production/Images/tapetech-JK03SSTT-002.webp | products/Production/Images/tapetech-JK03SSTT-003.webp | products/Production/Images/tapetech-JK03SSTT-004.webp | products/Production/Images/tapetech-JK03SSTT-005.webp | products/Production/Images/tapetech-JK03SSTT-01.webp,medium
JK04CSTT,1,JK04CSTT_01.WEBP,0,,1,products/Production/Images/tapetech-JK04CSTT-01.webp,medium
JK04SSTT,1,JK04SSTT_01.WEBP,0,,1,products/Production/Images/tapetech-JK04SSTT-01.webp,medium
JK05CSTT,1,JK05CSTT_01.WEBP,0,,1,products/Production/Images/tapetech-JK05CSTT-01.webp,medium
JK05SSTT,1,JK05SSTT_01.WEBP,0,,1,products/Production/Images/tapetech-JK05SSTT-01.webp,medium
JK06CSTT,1,JK06CSTT_01.WEBP,0,,1,products/Production/Images/tapetech-JK06CSTT-01.webp,medium
JK06SSTT,1,JK06SSTT_01.WEBP,0,,1,products/Production/Images/tapetech-JK06SSTT-01.webp,medium
MP14TT,1,MP14TT_01.WEBP,0,,2,products/Production/Images/tapetech-MP14TT-01.webp | products/Production/Images/tapetech-MP14TT-02.webp,medium
MR01TT,2,MR01TT_01.WEBP | MR01TT_02.WEBP,0,,6,products/Production/Images/tapetech-MR01TT-002.webp | products/Production/Images/tapetech-MR01TT-003.webp | products/Production/Images/tapetech-MR01TT-004.webp | products/Production/Images/tapetech-MR01TT-005.webp | products/Production/Images/tapetech-MR01TT-006.webp | products/Production/Images/tapetech-MR01TT-01.webp,medium
MRX01TT,1,MRX01TT_01.WEBP,0,,1,products/Production/Images/tapetech-MRX01TT-01.webp,medium
MWS-ACC,1,MWS-ACC_01.WEBP,0,,1,products/Production/Images/tapetech-MWS-ACC-01.webp,medium
MWS-PK01,3,MWS-PK01_01.WEBP | MWS-PK01_02.WEBP | MWS-PK01_03.WEBP,0,,6,products/Production/Images/tapetech-MWS-PK01-01.webp | products/Production/Images/tapetech-MWS-PK01-02.webp | products/Production/Images/tapetech-MWS-PK01-03.webp | products/Production/Images/tapetech-MWSPK01-001.webp | products/Production/Images/tapetech-MWSPK01-01.webp | products/Production/Images/tapetech-MWSPK01-03.webp,medium
MWS01-LW,3,MWS01-LW_01.WEBP | MWS01-LW_02.WEBP | MWS01-LW_03.WEBP,0,,6,products/Production/Images/tapetech-MWS01-LW-01.webp | products/Production/Images/tapetech-MWS01-LW-02.webp | products/Production/Images/tapetech-MWS01-LW-03.webp | products/Production/Images/tapetech-MWS01LW-001.webp | products/Production/Images/tapetech-MWS01LW-01.webp | products/Production/Images/tapetech-MWS01LW-03.webp,medium
MWS01-TT,11,MWS01-TT_01.WEBP | MWS01-TT_02.WEBP | MWS01-TT_03.WEBP | MWS01-TT_04.WEBP | MWS01-TT_05.WEBP | MWS01-TT_06.WEBP | MWS01-TT_07.WEBP | MWS01-TT_08.WEBP | MWS01-TT_09.WEBP | MWS01-TT_10.WEBP | MWS01-TT_11.WEBP,0,,25,products/Production/Images/tapetech-MWS01-TT-01.webp | products/Production/Images/tapetech-MWS01-TT-02.webp | products/Production/Images/tapetech-MWS01-TT-03.webp | products/Production/Images/tapetech-MWS01-TT-04.webp | products/Production/Images/tapetech-MWS01-TT-05.webp | products/Production/Images/tapetech-MWS01-TT-06.webp | products/Production/Images/tapetech-MWS01-TT-07.webp | products/Production/Images/tapetech-MWS01-TT-08.webp | products/Production/Images/tapetech-MWS01-TT-09.webp | products/Production/Images/tapetech-MWS01-TT-10.webp | products/Production/Images/tapetech-MWS01-TT-11.webp | products/Production/Images/tapetech-MWS01-TT-12.webp | products/Production/Images/tapetech-MWS01-TT-13.webp | products/Production/Images/tapetech-MWS01-TT-14.webp | products/Production/Images/tapetech-MWS01-TT-15.webp | products/Production/Images/tapetech-MWS01-TT-16.webp | products/Production/Images/tapetech-MWS01-TT-17.webp | products/Production/Images/tapetech-MWS01-TT-18.webp | products/Production/Images/tapetech-mobile-wash-station-mws01-tt-media-01.webp | products/Production/Images/tapetech-mobile-wash-station-mws01-tt-media-02.webp | products/Production/Images/tapetech-mobile-wash-station-mws01-tt-media-03.webp | products/Production/Images/tapetech-mobile-wash-station-mws01-tt-media-04.webp | products/Production/Images/tapetech-mobile-wash-station-mws01-tt-media-05.webp | products/Production/Images/tapetech-mobile-wash-station-mws01-tt-media-06.webp | products/Production/Images/tapetech-mobile-wash-station-mws01-tt-media-07.webp,medium
NS02TT,3,NS02TT_01.WEBP | NS02TT_02.WEBP | NS02TT_03.WEBP,0,,5,products/Production/Images/tapetech-NS02TT-01.webp | products/Production/Images/tapetech-NS02TT-02.webp | products/Production/Images/tapetech-NS02TT-03.webp | products/Production/Images/tapetech-NS02TT-04.webp | products/Production/Images/tapetech-NS02TT-05.webp,medium
NS03TT,3,NS03TT_01.WEBP | NS03TT_02.WEBP | NS03TT_03.WEBP,0,,4,products/Production/Images/tapetech-NS03TT-01.webp | products/Production/Images/tapetech-NS03TT-02.webp | products/Production/Images/tapetech-NS03TT-03.webp | products/Production/Images/tapetech-NS03TT-04.webp,medium
NSA-TT,1,NSA-TT_01.WEBP,0,,1,products/Production/Images/tapetech-NSA-TT-01.webp,medium
PAHC07,7,PAHC07_01.WEBP | PAHC07_02.WEBP | PAHC07_03.WEBP | PAHC07_04.WEBP | PAHC07_05.WEBP | PAHC07_06.WEBP | PAHC07_07.WEBP,0,,19,products/Production/Images/tapetech-PAHC07-01.webp | products/Production/Images/tapetech-PAHC07-02.webp | products/Production/Images/tapetech-PAHC07-03.webp | products/Production/Images/tapetech-PAHC07-04.webp | products/Production/Images/tapetech-PAHC07-05.webp | products/Production/Images/tapetech-PAHC07-06.webp | products/Production/Images/tapetech-PAHC07-07.webp | products/Production/Images/tapetech-PAHC07-08.webp | products/Production/Images/tapetech-PAHC07-09.webp | products/Production/Images/tapetech-PAHC07-10.webp | products/Production/Images/tapetech-PAHC07-11.webp | products/Production/Images/tapetech-PAHC07-12.webp | products/Production/Images/tapetech-PAHC07-13.webp | products/Production/Images/tapetech-PAHC07-14.webp | products/Production/Images/tapetech-PAHC07-15.webp | products/Production/Images/tapetech-PAHC07-16.webp | products/Production/Images/tapetech-PAHC07-17.webp | products/Production/Images/tapetech-PAHC07-18.webp | products/Production/Images/tapetech-PAHC07-19.webp,medium
PAHC10,7,PAHC10_01.WEBP | PAHC10_02.WEBP | PAHC10_03.WEBP | PAHC10_04.WEBP | PAHC10_05.WEBP | PAHC10_06.WEBP | PAHC10_07.WEBP,0,,20,products/Production/Images/tapetech-PAHC10-01.webp | products/Production/Images/tapetech-PAHC10-02.webp | products/Production/Images/tapetech-PAHC10-03.webp | products/Production/Images/tapetech-PAHC10-04.webp | products/Production/Images/tapetech-PAHC10-05.webp | products/Production/Images/tapetech-PAHC10-06.webp | products/Production/Images/tapetech-PAHC10-07.webp | products/Production/Images/tapetech-PAHC10-08.webp | products/Production/Images/tapetech-PAHC10-09.webp | products/Production/Images/tapetech-PAHC10-10.webp | products/Production/Images/tapetech-PAHC10-11.webp | products/Production/Images/tapetech-PAHC10-12.webp | products/Production/Images/tapetech-PAHC10-13.webp | products/Production/Images/tapetech-PAHC10-14.webp | products/Production/Images/tapetech-PAHC10-15.webp | products/Production/Images/tapetech-PAHC10-16.webp | products/Production/Images/tapetech-PAHC10-17.webp | products/Production/Images/tapetech-PAHC10-18.webp | products/Production/Images/tapetech-PAHC10-19.webp | products/Production/Images/tapetech-PAHC10-20.webp,medium
PAHC12,7,PAHC12_01.WEBP | PAHC12_02.WEBP | PAHC12_03.WEBP | PAHC12_04.WEBP | PAHC12_05.WEBP | PAHC12_06.WEBP | PAHC12_07.WEBP,0,,16,products/Production/Images/tapetech-PAHC12-01.webp | products/Production/Images/tapetech-PAHC12-02.webp | products/Production/Images/tapetech-PAHC12-03.webp | products/Production/Images/tapetech-PAHC12-04.webp | products/Production/Images/tapetech-PAHC12-05.webp | products/Production/Images/tapetech-PAHC12-06.webp | products/Production/Images/tapetech-PAHC12-07.webp | products/Production/Images/tapetech-PAHC12-08.webp | products/Production/Images/tapetech-PAHC12-09.webp | products/Production/Images/tapetech-PAHC12-10.webp | products/Production/Images/tapetech-PAHC12-11.webp | products/Production/Images/tapetech-PAHC12-12.webp | products/Production/Images/tapetech-PAHC12-13.webp | products/Production/Images/tapetech-PAHC12-14.webp | products/Production/Images/tapetech-PAHC12-15.webp | products/Production/Images/tapetech-PAHC12-16.webp,medium
PFK07TT,1,PFK07TT_01.WEBP,0,,4,products/Production/Images/tapetech-PFK07TT-002.webp | products/Production/Images/tapetech-PFK07TT-003.webp | products/Production/Images/tapetech-PFK07TT-004.webp | products/Production/Images/tapetech-PFK07TT-01.webp,medium
PFK12TT,1,PFK12TT_01.WEBP,0,,1,products/Production/Images/tapetech-PFK12TT-01.webp,medium
PFK14TT,1,PFK14TT_01.WEBP,0,,1,products/Production/Images/tapetech-PFK14TT-01.webp,medium
PFK18TT,1,PFK18TT_01.WEBP,0,,1,products/Production/Images/tapetech-PFK18TT-01.webp,medium
PFK24TT,1,PFK24TT_01.WEBP,0,,1,products/Production/Images/tapetech-PFK24TT-01.webp,medium
PFK32TT,1,PFK32TT_01.WEBP,0,,1,products/Production/Images/tapetech-PFK32TT-01.webp,medium
PFK40TT,1,PFK40TT_01.WEBP,0,,1,products/Production/Images/tapetech-PFK40TT-01.webp,medium
PFK48TT,1,PFK48TT_01.WEBP,0,,1,products/Production/Images/tapetech-PFK48TT-01.webp,medium
PFKHATT,11,PFKHATT_01.WEBP | PFKHATT_02.WEBP | PFKHATT_03.WEBP | PFKHATT_05.WEBP | PFKHATT_06.WEBP | PFKHATT_07.WEBP | PFKHATT_08.WEBP | PFKHATT_09.WEBP | PFKHATT_10.WEBP | PFKHATT_11.WEBP | PFKHATT_12.WEBP,0,,7,products/Production/Images/tapetech-FHTT-PFKHATT-002.webp | products/Production/Images/tapetech-FHTT-PFKHATT-003.webp | products/Production/Images/tapetech-FHTT-PFKHATT-004.webp | products/Production/Images/tapetech-FHTT-PFKHATT-005.webp | products/Production/Images/tapetech-FHTT-PFKHATT-01.webp | products/Production/Images/tapetech-PFKHATT-01.webp | products/Production/Images/tapetech-XHTT-PFKHATT-01.webp,medium
PK35CSTT,4,PK35CSTT_01.WEBP | PK35CSTT_02.WEBP | PK35CSTT_05.WEBP | PK35CSTT_06.WEBP,0,,5,products/Production/Images/tapetech-PK35CSTT-01.webp | products/Production/Images/tapetech-PK35CSTT-02.webp | products/Production/Images/tapetech-PK35CSTT-03.webp | products/Production/Images/tapetech-PK35CSTT-04.webp | products/Production/Images/tapetech-PK35CSTT-05.webp,medium
QB06-QSX,7,QB06-QSX_01.WEBP | QB06-QSX_02.WEBP | QB06-QSX_03.WEBP | QB06-QSX_04.WEBP | QB06-QSX_05.WEBP | QB06-QSX_08.WEBP | QB06-QSX_09.WEBP,0,,18,products/Production/Images/tapetech-QB06-QSX-01.webp | products/Production/Images/tapetech-QB06-QSX-02.webp | products/Production/Images/tapetech-QB06-QSX-03.webp | products/Production/Images/tapetech-QB06-QSX-04.webp | products/Production/Images/tapetech-QB06-QSX-05.webp | products/Production/Images/tapetech-QB06-QSX-06.webp | products/Production/Images/tapetech-QB06-QSX-07.webp | products/Production/Images/tapetech-QB06-QSX-08.webp | products/Production/Images/tapetech-QB06-QSX-09.webp | products/Production/Images/tapetech-QB06-QSX-10.webp | products/Production/Images/tapetech-QB06-QSX-11.webp | products/Production/Images/tapetech-QB06-QSX-12.webp | products/Production/Images/tapetech-QB06-QSX-13.webp | products/Production/Images/tapetech-QB06-QSX-14.webp | products/Production/Images/tapetech-QB06-QSX-15.webp | products/Production/Images/tapetech-QB06-QSX-16.webp | products/Production/Images/tapetech-QB06-QSX-17.webp | products/Production/Images/tapetech-QB06-QSX-18.webp,medium
QB08-QSX,4,QB08-QSX_01.WEBP | QB08-QSX_02.WEBP | QB08-QSX_04.WEBP | QB08-QSX_05.WEBP,0,,13,products/Production/Images/tapetech-QB08-QSX-01.webp | products/Production/Images/tapetech-QB08-QSX-02.webp | products/Production/Images/tapetech-QB08-QSX-03.webp | products/Production/Images/tapetech-QB08-QSX-04.webp | products/Production/Images/tapetech-QB08-QSX-05.webp | products/Production/Images/tapetech-QB08-QSX-06.webp | products/Production/Images/tapetech-QB08-QSX-07.webp | products/Production/Images/tapetech-QB08-QSX-08.webp | products/Production/Images/tapetech-QB08-QSX-09.webp | products/Production/Images/tapetech-QB08-QSX-10.webp | products/Production/Images/tapetech-QB08-QSX-11.webp | products/Production/Images/tapetech-QB08-QSX-12.webp | products/Production/Images/tapetech-QB08-QSX-13.webp,medium
TG110565-PS,1,TG110565-PS_01.WEBP,0,,3,products/Production/Images/tapetech-TG110565-PS-01.webp | products/Production/Images/tapetech-TG110565-PS-02.webp | products/Production/Images/tapetech-TG110565-PSCU-01.webp,medium
TG110565-PSCU,1,TG110565-PSCU_01.WEBP,0,,1,products/Production/Images/tapetech-TG110565-PSCU-01.webp,medium
TG12053-PS,5,TG12053-PS_01.WEBP | TG12053-PS_02.WEBP | TG12053-PS_03.WEBP | TG12053-PS_04.WEBP | TG12053-PS_05.WEBP,0,,11,products/Production/Images/tapetech-TG12053-PS-01.webp | products/Production/Images/tapetech-TG12053-PS-02.webp | products/Production/Images/tapetech-TG12053-PS-03.webp | products/Production/Images/tapetech-TG12053-PS-04.webp | products/Production/Images/tapetech-TG12053-PS-05.webp | products/Production/Images/tapetech-TG12053PS-002.webp | products/Production/Images/tapetech-TG12053PS-003.webp | products/Production/Images/tapetech-TG12053PS-004.webp | products/Production/Images/tapetech-TG12053PS-005.webp | products/Production/Images/tapetech-TG12053PS-006.webp | products/Production/Images/tapetech-TG12053PS-01.webp,medium
TG12054-PS,5,TG12054-PS_01.WEBP | TG12054-PS_02.WEBP | TG12054-PS_03.WEBP | TG12054-PS_04.WEBP | TG12054-PS_05.WEBP,0,,10,products/Production/Images/tapetech-TG12054-PS-01.webp | products/Production/Images/tapetech-TG12054-PS-02.webp | products/Production/Images/tapetech-TG12054-PS-03.webp | products/Production/Images/tapetech-TG12054-PS-04.webp | products/Production/Images/tapetech-TG12054-PS-05.webp | products/Production/Images/tapetech-TG12054PS-002.webp | products/Production/Images/tapetech-TG12054PS-003.webp | products/Production/Images/tapetech-TG12054PS-004.webp | products/Production/Images/tapetech-TG12054PS-005.webp | products/Production/Images/tapetech-TG12054PS-01.webp,medium
TG120565-PS,2,TG120565-PS_01.WEBP | TG120565-PS_02.WEBP,0,,6,products/Production/Images/tapetech-TG120565-PS-01.webp | products/Production/Images/tapetech-TG120565-PS-02.webp | products/Production/Images/tapetech-TG120565-PSCU-01.webp | products/Production/Images/tapetech-TG120565-PSCU-02.webp | products/Production/Images/tapetech-TG120565-PSCU-03.webp | products/Production/Images/tapetech-TG120565-PSCU-04.webp,medium
TG120565-PSCU,4,TG120565-PSCU_01.WEBP | TG120565-PSCU_02.WEBP | TG120565-PSCU_03.WEBP | TG120565-PSCU_04.WEBP,0,,4,products/Production/Images/tapetech-TG120565-PSCU-01.webp | products/Production/Images/tapetech-TG120565-PSCU-02.webp | products/Production/Images/tapetech-TG120565-PSCU-03.webp | products/Production/Images/tapetech-TG120565-PSCU-04.webp,medium
TG14053-PS,5,TG14053-PS_01.WEBP | TG14053-PS_02.WEBP | TG14053-PS_03.WEBP | TG14053-PS_04.WEBP | TG14053-PS_05.WEBP,0,,10,products/Production/Images/tapetech-TG14053-PS-01.webp | products/Production/Images/tapetech-TG14053-PS-02.webp | products/Production/Images/tapetech-TG14053-PS-03.webp | products/Production/Images/tapetech-TG14053-PS-04.webp | products/Production/Images/tapetech-TG14053-PS-05.webp | products/Production/Images/tapetech-TG14053PS-002.webp | products/Production/Images/tapetech-TG14053PS-003.webp | products/Production/Images/tapetech-TG14053PS-004.webp | products/Production/Images/tapetech-TG14053PS-005.webp | products/Production/Images/tapetech-TG14053PS-01.webp,medium
TG14054-PS,5,TG14054-PS_01.WEBP | TG14054-PS_02.WEBP | TG14054-PS_03.WEBP | TG14054-PS_04.WEBP | TG14054-PS_05.WEBP,0,,10,products/Production/Images/tapetech-TG14054-PS-01.webp | products/Production/Images/tapetech-TG14054-PS-02.webp | products/Production/Images/tapetech-TG14054-PS-03.webp | products/Production/Images/tapetech-TG14054-PS-04.webp | products/Production/Images/tapetech-TG14054-PS-05.webp | products/Production/Images/tapetech-TG14054PS-002.webp | products/Production/Images/tapetech-TG14054PS-003.webp | products/Production/Images/tapetech-TG14054PS-004.webp | products/Production/Images/tapetech-TG14054PS-005.webp | products/Production/Images/tapetech-TG14054PS-01.webp,medium
TG140565-PS,2,TG140565-PS_01.WEBP | TG140565-PS_02.WEBP,0,,6,products/Production/Images/tapetech-TG140565-PS-01.webp | products/Production/Images/tapetech-TG140565-PS-02.webp | products/Production/Images/tapetech-TG140565-PSCU-01.webp | products/Production/Images/tapetech-TG140565-PSCU-02.webp | products/Production/Images/tapetech-TG140565-PSCU-03.webp | products/Production/Images/tapetech-TG140565-PSCU-05.webp,medium
TG140565-PSCU,5,TG140565-PSCU_01.WEBP | TG140565-PSCU_02.WEBP | TG140565-PSCU_03.WEBP | TG140565-PSCU_04.WEBP | TG140565-PSCU_05.WEBP,0,,4,products/Production/Images/tapetech-TG140565-PSCU-01.webp | products/Production/Images/tapetech-TG140565-PSCU-02.webp | products/Production/Images/tapetech-TG140565-PSCU-03.webp | products/Production/Images/tapetech-TG140565-PSCU-05.webp,medium
TG16053-PS,5,TG16053-PS_01.WEBP | TG16053-PS_02.WEBP | TG16053-PS_03.WEBP | TG16053-PS_04.WEBP | TG16053-PS_05.WEBP,0,,10,products/Production/Images/tapetech-TG16053-PS-01.webp | products/Production/Images/tapetech-TG16053-PS-02.webp | products/Production/Images/tapetech-TG16053-PS-03.webp | products/Production/Images/tapetech-TG16053-PS-04.webp | products/Production/Images/tapetech-TG16053-PS-05.webp | products/Production/Images/tapetech-TG16053PS-002.webp | products/Production/Images/tapetech-TG16053PS-003.webp | products/Production/Images/tapetech-TG16053PS-004.webp | products/Production/Images/tapetech-TG16053PS-005.webp | products/Production/Images/tapetech-TG16053PS-01.webp,medium
TG16054-PS,5,TG16054-PS_01.WEBP | TG16054-PS_02.WEBP | TG16054-PS_03.WEBP | TG16054-PS_04.WEBP | TG16054-PS_05.WEBP,0,,10,products/Production/Images/tapetech-TG16054-PS-01.webp | products/Production/Images/tapetech-TG16054-PS-02.webp | products/Production/Images/tapetech-TG16054-PS-03.webp | products/Production/Images/tapetech-TG16054-PS-04.webp | products/Production/Images/tapetech-TG16054-PS-05.webp | products/Production/Images/tapetech-TG16054PS-002.webp | products/Production/Images/tapetech-TG16054PS-003.webp | products/Production/Images/tapetech-TG16054PS-004.webp | products/Production/Images/tapetech-TG16054PS-005.webp | products/Production/Images/tapetech-TG16054PS-01.webp,medium
TG160565-PS,2,TG160565-PS_01.WEBP | TG160565-PS_02.WEBP,0,,2,products/Production/Images/tapetech-TG160565-PS-01.webp | products/Production/Images/tapetech-TG160565-PS-02.webp,medium
TG18053-PS,5,TG18053-PS_01.WEBP | TG18053-PS_02.WEBP | TG18053-PS_03.WEBP | TG18053-PS_04.WEBP | TG18053-PS_05.WEBP,0,,10,products/Production/Images/tapetech-TG18053-PS-01.webp | products/Production/Images/tapetech-TG18053-PS-02.webp | products/Production/Images/tapetech-TG18053-PS-03.webp | products/Production/Images/tapetech-TG18053-PS-04.webp | products/Production/Images/tapetech-TG18053-PS-05.webp | products/Production/Images/tapetech-TG18053PS-002.webp | products/Production/Images/tapetech-TG18053PS-003.webp | products/Production/Images/tapetech-TG18053PS-004.webp | products/Production/Images/tapetech-TG18053PS-005.webp | products/Production/Images/tapetech-TG18053PS-01.webp,medium
TG18054-PS,5,TG18054-PS_01.WEBP | TG18054-PS_02.WEBP | TG18054-PS_03.WEBP | TG18054-PS_04.WEBP | TG18054-PS_05.WEBP,0,,10,products/Production/Images/tapetech-TG18054-PS-01.webp | products/Production/Images/tapetech-TG18054-PS-02.webp | products/Production/Images/tapetech-TG18054-PS-03.webp | products/Production/Images/tapetech-TG18054-PS-04.webp | products/Production/Images/tapetech-TG18054-PS-05.webp | products/Production/Images/tapetech-TG18054PS-002.webp | products/Production/Images/tapetech-TG18054PS-003.webp | products/Production/Images/tapetech-TG18054PS-004.webp | products/Production/Images/tapetech-TG18054PS-005.webp | products/Production/Images/tapetech-TG18054PS-01.webp,medium
TG180565-PS,2,TG180565-PS_01.WEBP | TG180565-PS_02.WEBP,0,,2,products/Production/Images/tapetech-TG180565-PS-01.webp | products/Production/Images/tapetech-TG180565-PS-02.webp,medium
TGP120565-PS,2,TGP120565-PS_01.WEBP | TGP120565-PS_02.WEBP,0,,2,products/Production/Images/tapetech-TGP120565-PS-01.webp | products/Production/Images/tapetech-TGP120565-PS-02.webp,medium
TGP140565-PS,2,TGP140565-PS_01.WEBP | TGP140565-PS_02.WEBP,0,,2,products/Production/Images/tapetech-TGP140565-PS-01.webp | products/Production/Images/tapetech-TGP140565-PS-02.webp,medium
TGP160565-PS,2,TGP160565-PS_01.WEBP | TGP160565-PS_02.WEBP,0,,2,products/Production/Images/tapetech-TGP160565-PS-01.webp | products/Production/Images/tapetech-TGP160565-PS-02.webp,medium
TGP180565-PS,2,TGP180565-PS_01.WEBP | TGP180565-PS_02.WEBP,0,,2,products/Production/Images/tapetech-TGP180565-PS-01.webp | products/Production/Images/tapetech-TGP180565-PS-02.webp,medium
TK08BSTT,2,TK08BSTT_01.WEBP | TK08BSTT_02.WEBP,0,,1,products/Production/Images/tapetech-TK08BSTT-01.webp,medium
TK08SSTT,2,TK08SSTT_01.WEBP | TK08SSTT_02.WEBP,0,,1,products/Production/Images/tapetech-TK08SSTT-01.webp,medium
TK10BSTT,2,TK10BSTT_01.WEBP | TK10BSTT_02.WEBP,0,,1,products/Production/Images/tapetech-TK10BSTT-01.webp,medium
TK10SSTT,2,TK10SSTT_01.WEBP | TK10SSTT_02.WEBP,0,,1,products/Production/Images/tapetech-TK10SSTT-01.webp,medium
TK12BSTT,2,TK12BSTT_01.WEBP | TK12BSTT_02.WEBP,0,,1,products/Production/Images/tapetech-TK12BSTT-01.webp,medium
TK12SSTT,2,TK12SSTT_01.WEBP | TK12SSTT_02.WEBP,0,,1,products/Production/Images/tapetech-TK12SSTT-01.webp,medium
TK14BSTT,2,TK14BSTT_01.WEBP | TK14BSTT_02.WEBP,0,,1,products/Production/Images/tapetech-TK14BSTT-01.webp,medium
TK14SSTT,2,TK14SSTT_01.WEBP | TK14SSTT_02.WEBP,0,,1,products/Production/Images/tapetech-TK14SSTT-01.webp,medium
TMK01TT,4,TMK01TT_01.WEBP | TMK01TT_02.WEBP | TMK01TT_03.WEBP | TMK01TT_04.WEBP,0,,6,products/Production/Images/tapetech-TMK01TT-01.webp | products/Production/Images/tapetech-TMK01TT-02.webp | products/Production/Images/tapetech-TMK01TT-03.webp | products/Production/Images/tapetech-TMK01TT-04.webp | products/Production/Images/tapetech-TMK01TT-05.webp | products/Production/Images/tapetech-TMK01TT-06.webp,medium
TTBBS,2,TTBBS_01.WEBP | TTBBS_02.WEBP,0,,1,products/Production/Images/tapetech-TTBBS-01.webp,medium
TTBTS,1,TTBTS_01.WEBP,0,,1,products/Production/Images/tapetech-TTBTS-01.webp,medium
TTCFS,2,TTCFS-M_01.WEBP | TTCFS_01.WEBP,0,,1,products/Production/Images/tapetech-TTCFS-01.webp,medium
TTPPS,7,TTPPS_01.WEBP | TTPPS_02.WEBP | TTPPS_03.WEBP | TTPPS_04.WEBP | TTPPS_05.WEBP | TTPPS_06.WEBP | TTPPS_07.WEBP,0,,2,products/Production/Images/tapetech-TTPPS-01.webp | products/Production/Images/tapetech-TTPPS-EF-01.webp,medium
TTPPS-EF,6,TTPPS-EF_01.WEBP | TTPPS-EF_02.WEBP | TTPPS-EF_03.WEBP | TTPPS-EF_04.WEBP | TTPPS-EF_05.WEBP | TTPPS-EF_06.WEBP,0,,1,products/Production/Images/tapetech-TTPPS-EF-01.webp,medium
TTPSS,5,TTPSS_01.WEBP | TTPSS_02.WEBP | TTPSS_03.WEBP | TTPSS_04.WEBP | TTPSS_05.WEBP,0,,1,products/Production/Images/tapetech-TTPSS-01.webp,medium
TTSFS,1,TTSFS_01.WEBP,0,,3,products/Production/Images/tapetech-TTSFS-01.webp | products/Production/Images/tapetech-TTSFS-2-01.webp | products/Production/Images/tapetech-maxxbox-full-set-ttsfs-maxx-media-01.webp,medium
TTSFS-2,3,TTSFS-2_01.WEBP | TTSFS-2_02.WEBP | TTSFS-2_03.WEBP,0,,1,products/Production/Images/tapetech-TTSFS-2-01.webp,medium
VGAUGE180,1,VGAUGE180_01.WEBP,0,,1,products/Production/Images/tapetech-VGAUGE180-01.webp,medium
VGAUGE200,1,VGAUGE200_01.WEBP,0,,2,products/Production/Images/tapetech-TAPETECHVGAUGE200-01.webp | products/Production/Images/tapetech-VGAUGE200-01.webp,medium
VMARG05,1,VMARG05_01.WEBP,0,,1,products/Production/Images/tapetech-VMARG05-01.webp,medium
VMARG06,1,VMARG06_01.WEBP,0,,1,products/Production/Images/tapetech-VMARG06-01.webp,medium
VMARG08,1,VMARG08_01.WEBP,0,,1,products/Production/Images/tapetech-VMARG08-01.webp,medium
VMARGSET0506,1,VMARGSET0506_01.WEBP,0,,2,products/Production/Images/tapetech-TAPETECHVMARGSET0506-01.webp | products/Production/Images/tapetech-VMARGSET0506-01.webp,medium
VROUND55,1,VROUND55_01.WEBP,0,,1,products/Production/Images/tapetech-VROUND55-01.webp,medium
VTRIAN55,1,VTRIAN55_01.WEBP,0,,1,products/Production/Images/tapetech-VTRIAN55-01.webp,medium
XHTT,7,XHTT_01.WEBP | XHTT_02.WEBP | XHTT_03.WEBP | XHTT_04.WEBP | XHTT_05.WEBP | XHTT_06.WEBP | XHTT_07.WEBP,0,,15,products/Production/Images/tapetech-15TTE-XHTT-01.webp | products/Production/Images/tapetech-CA07-XHTT-01.webp | products/Production/Images/tapetech-CA08TT-XHTT-01.webp | products/Production/Images/tapetech-XHTT-002.webp | products/Production/Images/tapetech-XHTT-003.webp | products/Production/Images/tapetech-XHTT-004.webp | products/Production/Images/tapetech-XHTT-01.webp | products/Production/Images/tapetech-XHTT-CAA-TT-01.webp | products/Production/Images/tapetech-XHTT-CFA-01.webp | products/Production/Images/tapetech-XHTT-CFA-02.webp | products/Production/Images/tapetech-XHTT-NSA-01.webp | products/Production/Images/tapetech-XHTT-NSA-02.webp | products/Production/Images/tapetech-XHTT-NSA-03.webp | products/Production/Images/tapetech-XHTT-NSA-05.webp | products/Production/Images/tapetech-XHTT-PFKHATT-01.webp,medium
mp12tt,3,MP12TT_01.WEBP | MP12TT_05.WEBP | MP12TT_06.WEBP,0,,7,products/Production/Images/tapetech-MP12TT-01.webp | products/Production/Images/tapetech-MP12TT-02.webp | products/Production/Images/tapetech-MP12TT-03.webp | products/Production/Images/tapetech-MP12TT-04.webp | products/Production/Images/tapetech-MP12TT-05.webp | products/Production/Images/tapetech-MP12TT-06.webp | products/Production/Images/tapetech-MP12TT-07.webp,medium
