Brands,Type,SKU,MPN,Name,Published,Is featured?,Visibility in catalog,Short description,Description,Sale price,Date sale price starts,Date sale price ends,Regular price,Tax status,Tax class,In stock?,Stock,Low stock amount,Backorders allowed?,Sold individually?,Weight (lbs),Length (in),Width (in),Height (in),Shipping class,Allow customer reviews?,Purchase note,Categories,Tags,Images,Download limit,Download expiry days,Parent,Grouped products,Upsells,Cross-sells,External URL,Button text,Position,Attribute 1 name,Attribute 1 value(s),Attribute 1 visible,Attribute 1 global,Attribute 1 used for variations,Attribute 2 name,Attribute 2 value(s),Attribute 2 visible,Attribute 2 global,Attribute 2 used for variations,meta:_dtb_seo_title,meta:_dtb_seo_description,ID
Columbia Taping Tools,simple,AHA,AHA,Columbia Anglehead Adaptor (AHA),0,0,visible,Columbia Anglehead Adaptor in Angleheads. Structured temp catalog entry with  options: Anglehead Adaptor.,<p>Columbia Anglehead Adaptor in Angleheads. Structured temp catalog entry with  options: Anglehead Adaptor.</p><p>Source pages: https://www.columbiatools.com/columbia-tools/angleheads/anglehead-adaptor/</p>,,,,,taxable,,1,,,0,0,,,,,,1,,Drywall Finishing Tools > Columbia Taping Tools > Corner & Angle Tools,,,,,,,,,,,1,Brand,Columbia Taping Tools,1,1,0,,,,,,Columbia Anglehead Adaptor (AHA),Columbia Anglehead Adaptor in Angleheads. Structured temp catalog entry with  options: Anglehead Adaptor.,
Columbia Taping Tools,variable,ANGLEHEADS,ANGLEHEADS,Columbia Angleheads,0,0,visible,"Columbia Angleheads in Angleheads. Structured temp catalog entry with size options: 2"", 2.5"", 3"", 3.5"".","<p>Columbia Angleheads in Angleheads. Structured temp catalog entry with size options: 2"", 2.5"", 3"", 3.5"".</p><p>Source pages: https://www.columbiatools.com/columbia-tools/angleheads/2-anglehead/ | https://www.columbiatools.com/columbia-tools/angleheads/2-5-anglehead/ | https://www.columbiatools.com/columbia-tools/angleheads/3-anglehead/ | https://www.columbiatools.com/columbia-tools/angleheads/3-5-anglehead/</p>",,,,,taxable,,1,,,0,0,,,,,,1,,Drywall Finishing Tools > Columbia Taping Tools > Corner & Angle Tools,,,,,,,,,,,2,Brand,Columbia Taping Tools,1,1,0,Size,"2"" | 2.5"" | 3"" | 3.5""",1,1,1,Columbia Angleheads,"Columbia Angleheads in Angleheads. Structured temp catalog entry with size options: 2"", 2.5"", 3"", 3.5"".",
Columbia Taping Tools,variation,2AH,2AH,"Columbia 2"" Anglehead (2AH)",0,0,visible,,,,,,,taxable,,1,,,0,0,,,,,,1,,Drywall Finishing Tools > Columbia Taping Tools > Corner & Angle Tools,,,,,ANGLEHEADS,,,,,,3,Brand,Columbia Taping Tools,1,1,0,Size,"2""",1,1,1,"Columbia 2"" Anglehead (2AH)",Structured temp variation for Columbia Angleheads.,
Columbia Taping Tools,variation,2.5AH,2.5AH,"Columbia 2.5"" Anglehead (2.5AH)",0,0,visible,,,,,,,taxable,,1,,,0,0,,,,,,1,,Drywall Finishing Tools > Columbia Taping Tools > Corner & Angle Tools,,,,,ANGLEHEADS,,,,,,4,Brand,Columbia Taping Tools,1,1,0,Size,"2.5""",1,1,1,"Columbia 2.5"" Anglehead (2.5AH)",Structured temp variation for Columbia Angleheads.,
Columbia Taping Tools,variation,3AH,3AH,"Columbia 3"" Anglehead (3AH)",0,0,visible,,,,,,,taxable,,1,,,0,0,,,,,,1,,Drywall Finishing Tools > Columbia Taping Tools > Corner & Angle Tools,,,,,ANGLEHEADS,,,,,,5,Brand,Columbia Taping Tools,1,1,0,Size,"3""",1,1,1,"Columbia 3"" Anglehead (3AH)",Structured temp variation for Columbia Angleheads.,
Columbia Taping Tools,variation,3.5AH,3.5AH,"Columbia 3.5"" Anglehead (3.5AH)",0,0,visible,,,,,,,taxable,,1,,,0,0,,,,,,1,,Drywall Finishing Tools > Columbia Taping Tools > Corner & Angle Tools,,,,,ANGLEHEADS,,,,,,6,Brand,Columbia Taping Tools,1,1,0,Size,"3.5""",1,1,1,"Columbia 3.5"" Anglehead (3.5AH)",Structured temp variation for Columbia Angleheads.,
Columbia Taping Tools,simple,CEXT90,CEXT90,Columbia External Corner Applicator (CEXT90),0,0,visible,Columbia External Corner Applicator in Applicators. Structured temp catalog entry with  options: External Corner Applicator.,<p>Columbia External Corner Applicator in Applicators. Structured temp catalog entry with  options: External Corner Applicator.</p><p>Source pages: https://www.columbiatools.com/columbia-tools/applicators/external-corner-applicator/</p>,,,,,taxable,,1,,,0,0,,,,,,1,,Drywall Finishing Tools > Columbia Taping Tools > Corner & Angle Tools,,,,,,,,,,,7,Brand,Columbia Taping Tools,1,1,0,,,,,,Columbia External Corner Applicator (CEXT90),Columbia External Corner Applicator in Applicators. Structured temp catalog entry with  options: External Corner Applicator.,
Columbia Taping Tools,simple,CFLT,CFLT,Columbia Flat Applicators (CFLT),0,0,visible,Columbia Flat Applicators in Applicators. Structured temp catalog entry with  options: Flat Applicators.,<p>Columbia Flat Applicators in Applicators. Structured temp catalog entry with  options: Flat Applicators.</p><p>Source pages: https://www.columbiatools.com/columbia-tools/applicators/flat-applicators/</p>,,,,,taxable,,1,,,0,0,,,,,,1,,Drywall Finishing Tools > Columbia Taping Tools > Corner & Angle Tools,,,,,,,,,,,8,Brand,Columbia Taping Tools,1,1,0,,,,,,Columbia Flat Applicators (CFLT),Columbia Flat Applicators in Applicators. Structured temp catalog entry with  options: Flat Applicators.,
Columbia Taping Tools,variable,INSIDE-CORNER-APPLICATOR,INSIDE-CORNER-APPLICATOR,Columbia Inside Corner Applicator,0,0,visible,"Columbia Inside Corner Applicator in Applicators. Structured temp catalog entry with size options: 2"", 4"".","<p>Columbia Inside Corner Applicator in Applicators. Structured temp catalog entry with size options: 2"", 4"".</p><p>Source pages: https://www.columbiatools.com/columbia-tools/applicators/inside-corner-applicator/</p>",,,,,taxable,,1,,,0,0,,,,,,1,,Drywall Finishing Tools > Columbia Taping Tools > Corner & Angle Tools,,,,,,,,,,,9,Brand,Columbia Taping Tools,1,1,0,Size,"2"" | 4""",1,1,1,Columbia Inside Corner Applicator,"Columbia Inside Corner Applicator in Applicators. Structured temp catalog entry with size options: 2"", 4"".",
Columbia Taping Tools,variation,ICA2-1,ICA2-1,"Columbia Inside Corner Applicator 2"" (ICA2-1)",0,0,visible,,,,,,,taxable,,1,,,0,0,,,,,,1,,Drywall Finishing Tools > Columbia Taping Tools > Corner & Angle Tools,,,,,INSIDE-CORNER-APPLICATOR,,,,,,10,Brand,Columbia Taping Tools,1,1,0,Size,"2""",1,1,1,"Columbia Inside Corner Applicator 2"" (ICA2-1)",Structured temp variation for Columbia Inside Corner Applicator.,
Columbia Taping Tools,variation,ICA4-1,ICA4-1,"Columbia Inside Corner Applicator 4"" (ICA4-1)",0,0,visible,,,,,,,taxable,,1,,,0,0,,,,,,1,,Drywall Finishing Tools > Columbia Taping Tools > Corner & Angle Tools,,,,,INSIDE-CORNER-APPLICATOR,,,,,,11,Brand,Columbia Taping Tools,1,1,0,Size,"4""",1,1,1,"Columbia Inside Corner Applicator 4"" (ICA4-1)",Structured temp variation for Columbia Inside Corner Applicator.,
Columbia Taping Tools,simple,ICATW,ICATW,Columbia Two Way Internal Corner Applicator (ICATW),0,0,visible,Columbia Two Way Internal Corner Applicator in Applicators. Structured temp catalog entry with  options: Two Way Internal Corner Applicator.,<p>Columbia Two Way Internal Corner Applicator in Applicators. Structured temp catalog entry with  options: Two Way Internal Corner Applicator.</p><p>Source pages: https://www.columbiatools.com/columbia-tools/applicators/two-way-internal-corner-applicator/</p>,,,,,taxable,,1,,,0,0,,,,,,1,,Drywall Finishing Tools > Columbia Taping Tools > Corner & Angle Tools,,,,,,,,,,,12,Brand,Columbia Taping Tools,1,1,0,,,,,,Columbia Two Way Internal Corner Applicator (ICATW),Columbia Two Way Internal Corner Applicator in Applicators. Structured temp catalog entry with  options: Two Way Internal Corner Applicator.,
Columbia Taping Tools,simple,TAPER,TAPER,Columbia Automatic Taper (TAPER),0,0,visible,Columbia Automatic Taper in Automatic Tapers. Structured temp catalog entry with  options: Automatic Taper.,<p>Columbia Automatic Taper in Automatic Tapers. Structured temp catalog entry with  options: Automatic Taper.</p><p>Source pages: https://www.columbiatools.com/columbia-tools/automatic-tapers/automatic-taper/</p>,,,,,taxable,,1,,,0,0,,,,,,1,,Drywall Finishing Tools > Columbia Taping Tools > Automatic Tapers,,,,,,,,,,,13,Brand,Columbia Taping Tools,1,1,0,,,,,,Columbia Automatic Taper (TAPER),Columbia Automatic Taper in Automatic Tapers. Structured temp catalog entry with  options: Automatic Taper.,
Columbia Taping Tools,simple,PTAPER,PTAPER,Columbia One Predator Taper (PTAPER),0,0,visible,Columbia One Predator Taper in Automatic Tapers. Structured temp catalog entry with  options: Columbia One Predator Taper.,<p>Columbia One Predator Taper in Automatic Tapers. Structured temp catalog entry with  options: Columbia One Predator Taper.</p><p>Source pages: https://www.columbiatools.com/columbia-tools/automatic-tapers/columbia-one-predator-taper/</p>,,,,,taxable,,1,,,0,0,,,,,,1,,Drywall Finishing Tools > Columbia Taping Tools > Automatic Tapers,,,,,,,,,,,14,Brand,Columbia Taping Tools,1,1,0,,,,,,Columbia One Predator Taper (PTAPER),Columbia One Predator Taper in Automatic Tapers. Structured temp catalog entry with  options: Columbia One Predator Taper.,
Columbia Taping Tools,variable,SAWED-OFF-TAPER,SAWED-OFF-TAPER,Columbia Sawed Off Taper,0,0,visible,"Columbia Sawed Off Taper in Automatic Tapers. Structured temp catalog entry with size options: 39"", 53"".","<p>Columbia Sawed Off Taper in Automatic Tapers. Structured temp catalog entry with size options: 39"", 53"".</p><p>Source pages: https://www.columbiatools.com/columbia-tools/automatic-tapers/sawed-off-taper/</p>",,,,,taxable,,1,,,0,0,,,,,,1,,Drywall Finishing Tools > Columbia Taping Tools > Automatic Tapers,,,,,,,,,,,15,Brand,Columbia Taping Tools,1,1,0,Size,"39"" | 53""",1,1,1,Columbia Sawed Off Taper,"Columbia Sawed Off Taper in Automatic Tapers. Structured temp catalog entry with size options: 39"", 53"".",
Columbia Taping Tools,variation,STAPER,STAPER,"Columbia Sawed Off Taper 39"" (STAPER)",0,0,visible,,,,,,,taxable,,1,,,0,0,,,,,,1,,Drywall Finishing Tools > Columbia Taping Tools > Automatic Tapers,,,,,SAWED-OFF-TAPER,,,,,,16,Brand,Columbia Taping Tools,1,1,0,Size,"39""",1,1,1,"Columbia Sawed Off Taper 39"" (STAPER)",Structured temp variation for Columbia Sawed Off Taper.,
Columbia Taping Tools,variation,SPTAPER,SPTAPER,"Columbia Sawed Off Taper 53"" (SPTAPER)",0,0,visible,,,,,,,taxable,,1,,,0,0,,,,,,1,,Drywall Finishing Tools > Columbia Taping Tools > Automatic Tapers,,,,,SAWED-OFF-TAPER,,,,,,17,Brand,Columbia Taping Tools,1,1,0,Size,"53""",1,1,1,"Columbia Sawed Off Taper 53"" (SPTAPER)",Structured temp variation for Columbia Sawed Off Taper.,
Columbia Taping Tools,variable,CAM-LOCK-TUBE,CAM-LOCK-TUBE,Columbia Cam Lock Tube,0,0,visible,"Columbia Cam Lock Tube in Compound Tubes. Structured temp catalog entry with size options: 24"", 32"", 42"", 55"".","<p>Columbia Cam Lock Tube in Compound Tubes. Structured temp catalog entry with size options: 24"", 32"", 42"", 55"".</p><p>Source pages: https://www.columbiatools.com/columbia-tools/compound-tubes/cam-lock-tube/</p>",,,,,taxable,,1,,,0,0,,,,,,1,,Drywall Finishing Tools > Columbia Taping Tools > Pumps & Accessories,,,,,,,,,,,18,Brand,Columbia Taping Tools,1,1,0,Size,"24"" | 32"" | 42"" | 55""",1,1,1,Columbia Cam Lock Tube,"Columbia Cam Lock Tube in Compound Tubes. Structured temp catalog entry with size options: 24"", 32"", 42"", 55"".",
Columbia Taping Tools,variation,CLT24,CLT24,"Columbia Cam Lock Tube 24"" (CLT24)",0,0,visible,,,,,,,taxable,,1,,,0,0,,,,,,1,,Drywall Finishing Tools > Columbia Taping Tools > Pumps & Accessories,,,,,CAM-LOCK-TUBE,,,,,,19,Brand,Columbia Taping Tools,1,1,0,Size,"24""",1,1,1,"Columbia Cam Lock Tube 24"" (CLT24)",Structured temp variation for Columbia Cam Lock Tube.,
Columbia Taping Tools,variation,CLT32,CLT32,"Columbia Cam Lock Tube 32"" (CLT32)",0,0,visible,,,,,,,taxable,,1,,,0,0,,,,,,1,,Drywall Finishing Tools > Columbia Taping Tools > Pumps & Accessories,,,,,CAM-LOCK-TUBE,,,,,,20,Brand,Columbia Taping Tools,1,1,0,Size,"32""",1,1,1,"Columbia Cam Lock Tube 32"" (CLT32)",Structured temp variation for Columbia Cam Lock Tube.,
Columbia Taping Tools,variation,CLT42,CLT42,"Columbia Cam Lock Tube 42"" (CLT42)",0,0,visible,,,,,,,taxable,,1,,,0,0,,,,,,1,,Drywall Finishing Tools > Columbia Taping Tools > Pumps & Accessories,,,,,CAM-LOCK-TUBE,,,,,,21,Brand,Columbia Taping Tools,1,1,0,Size,"42""",1,1,1,"Columbia Cam Lock Tube 42"" (CLT42)",Structured temp variation for Columbia Cam Lock Tube.,
Columbia Taping Tools,variation,CLT55,CLT55,"Columbia Cam Lock Tube 55"" (CLT55)",0,0,visible,,,,,,,taxable,,1,,,0,0,,,,,,1,,Drywall Finishing Tools > Columbia Taping Tools > Pumps & Accessories,,,,,CAM-LOCK-TUBE,,,,,,22,Brand,Columbia Taping Tools,1,1,0,Size,"55""",1,1,1,"Columbia Cam Lock Tube 55"" (CLT55)",Structured temp variation for Columbia Cam Lock Tube.,
Columbia Taping Tools,simple,CLTBF,CLTBF,Columbia Cam Lock Tube Box Filler (CLTBF),0,0,visible,Columbia Cam Lock Tube Box Filler in Compound Tubes. Structured temp catalog entry with  options: Cam Lock Tube Box Filler.,<p>Columbia Cam Lock Tube Box Filler in Compound Tubes. Structured temp catalog entry with  options: Cam Lock Tube Box Filler.</p><p>Source pages: https://www.columbiatools.com/columbia-tools/compound-tubes/cam-lock-tube-box-filler/</p>,,,,,taxable,,1,,,0,0,,,,,,1,,Drywall Finishing Tools > Columbia Taping Tools > Pumps & Accessories,,,,,,,,,,,23,Brand,Columbia Taping Tools,1,1,0,,,,,,Columbia Cam Lock Tube Box Filler (CLTBF),Columbia Cam Lock Tube Box Filler in Compound Tubes. Structured temp catalog entry with  options: Cam Lock Tube Box Filler.,
Columbia Taping Tools,variable,COMPOUND-TUBES,COMPOUND-TUBES,Columbia Compound Tubes,0,0,visible,"Columbia Compound Tubes in Compound Tubes. Structured temp catalog entry with size options: 24"", 32"", 42"", 55"".","<p>Columbia Compound Tubes in Compound Tubes. Structured temp catalog entry with size options: 24"", 32"", 42"", 55"".</p><p>Source pages: https://www.columbiatools.com/columbia-tools/compound-tubes/compound-tubes/</p>",,,,,taxable,,1,,,0,0,,,,,,1,,Drywall Finishing Tools > Columbia Taping Tools > Pumps & Accessories,,,,,,,,,,,24,Brand,Columbia Taping Tools,1,1,0,Size,"24"" | 32"" | 42"" | 55""",1,1,1,Columbia Compound Tubes,"Columbia Compound Tubes in Compound Tubes. Structured temp catalog entry with size options: 24"", 32"", 42"", 55"".",
Columbia Taping Tools,variation,CMT24,CMT24,"Columbia Compound Tubes 24"" (CMT24)",0,0,visible,,,,,,,taxable,,1,,,0,0,,,,,,1,,Drywall Finishing Tools > Columbia Taping Tools > Pumps & Accessories,,,,,COMPOUND-TUBES,,,,,,25,Brand,Columbia Taping Tools,1,1,0,Size,"24""",1,1,1,"Columbia Compound Tubes 24"" (CMT24)",Structured temp variation for Columbia Compound Tubes.,
Columbia Taping Tools,variation,CMT32,CMT32,"Columbia Compound Tubes 32"" (CMT32)",0,0,visible,,,,,,,taxable,,1,,,0,0,,,,,,1,,Drywall Finishing Tools > Columbia Taping Tools > Pumps & Accessories,,,,,COMPOUND-TUBES,,,,,,26,Brand,Columbia Taping Tools,1,1,0,Size,"32""",1,1,1,"Columbia Compound Tubes 32"" (CMT32)",Structured temp variation for Columbia Compound Tubes.,
Columbia Taping Tools,variation,CMT42,CMT42,"Columbia Compound Tubes 42"" (CMT42)",0,0,visible,,,,,,,taxable,,1,,,0,0,,,,,,1,,Drywall Finishing Tools > Columbia Taping Tools > Pumps & Accessories,,,,,COMPOUND-TUBES,,,,,,27,Brand,Columbia Taping Tools,1,1,0,Size,"42""",1,1,1,"Columbia Compound Tubes 42"" (CMT42)",Structured temp variation for Columbia Compound Tubes.,
Columbia Taping Tools,variation,CMT55,CMT55,"Columbia Compound Tubes 55"" (CMT55)",0,0,visible,,,,,,,taxable,,1,,,0,0,,,,,,1,,Drywall Finishing Tools > Columbia Taping Tools > Pumps & Accessories,,,,,COMPOUND-TUBES,,,,,,28,Brand,Columbia Taping Tools,1,1,0,Size,"55""",1,1,1,"Columbia Compound Tubes 55"" (CMT55)",Structured temp variation for Columbia Compound Tubes.,
Columbia Taping Tools,variable,COMBO-FLUSHER,COMBO-FLUSHER,Columbia Combo Flusher,0,0,visible,"Columbia Combo Flusher in Corner Flushers. Structured temp catalog entry with size options: 2.5"", 3"", 3.5"", 3"" Wide Track.","<p>Columbia Combo Flusher in Corner Flushers. Structured temp catalog entry with size options: 2.5"", 3"", 3.5"", 3"" Wide Track.</p><p>Source pages: https://www.columbiatools.com/columbia-tools/corner-flushers/combo-flusher/</p>",,,,,taxable,,1,,,0,0,,,,,,1,,Drywall Finishing Tools > Columbia Taping Tools > Corner & Angle Tools,,,,,,,,,,,29,Brand,Columbia Taping Tools,1,1,0,Size,"2.5"" | 3"" | 3.5"" | 3"" Wide Track",1,1,1,Columbia Combo Flusher,"Columbia Combo Flusher in Corner Flushers. Structured temp catalog entry with size options: 2.5"", 3"", 3.5"", 3"" Wide Track.",
Columbia Taping Tools,variation,2.5CSF,2.5CSF,"Columbia Combo Flusher 2.5"" (2.5CSF)",0,0,visible,,,,,,,taxable,,1,,,0,0,,,,,,1,,Drywall Finishing Tools > Columbia Taping Tools > Corner & Angle Tools,,,,,COMBO-FLUSHER,,,,,,30,Brand,Columbia Taping Tools,1,1,0,Size,"2.5""",1,1,1,"Columbia Combo Flusher 2.5"" (2.5CSF)",Structured temp variation for Columbia Combo Flusher.,
Columbia Taping Tools,variation,3CSF,3CSF,"Columbia Combo Flusher 3"" (3CSF)",0,0,visible,,,,,,,taxable,,1,,,0,0,,,,,,1,,Drywall Finishing Tools > Columbia Taping Tools > Corner & Angle Tools,,,,,COMBO-FLUSHER,,,,,,31,Brand,Columbia Taping Tools,1,1,0,Size,"3""",1,1,1,"Columbia Combo Flusher 3"" (3CSF)",Structured temp variation for Columbia Combo Flusher.,
Columbia Taping Tools,variation,3.5CSF,3.5CSF,"Columbia Combo Flusher 3.5"" (3.5CSF)",0,0,visible,,,,,,,taxable,,1,,,0,0,,,,,,1,,Drywall Finishing Tools > Columbia Taping Tools > Corner & Angle Tools,,,,,COMBO-FLUSHER,,,,,,32,Brand,Columbia Taping Tools,1,1,0,Size,"3.5""",1,1,1,"Columbia Combo Flusher 3.5"" (3.5CSF)",Structured temp variation for Columbia Combo Flusher.,
Columbia Taping Tools,variation,3WTCSF,3WTCSF,"Columbia Combo Flusher 3"" Wide Track (3WTCSF)",0,0,visible,,,,,,,taxable,,1,,,0,0,,,,,,1,,Drywall Finishing Tools > Columbia Taping Tools > Corner & Angle Tools,,,,,COMBO-FLUSHER,,,,,,33,Brand,Columbia Taping Tools,1,1,0,Size,"3"" Wide Track",1,1,1,"Columbia Combo Flusher 3"" Wide Track (3WTCSF)",Structured temp variation for Columbia Combo Flusher.,
Columbia Taping Tools,variable,DIRECT-CORNER-FLUSHER,DIRECT-CORNER-FLUSHER,Columbia Direct Corner Flusher,0,0,visible,"Columbia Direct Corner Flusher in Corner Flushers. Structured temp catalog entry with size options: 2.5"", 3"", 3.5"", 4"", 3"" Wide Track.","<p>Columbia Direct Corner Flusher in Corner Flushers. Structured temp catalog entry with size options: 2.5"", 3"", 3.5"", 4"", 3"" Wide Track.</p><p>Source pages: https://www.columbiatools.com/columbia-tools/corner-flushers/direct-corner-flusher/</p>",,,,,taxable,,1,,,0,0,,,,,,1,,Drywall Finishing Tools > Columbia Taping Tools > Corner & Angle Tools,,,,,,,,,,,34,Brand,Columbia Taping Tools,1,1,0,Size,"2.5"" | 3"" | 3.5"" | 4"" | 3"" Wide Track",1,1,1,Columbia Direct Corner Flusher,"Columbia Direct Corner Flusher in Corner Flushers. Structured temp catalog entry with size options: 2.5"", 3"", 3.5"", 4"", 3"" Wide Track.",
Columbia Taping Tools,variation,2.5DF,2.5DF,"Columbia Direct Corner Flusher 2.5"" (2.5DF)",0,0,visible,,,,,,,taxable,,1,,,0,0,,,,,,1,,Drywall Finishing Tools > Columbia Taping Tools > Corner & Angle Tools,,,,,DIRECT-CORNER-FLUSHER,,,,,,35,Brand,Columbia Taping Tools,1,1,0,Size,"2.5""",1,1,1,"Columbia Direct Corner Flusher 2.5"" (2.5DF)",Structured temp variation for Columbia Direct Corner Flusher.,
Columbia Taping Tools,variation,3DF,3DF,"Columbia Direct Corner Flusher 3"" (3DF)",0,0,visible,,,,,,,taxable,,1,,,0,0,,,,,,1,,Drywall Finishing Tools > Columbia Taping Tools > Corner & Angle Tools,,,,,DIRECT-CORNER-FLUSHER,,,,,,36,Brand,Columbia Taping Tools,1,1,0,Size,"3""",1,1,1,"Columbia Direct Corner Flusher 3"" (3DF)",Structured temp variation for Columbia Direct Corner Flusher.,
Columbia Taping Tools,variation,3.5DF,3.5DF,"Columbia Direct Corner Flusher 3.5"" (3.5DF)",0,0,visible,,,,,,,taxable,,1,,,0,0,,,,,,1,,Drywall Finishing Tools > Columbia Taping Tools > Corner & Angle Tools,,,,,DIRECT-CORNER-FLUSHER,,,,,,37,Brand,Columbia Taping Tools,1,1,0,Size,"3.5""",1,1,1,"Columbia Direct Corner Flusher 3.5"" (3.5DF)",Structured temp variation for Columbia Direct Corner Flusher.,
Columbia Taping Tools,variation,4DF,4DF,"Columbia Direct Corner Flusher 4"" (4DF)",0,0,visible,,,,,,,taxable,,1,,,0,0,,,,,,1,,Drywall Finishing Tools > Columbia Taping Tools > Corner & Angle Tools,,,,,DIRECT-CORNER-FLUSHER,,,,,,38,Brand,Columbia Taping Tools,1,1,0,Size,"4""",1,1,1,"Columbia Direct Corner Flusher 4"" (4DF)",Structured temp variation for Columbia Direct Corner Flusher.,
Columbia Taping Tools,variation,3WTDF,3WTDF,"Columbia Direct Corner Flusher 3"" Wide Track (3WTDF)",0,0,visible,,,,,,,taxable,,1,,,0,0,,,,,,1,,Drywall Finishing Tools > Columbia Taping Tools > Corner & Angle Tools,,,,,DIRECT-CORNER-FLUSHER,,,,,,39,Brand,Columbia Taping Tools,1,1,0,Size,"3"" Wide Track",1,1,1,"Columbia Direct Corner Flusher 3"" Wide Track (3WTDF)",Structured temp variation for Columbia Direct Corner Flusher.,
Columbia Taping Tools,variable,STANDARD-CORNER-FLUSHER,STANDARD-CORNER-FLUSHER,Columbia Standard Corner Flusher,0,0,visible,"Columbia Standard Corner Flusher in Corner Flushers. Structured temp catalog entry with size options: 2.5"", 3"", 3.5"", 4"", 3"" Wide Track.","<p>Columbia Standard Corner Flusher in Corner Flushers. Structured temp catalog entry with size options: 2.5"", 3"", 3.5"", 4"", 3"" Wide Track.</p><p>Source pages: https://www.columbiatools.com/columbia-tools/corner-flushers/standard-corner-flusher/</p>",,,,,taxable,,1,,,0,0,,,,,,1,,Drywall Finishing Tools > Columbia Taping Tools > Corner & Angle Tools,,,,,,,,,,,40,Brand,Columbia Taping Tools,1,1,0,Size,"2.5"" | 3"" | 3.5"" | 4"" | 3"" Wide Track",1,1,1,Columbia Standard Corner Flusher,"Columbia Standard Corner Flusher in Corner Flushers. Structured temp catalog entry with size options: 2.5"", 3"", 3.5"", 4"", 3"" Wide Track.",
Columbia Taping Tools,variation,2.5SF,2.5SF,"Columbia Standard Corner Flusher 2.5"" (2.5SF)",0,0,visible,,,,,,,taxable,,1,,,0,0,,,,,,1,,Drywall Finishing Tools > Columbia Taping Tools > Corner & Angle Tools,,,,,STANDARD-CORNER-FLUSHER,,,,,,41,Brand,Columbia Taping Tools,1,1,0,Size,"2.5""",1,1,1,"Columbia Standard Corner Flusher 2.5"" (2.5SF)",Structured temp variation for Columbia Standard Corner Flusher.,
Columbia Taping Tools,variation,3SF,3SF,"Columbia Standard Corner Flusher 3"" (3SF)",0,0,visible,,,,,,,taxable,,1,,,0,0,,,,,,1,,Drywall Finishing Tools > Columbia Taping Tools > Corner & Angle Tools,,,,,STANDARD-CORNER-FLUSHER,,,,,,42,Brand,Columbia Taping Tools,1,1,0,Size,"3""",1,1,1,"Columbia Standard Corner Flusher 3"" (3SF)",Structured temp variation for Columbia Standard Corner Flusher.,
Columbia Taping Tools,variation,3.5SF,3.5SF,"Columbia Standard Corner Flusher 3.5"" (3.5SF)",0,0,visible,,,,,,,taxable,,1,,,0,0,,,,,,1,,Drywall Finishing Tools > Columbia Taping Tools > Corner & Angle Tools,,,,,STANDARD-CORNER-FLUSHER,,,,,,43,Brand,Columbia Taping Tools,1,1,0,Size,"3.5""",1,1,1,"Columbia Standard Corner Flusher 3.5"" (3.5SF)",Structured temp variation for Columbia Standard Corner Flusher.,
Columbia Taping Tools,variation,4SF,4SF,"Columbia Standard Corner Flusher 4"" (4SF)",0,0,visible,,,,,,,taxable,,1,,,0,0,,,,,,1,,Drywall Finishing Tools > Columbia Taping Tools > Corner & Angle Tools,,,,,STANDARD-CORNER-FLUSHER,,,,,,44,Brand,Columbia Taping Tools,1,1,0,Size,"4""",1,1,1,"Columbia Standard Corner Flusher 4"" (4SF)",Structured temp variation for Columbia Standard Corner Flusher.,
Columbia Taping Tools,variation,3WTSF,3WTSF,"Columbia Standard Corner Flusher 3"" Wide Track (3WTSF)",0,0,visible,,,,,,,taxable,,1,,,0,0,,,,,,1,,Drywall Finishing Tools > Columbia Taping Tools > Corner & Angle Tools,,,,,STANDARD-CORNER-FLUSHER,,,,,,45,Brand,Columbia Taping Tools,1,1,0,Size,"3"" Wide Track",1,1,1,"Columbia Standard Corner Flusher 3"" Wide Track (3WTSF)",Structured temp variation for Columbia Standard Corner Flusher.,
Columbia Taping Tools,simple,CC,CC,Columbia Corner Cobra (CC),0,0,visible,Columbia Corner Cobra in Corner Rollers. Structured temp catalog entry with  options: Corner Cobra.,<p>Columbia Corner Cobra in Corner Rollers. Structured temp catalog entry with  options: Corner Cobra.</p><p>Source pages: https://www.columbiatools.com/columbia-tools/corner-rollers/corner-cobra/</p>,,,,,taxable,,1,,,0,0,,,,,,1,,Drywall Finishing Tools > Columbia Taping Tools > Corner & Angle Tools,,,,,,,,,,,46,Brand,Columbia Taping Tools,1,1,0,,,,,,Columbia Corner Cobra (CC),Columbia Corner Cobra in Corner Rollers. Structured temp catalog entry with  options: Corner Cobra.,
Columbia Taping Tools,simple,CR,CR,Columbia Inside Corner Roller (CR),0,0,visible,Columbia Inside Corner Roller in Corner Rollers. Structured temp catalog entry with  options: Inside Corner Roller.,<p>Columbia Inside Corner Roller in Corner Rollers. Structured temp catalog entry with  options: Inside Corner Roller.</p><p>Source pages: https://www.columbiatools.com/columbia-tools/corner-rollers/inside-corner-roller/</p>,,,,,taxable,,1,,,0,0,,,,,,1,,Drywall Finishing Tools > Columbia Taping Tools > Corner & Angle Tools,,,,,,,,,,,47,Brand,Columbia Taping Tools,1,1,0,,,,,,Columbia Inside Corner Roller (CR),Columbia Inside Corner Roller in Corner Rollers. Structured temp catalog entry with  options: Inside Corner Roller.,
Columbia Taping Tools,variable,OUTSIDE-CORNER-ROLLER,OUTSIDE-CORNER-ROLLER,Columbia Outside Corner Roller,0,0,visible,"Columbia Outside Corner Roller in Corner Rollers. Structured temp catalog entry with profile options: Standard, Bullnose, Wide, European/Micro.","<p>Columbia Outside Corner Roller in Corner Rollers. Structured temp catalog entry with profile options: Standard, Bullnose, Wide, European/Micro.</p><p>Source pages: https://www.columbiatools.com/columbia-tools/corner-rollers/outside-corner-rollers/ | https://www.columbiatools.com/columbia-tools/corner-rollers/bullnose-outside-corner-roller/ | https://www.columbiatools.com/columbia-tools/corner-rollers/wide-outside-corner-roller/ | https://www.columbiatools.com/columbia-tools/corner-rollers/european-micro-outside-corner-roller/</p>",,,,,taxable,,1,,,0,0,,,,,,1,,Drywall Finishing Tools > Columbia Taping Tools > Corner & Angle Tools,,,,,,,,,,,48,Brand,Columbia Taping Tools,1,1,0,Profile,Standard | Bullnose | Wide | European/Micro,1,1,1,Columbia Outside Corner Roller,"Columbia Outside Corner Roller in Corner Rollers. Structured temp catalog entry with profile options: Standard, Bullnose, Wide, European/Micro.",
Columbia Taping Tools,variation,COBCR,COBCR,Columbia Standard Outside Corner Roller (COBCR),0,0,visible,,,,,,,taxable,,1,,,0,0,,,,,,1,,Drywall Finishing Tools > Columbia Taping Tools > Corner & Angle Tools,,,,,OUTSIDE-CORNER-ROLLER,,,,,,49,Brand,Columbia Taping Tools,1,1,0,Profile,Standard,1,1,1,Columbia Standard Outside Corner Roller (COBCR),Structured temp variation for Columbia Outside Corner Roller.,
Columbia Taping Tools,variation,CBNCR,CBNCR,Columbia Bullnose Outside Corner Roller (CBNCR),0,0,visible,,,,,,,taxable,,1,,,0,0,,,,,,1,,Drywall Finishing Tools > Columbia Taping Tools > Corner & Angle Tools,,,,,OUTSIDE-CORNER-ROLLER,,,,,,50,Brand,Columbia Taping Tools,1,1,0,Profile,Bullnose,1,1,1,Columbia Bullnose Outside Corner Roller (CBNCR),Structured temp variation for Columbia Outside Corner Roller.,
Columbia Taping Tools,variation,COBCRW,COBCRW,Columbia Wide Outside Corner Roller (COBCRW),0,0,visible,,,,,,,taxable,,1,,,0,0,,,,,,1,,Drywall Finishing Tools > Columbia Taping Tools > Corner & Angle Tools,,,,,OUTSIDE-CORNER-ROLLER,,,,,,51,Brand,Columbia Taping Tools,1,1,0,Profile,Wide,1,1,1,Columbia Wide Outside Corner Roller (COBCRW),Structured temp variation for Columbia Outside Corner Roller.,
Columbia Taping Tools,variation,COBCRE,COBCRE,Columbia European/Micro Outside Corner Roller (COBCRE),0,0,visible,,,,,,,taxable,,1,,,0,0,,,,,,1,,Drywall Finishing Tools > Columbia Taping Tools > Corner & Angle Tools,,,,,OUTSIDE-CORNER-ROLLER,,,,,,52,Brand,Columbia Taping Tools,1,1,0,Profile,European/Micro,1,1,1,Columbia European/Micro Outside Corner Roller (COBCRE),Structured temp variation for Columbia Outside Corner Roller.,
Columbia Taping Tools,variable,THROTTLE-BOX,THROTTLE-BOX,Columbia Throttle Box,0,0,visible,"Columbia Throttle Box in Corner Tools. Structured temp catalog entry with size options: 7"", 8"".","<p>Columbia Throttle Box in Corner Tools. Structured temp catalog entry with size options: 7"", 8"".</p><p>Source pages: https://www.columbiatools.com/columbia-tools/corner-boxes/7-inch-throttle-box/ | https://www.columbiatools.com/columbia-tools/corner-boxes/8-throttle-box/</p>",,,,,taxable,,1,,,0,0,,,,,,1,,Drywall Finishing Tools > Columbia Taping Tools > Corner & Angle Tools,,,,,,,,,,,53,Brand,Columbia Taping Tools,1,1,0,Size,"7"" | 8""",1,1,1,Columbia Throttle Box,"Columbia Throttle Box in Corner Tools. Structured temp catalog entry with size options: 7"", 8"".",
Columbia Taping Tools,variation,7CFB,7CFB,"Columbia 7"" Throttle Box (7CFB)",0,0,visible,,,,,,,taxable,,1,,,0,0,,,,,,1,,Drywall Finishing Tools > Columbia Taping Tools > Corner & Angle Tools,,,,,THROTTLE-BOX,,,,,,54,Brand,Columbia Taping Tools,1,1,0,Size,"7""",1,1,1,"Columbia 7"" Throttle Box (7CFB)",Structured temp variation for Columbia Throttle Box.,
Columbia Taping Tools,variation,8CFB,8CFB,"Columbia 8"" Throttle Box (8CFB)",0,0,visible,,,,,,,taxable,,1,,,0,0,,,,,,1,,Drywall Finishing Tools > Columbia Taping Tools > Corner & Angle Tools,,,,,THROTTLE-BOX,,,,,,55,Brand,Columbia Taping Tools,1,1,0,Size,"8""",1,1,1,"Columbia 8"" Throttle Box (8CFB)",Structured temp variation for Columbia Throttle Box.,
Columbia Taping Tools,simple,AUTOMATIC-FLAT-BOXES,AUTOMATIC-FLAT-BOXES,Columbia Automatic Flat Boxes,0,0,visible,Columbia Automatic Flat Boxes in Finishing Boxes. Structured temp catalog entry generated from Columbia tools site structure.,<p>Columbia Automatic Flat Boxes in Finishing Boxes. Structured temp catalog entry generated from Columbia tools site structure.</p><p>Source page: https://www.columbiatools.com/columbia-tools/finishing-boxes/automatic-flat-boxes/</p>,,,,,taxable,,1,,,0,0,,,,,,1,,Drywall Finishing Tools > Columbia Taping Tools > Finishing Boxes,,,,,,,,,,,56,Brand,Columbia Taping Tools,1,1,0,,,,,,Columbia Automatic Flat Boxes,Columbia Automatic Flat Boxes in Finishing Boxes. Structured temp catalog entry generated from Columbia tools site structure.,
Columbia Taping Tools,variable,FAT-BOY-BOXES,FAT-BOY-BOXES,Columbia Fat Boy Boxes,0,0,visible,"Columbia Fat Boy Boxes in Finishing Boxes. Structured temp catalog entry with size options: 8"", 10"", 12"".","<p>Columbia Fat Boy Boxes in Finishing Boxes. Structured temp catalog entry with size options: 8"", 10"", 12"".</p><p>Source pages: https://www.columbiatools.com/columbia-tools/finishing-boxes/fat-boy-boxes/</p>",,,,,taxable,,1,,,0,0,,,,,,1,,Drywall Finishing Tools > Columbia Taping Tools > Finishing Boxes,,,,,,,,,,,57,Brand,Columbia Taping Tools,1,1,0,Size,"8"" | 10"" | 12""",1,1,1,Columbia Fat Boy Boxes,"Columbia Fat Boy Boxes in Finishing Boxes. Structured temp catalog entry with size options: 8"", 10"", 12"".",
Columbia Taping Tools,variation,8FBB,8FBB,"Columbia Fat Boy Boxes 8"" (8FBB)",0,0,visible,,,,,,,taxable,,1,,,0,0,,,,,,1,,Drywall Finishing Tools > Columbia Taping Tools > Finishing Boxes,,,,,FAT-BOY-BOXES,,,,,,58,Brand,Columbia Taping Tools,1,1,0,Size,"8""",1,1,1,"Columbia Fat Boy Boxes 8"" (8FBB)",Structured temp variation for Columbia Fat Boy Boxes.,
Columbia Taping Tools,variation,10FBB,10FBB,"Columbia Fat Boy Boxes 10"" (10FBB)",0,0,visible,,,,,,,taxable,,1,,,0,0,,,,,,1,,Drywall Finishing Tools > Columbia Taping Tools > Finishing Boxes,,,,,FAT-BOY-BOXES,,,,,,59,Brand,Columbia Taping Tools,1,1,0,Size,"10""",1,1,1,"Columbia Fat Boy Boxes 10"" (10FBB)",Structured temp variation for Columbia Fat Boy Boxes.,
Columbia Taping Tools,variation,12FBB,12FBB,"Columbia Fat Boy Boxes 12"" (12FBB)",0,0,visible,,,,,,,taxable,,1,,,0,0,,,,,,1,,Drywall Finishing Tools > Columbia Taping Tools > Finishing Boxes,,,,,FAT-BOY-BOXES,,,,,,60,Brand,Columbia Taping Tools,1,1,0,Size,"12""",1,1,1,"Columbia Fat Boy Boxes 12"" (12FBB)",Structured temp variation for Columbia Fat Boy Boxes.,
Columbia Taping Tools,variable,FLAT-BOXES,FLAT-BOXES,Columbia Flat Boxes,0,0,visible,"Columbia Flat Boxes in Finishing Boxes. Structured temp catalog entry with size options: 5.5"", 7"", 8"", 10"", 12"", 14"".","<p>Columbia Flat Boxes in Finishing Boxes. Structured temp catalog entry with size options: 5.5"", 7"", 8"", 10"", 12"", 14"".</p><p>Source pages: https://www.columbiatools.com/columbia-tools/finishing-boxes/flat-boxes/</p>",,,,,taxable,,1,,,0,0,,,,,,1,,Drywall Finishing Tools > Columbia Taping Tools > Finishing Boxes,,,,,,,,,,,61,Brand,Columbia Taping Tools,1,1,0,Size,"5.5"" | 7"" | 8"" | 10"" | 12"" | 14""",1,1,1,Columbia Flat Boxes,"Columbia Flat Boxes in Finishing Boxes. Structured temp catalog entry with size options: 5.5"", 7"", 8"", 10"", 12"", 14"".",
Columbia Taping Tools,variation,5.5FFB,5.5FFB,"Columbia Flat Boxes 5.5"" (5.5FFB)",0,0,visible,,,,,,,taxable,,1,,,0,0,,,,,,1,,Drywall Finishing Tools > Columbia Taping Tools > Finishing Boxes,,,,,FLAT-BOXES,,,,,,62,Brand,Columbia Taping Tools,1,1,0,Size,"5.5""",1,1,1,"Columbia Flat Boxes 5.5"" (5.5FFB)",Structured temp variation for Columbia Flat Boxes.,
Columbia Taping Tools,variation,7FFB,7FFB,"Columbia Flat Boxes 7"" (7FFB)",0,0,visible,,,,,,,taxable,,1,,,0,0,,,,,,1,,Drywall Finishing Tools > Columbia Taping Tools > Finishing Boxes,,,,,FLAT-BOXES,,,,,,63,Brand,Columbia Taping Tools,1,1,0,Size,"7""",1,1,1,"Columbia Flat Boxes 7"" (7FFB)",Structured temp variation for Columbia Flat Boxes.,
Columbia Taping Tools,variation,8FFB,8FFB,"Columbia Flat Boxes 8"" (8FFB)",0,0,visible,,,,,,,taxable,,1,,,0,0,,,,,,1,,Drywall Finishing Tools > Columbia Taping Tools > Finishing Boxes,,,,,FLAT-BOXES,,,,,,64,Brand,Columbia Taping Tools,1,1,0,Size,"8""",1,1,1,"Columbia Flat Boxes 8"" (8FFB)",Structured temp variation for Columbia Flat Boxes.,
Columbia Taping Tools,variation,10FFB,10FFB,"Columbia Flat Boxes 10"" (10FFB)",0,0,visible,,,,,,,taxable,,1,,,0,0,,,,,,1,,Drywall Finishing Tools > Columbia Taping Tools > Finishing Boxes,,,,,FLAT-BOXES,,,,,,65,Brand,Columbia Taping Tools,1,1,0,Size,"10""",1,1,1,"Columbia Flat Boxes 10"" (10FFB)",Structured temp variation for Columbia Flat Boxes.,
Columbia Taping Tools,variation,12FFB,12FFB,"Columbia Flat Boxes 12"" (12FFB)",0,0,visible,,,,,,,taxable,,1,,,0,0,,,,,,1,,Drywall Finishing Tools > Columbia Taping Tools > Finishing Boxes,,,,,FLAT-BOXES,,,,,,66,Brand,Columbia Taping Tools,1,1,0,Size,"12""",1,1,1,"Columbia Flat Boxes 12"" (12FFB)",Structured temp variation for Columbia Flat Boxes.,
Columbia Taping Tools,variation,14FFB,14FFB,"Columbia Flat Boxes 14"" (14FFB)",0,0,visible,,,,,,,taxable,,1,,,0,0,,,,,,1,,Drywall Finishing Tools > Columbia Taping Tools > Finishing Boxes,,,,,FLAT-BOXES,,,,,,67,Brand,Columbia Taping Tools,1,1,0,Size,"14""",1,1,1,"Columbia Flat Boxes 14"" (14FFB)",Structured temp variation for Columbia Flat Boxes.,
Columbia Taping Tools,simple,ITC-K,ITC-K,Columbia Inside Track Conversion Kits (ITC-K),0,0,visible,Columbia Inside Track Conversion Kits in Finishing Boxes. Structured temp catalog entry with  options: Inside Track Conversion Kits.,<p>Columbia Inside Track Conversion Kits in Finishing Boxes. Structured temp catalog entry with  options: Inside Track Conversion Kits.</p><p>Source pages: https://www.columbiatools.com/columbia-tools/finishing-boxes/inside-track-boxes/</p>,,,,,taxable,,1,,,0,0,,,,,,1,,Drywall Finishing Tools > Columbia Taping Tools > Finishing Boxes,,,,,,,,,,,68,Brand,Columbia Taping Tools,1,1,0,,,,,,Columbia Inside Track Conversion Kits (ITC-K),Columbia Inside Track Conversion Kits in Finishing Boxes. Structured temp catalog entry with  options: Inside Track Conversion Kits.,
Columbia Taping Tools,simple,FMH,FMH,Columbia Flat Grooved Mud Heads (FMH),0,0,visible,Columbia Flat Grooved Mud Heads in Grooved Mud Heads. Structured temp catalog entry with  options: Flat Grooved Mud Heads.,<p>Columbia Flat Grooved Mud Heads in Grooved Mud Heads. Structured temp catalog entry with  options: Flat Grooved Mud Heads.</p><p>Source pages: https://www.columbiatools.com/columbia-tools/grooved-mud-heads/flat-grooved-mud-heads/</p>,,,,,taxable,,1,,,0,0,,,,,,1,,Drywall Finishing Tools > Columbia Taping Tools > Corner & Angle Tools,,,,,,,,,,,69,Brand,Columbia Taping Tools,1,1,0,,,,,,Columbia Flat Grooved Mud Heads (FMH),Columbia Flat Grooved Mud Heads in Grooved Mud Heads. Structured temp catalog entry with  options: Flat Grooved Mud Heads.,
Columbia Taping Tools,simple,IA90,IA90,Columbia Inside 90 Grooved Mud Heads (IA90),0,0,visible,Columbia Inside 90 Grooved Mud Heads in Grooved Mud Heads. Structured temp catalog entry with  options: Inside 90 Grooved Mud Heads.,<p>Columbia Inside 90 Grooved Mud Heads in Grooved Mud Heads. Structured temp catalog entry with  options: Inside 90 Grooved Mud Heads.</p><p>Source pages: https://www.columbiatools.com/columbia-tools/grooved-mud-heads/inside-90-grooved-mud-heads/</p>,,,,,taxable,,1,,,0,0,,,,,,1,,Drywall Finishing Tools > Columbia Taping Tools > Corner & Angle Tools,,,,,,,,,,,70,Brand,Columbia Taping Tools,1,1,0,,,,,,Columbia Inside 90 Grooved Mud Heads (IA90),Columbia Inside 90 Grooved Mud Heads in Grooved Mud Heads. Structured temp catalog entry with  options: Inside 90 Grooved Mud Heads.,
Columbia Taping Tools,simple,OUTSIDE-90-GROOVED-MUD-HEADS,OUTSIDE-90-GROOVED-MUD-HEADS,Columbia Outside 90 Grooved Mud Heads,0,0,visible,Columbia Outside 90 Grooved Mud Heads in Grooved Mud Heads. Structured temp catalog entry generated from Columbia tools site structure.,<p>Columbia Outside 90 Grooved Mud Heads in Grooved Mud Heads. Structured temp catalog entry generated from Columbia tools site structure.</p><p>Source page: https://www.columbiatools.com/columbia-tools/grooved-mud-heads/outside-90-grooved-mud-heads/</p>,,,,,taxable,,1,,,0,0,,,,,,1,,Drywall Finishing Tools > Columbia Taping Tools > Corner & Angle Tools,,,,,,,,,,,71,Brand,Columbia Taping Tools,1,1,0,,,,,,Columbia Outside 90 Grooved Mud Heads,Columbia Outside 90 Grooved Mud Heads in Grooved Mud Heads. Structured temp catalog entry generated from Columbia tools site structure.,
Columbia Taping Tools,variable,BUCKET-SCOOPS,BUCKET-SCOOPS,Columbia Bucket Scoops,0,0,visible,"Columbia Bucket Scoops in Hand Tools. Structured temp catalog entry with model options: One Piece Bucket Scoop, Comfort Grip Bucket Scoop, Cork Handle Bucket Scoop.","<p>Columbia Bucket Scoops in Hand Tools. Structured temp catalog entry with model options: One Piece Bucket Scoop, Comfort Grip Bucket Scoop, Cork Handle Bucket Scoop.</p><p>Source pages: https://www.columbiatools.com/columbia-tools/hand-tools/three-way-knives-copy/</p>",,,,,taxable,,1,,,0,0,,,,,,1,,Drywall Finishing Tools > Columbia Taping Tools > Hand Tools,,,,,,,,,,,72,Brand,Columbia Taping Tools,1,1,0,Model,One Piece Bucket Scoop | Comfort Grip Bucket Scoop | Cork Handle Bucket Scoop,1,1,1,Columbia Bucket Scoops,"Columbia Bucket Scoops in Hand Tools. Structured temp catalog entry with model options: One Piece Bucket Scoop, Comfort Grip Bucket Scoop, Cork Handle Bucket Scoop.",
Columbia Taping Tools,variation,OPBS,OPBS,Columbia Bucket Scoops - One Piece Bucket Scoop (OPBS),0,0,visible,,,,,,,taxable,,1,,,0,0,,,,,,1,,Drywall Finishing Tools > Columbia Taping Tools > Hand Tools,,,,,BUCKET-SCOOPS,,,,,,73,Brand,Columbia Taping Tools,1,1,0,Model,One Piece Bucket Scoop,1,1,1,Columbia Bucket Scoops - One Piece Bucket Scoop (OPBS),Structured temp variation for Columbia Bucket Scoops.,
Columbia Taping Tools,variation,CBS2K,CBS2K,Columbia Bucket Scoops - Comfort Grip Bucket Scoop (CBS2K),0,0,visible,,,,,,,taxable,,1,,,0,0,,,,,,1,,Drywall Finishing Tools > Columbia Taping Tools > Hand Tools,,,,,BUCKET-SCOOPS,,,,,,74,Brand,Columbia Taping Tools,1,1,0,Model,Comfort Grip Bucket Scoop,1,1,1,Columbia Bucket Scoops - Comfort Grip Bucket Scoop (CBS2K),Structured temp variation for Columbia Bucket Scoops.,
Columbia Taping Tools,variation,BCNC,BCNC,Columbia Bucket Scoops - Cork Handle Bucket Scoop (BCNC),0,0,visible,,,,,,,taxable,,1,,,0,0,,,,,,1,,Drywall Finishing Tools > Columbia Taping Tools > Hand Tools,,,,,BUCKET-SCOOPS,,,,,,75,Brand,Columbia Taping Tools,1,1,0,Model,Cork Handle Bucket Scoop,1,1,1,Columbia Bucket Scoops - Cork Handle Bucket Scoop (BCNC),Structured temp variation for Columbia Bucket Scoops.,
Columbia Taping Tools,simple,FINISHING-HAWKS,FINISHING-HAWKS,Columbia Finishing Hawks,0,0,visible,Columbia Finishing Hawks in Hand Tools. Structured temp catalog entry generated from Columbia tools site structure.,<p>Columbia Finishing Hawks in Hand Tools. Structured temp catalog entry generated from Columbia tools site structure.</p><p>Source page: https://www.columbiatools.com/columbia-tools/hand-tools/finishing-hawks/</p>,,,,,taxable,,1,,,0,0,,,,,,1,,Drywall Finishing Tools > Columbia Taping Tools > Hand Tools,,,,,,,,,,,76,Brand,Columbia Taping Tools,1,1,0,,,,,,Columbia Finishing Hawks,Columbia Finishing Hawks in Hand Tools. Structured temp catalog entry generated from Columbia tools site structure.,
Columbia Taping Tools,variable,MUD-PANS,MUD-PANS,Columbia Mud Pans,0,0,visible,"Columbia Mud Pans in Hand Tools. Structured temp catalog entry with size options: 12"", 14"", 16"".","<p>Columbia Mud Pans in Hand Tools. Structured temp catalog entry with size options: 12"", 14"", 16"".</p><p>Source pages: https://www.columbiatools.com/columbia-tools/hand-tools/mud-pans/</p>",,,,,taxable,,1,,,0,0,,,,,,1,,Drywall Finishing Tools > Columbia Taping Tools > Hand Tools,,,,,,,,,,,77,Brand,Columbia Taping Tools,1,1,0,Size,"12"" | 14"" | 16""",1,1,1,Columbia Mud Pans,"Columbia Mud Pans in Hand Tools. Structured temp catalog entry with size options: 12"", 14"", 16"".",
Columbia Taping Tools,variation,C12MP-6,C12MP-6,"Columbia Mud Pans 12"" (C12MP-6)",0,0,visible,,,,,,,taxable,,1,,,0,0,,,,,,1,,Drywall Finishing Tools > Columbia Taping Tools > Hand Tools,,,,,MUD-PANS,,,,,,78,Brand,Columbia Taping Tools,1,1,0,Size,"12""",1,1,1,"Columbia Mud Pans 12"" (C12MP-6)",Structured temp variation for Columbia Mud Pans.,
Columbia Taping Tools,variation,C14MP-6,C14MP-6,"Columbia Mud Pans 14"" (C14MP-6)",0,0,visible,,,,,,,taxable,,1,,,0,0,,,,,,1,,Drywall Finishing Tools > Columbia Taping Tools > Hand Tools,,,,,MUD-PANS,,,,,,79,Brand,Columbia Taping Tools,1,1,0,Size,"14""",1,1,1,"Columbia Mud Pans 14"" (C14MP-6)",Structured temp variation for Columbia Mud Pans.,
Columbia Taping Tools,variation,C16MP-6,C16MP-6,"Columbia Mud Pans 16"" (C16MP-6)",0,0,visible,,,,,,,taxable,,1,,,0,0,,,,,,1,,Drywall Finishing Tools > Columbia Taping Tools > Hand Tools,,,,,MUD-PANS,,,,,,80,Brand,Columbia Taping Tools,1,1,0,Size,"16""",1,1,1,"Columbia Mud Pans 16"" (C16MP-6)",Structured temp variation for Columbia Mud Pans.,
Columbia Taping Tools,simple,PUTTY-KNIVES,PUTTY-KNIVES,Columbia Putty Knives,0,0,visible,Columbia Putty Knives in Hand Tools. Structured temp catalog entry generated from Columbia tools site structure.,<p>Columbia Putty Knives in Hand Tools. Structured temp catalog entry generated from Columbia tools site structure.</p><p>Source page: https://www.columbiatools.com/columbia-tools/hand-tools/putty-knives/</p>,,,,,taxable,,1,,,0,0,,,,,,1,,Drywall Finishing Tools > Columbia Taping Tools > Hand Tools,,,,,,,,,,,81,Brand,Columbia Taping Tools,1,1,0,,,,,,Columbia Putty Knives,Columbia Putty Knives in Hand Tools. Structured temp catalog entry generated from Columbia tools site structure.,
Columbia Taping Tools,variable,TAPING-KNIVES,TAPING-KNIVES,Columbia Taping Knives,0,0,visible,"Columbia Taping Knives in Hand Tools. Structured temp catalog entry with size options: 8"", 10"", 12"", 14"".","<p>Columbia Taping Knives in Hand Tools. Structured temp catalog entry with size options: 8"", 10"", 12"", 14"".</p><p>Source pages: https://www.columbiatools.com/columbia-tools/hand-tools/one-piece-putty-knives-copy/</p>",,,,,taxable,,1,,,0,0,,,,,,1,,Drywall Finishing Tools > Columbia Taping Tools > Hand Tools,,,,,,,,,,,82,Brand,Columbia Taping Tools,1,1,0,Size,"8"" | 10"" | 12"" | 14""",1,1,1,Columbia Taping Knives,"Columbia Taping Knives in Hand Tools. Structured temp catalog entry with size options: 8"", 10"", 12"", 14"".",
Columbia Taping Tools,variation,CTK8,CTK8,"Columbia Taping Knives 8"" (CTK8)",0,0,visible,,,,,,,taxable,,1,,,0,0,,,,,,1,,Drywall Finishing Tools > Columbia Taping Tools > Hand Tools,,,,,TAPING-KNIVES,,,,,,83,Brand,Columbia Taping Tools,1,1,0,Size,"8""",1,1,1,"Columbia Taping Knives 8"" (CTK8)",Structured temp variation for Columbia Taping Knives.,
Columbia Taping Tools,variation,CTK10,CTK10,"Columbia Taping Knives 10"" (CTK10)",0,0,visible,,,,,,,taxable,,1,,,0,0,,,,,,1,,Drywall Finishing Tools > Columbia Taping Tools > Hand Tools,,,,,TAPING-KNIVES,,,,,,84,Brand,Columbia Taping Tools,1,1,0,Size,"10""",1,1,1,"Columbia Taping Knives 10"" (CTK10)",Structured temp variation for Columbia Taping Knives.,
Columbia Taping Tools,variation,CTK12,CTK12,"Columbia Taping Knives 12"" (CTK12)",0,0,visible,,,,,,,taxable,,1,,,0,0,,,,,,1,,Drywall Finishing Tools > Columbia Taping Tools > Hand Tools,,,,,TAPING-KNIVES,,,,,,85,Brand,Columbia Taping Tools,1,1,0,Size,"12""",1,1,1,"Columbia Taping Knives 12"" (CTK12)",Structured temp variation for Columbia Taping Knives.,
Columbia Taping Tools,variation,CTK14,CTK14,"Columbia Taping Knives 14"" (CTK14)",0,0,visible,,,,,,,taxable,,1,,,0,0,,,,,,1,,Drywall Finishing Tools > Columbia Taping Tools > Hand Tools,,,,,TAPING-KNIVES,,,,,,86,Brand,Columbia Taping Tools,1,1,0,Size,"14""",1,1,1,"Columbia Taping Knives 14"" (CTK14)",Structured temp variation for Columbia Taping Knives.,
Columbia Taping Tools,variable,TROWELS,TROWELS,Columbia Trowels,0,0,visible,"Columbia Trowels in Hand Tools. Structured temp catalog entry with model options: 12"" GOLD FINISHING TROWEL, 14"" GOLD FINISHING TROWEL, 16"" GOLD FINISHING TROWEL, 18"" GOLD FINISHING TROWEL, 12"" GOLD CURVE TROWEL, 14"" GOLD CURVE TROWEL, 16"" GOLD CURVE TROWEL, 12"" SILVER CURVE TROWEL, 14"" SILVER CURVE TROWEL, 12"" GOLD FINISHING TROWEL .3MM, 14"" GOLD FINISHING TROWEL .3MM.","<p>Columbia Trowels in Hand Tools. Structured temp catalog entry with model options: 12"" GOLD FINISHING TROWEL, 14"" GOLD FINISHING TROWEL, 16"" GOLD FINISHING TROWEL, 18"" GOLD FINISHING TROWEL, 12"" GOLD CURVE TROWEL, 14"" GOLD CURVE TROWEL, 16"" GOLD CURVE TROWEL, 12"" SILVER CURVE TROWEL, 14"" SILVER CURVE TROWEL, 12"" GOLD FINISHING TROWEL .3MM, 14"" GOLD FINISHING TROWEL .3MM.</p><p>Source pages: https://www.columbiatools.com/columbia-tools/hand-tools/columbia-mud-pans-3/</p>",,,,,taxable,,1,,,0,0,,,,,,1,,Drywall Finishing Tools > Columbia Taping Tools > Hand Tools,,,,,,,,,,,87,Brand,Columbia Taping Tools,1,1,0,Model,"12"" GOLD FINISHING TROWEL | 14"" GOLD FINISHING TROWEL | 16"" GOLD FINISHING TROWEL | 18"" GOLD FINISHING TROWEL | 12"" GOLD CURVE TROWEL | 14"" GOLD CURVE TROWEL | 16"" GOLD CURVE TROWEL | 12"" SILVER CURVE TROWEL | 14"" SILVER CURVE TROWEL | 12"" GOLD FINISHING TROWEL .3MM | 14"" GOLD FINISHING TROWEL .3MM",1,1,1,Columbia Trowels,"Columbia Trowels in Hand Tools. Structured temp catalog entry with model options: 12"" GOLD FINISHING TROWEL, 14"" GOLD FINISHING TROWEL, 16"" GOLD FINISHING TROWEL, 18"" GOLD FINISHING TROWEL, 12"" GOLD CURVE TROWEL, 14"" GOLD CURVE TROWEL, 16"" GOLD CURVE TROWEL, 12"" SILVER CURVE TROWEL, 14"" SILVER CURVE TROWEL, 12"" GOLD FINISHING TROWEL .3MM, 14"" GOLD FINISHING TROWEL .3MM.",
Columbia Taping Tools,variation,12-4.7-0.7-G-C,12-4.7-0.7-G-C,"Columbia Trowels - 12"" GOLD FINISHING TROWEL (12-4.7-0.7-G-C)",0,0,visible,,,,,,,taxable,,1,,,0,0,,,,,,1,,Drywall Finishing Tools > Columbia Taping Tools > Hand Tools,,,,,TROWELS,,,,,,88,Brand,Columbia Taping Tools,1,1,0,Model,"12"" GOLD FINISHING TROWEL",1,1,1,"Columbia Trowels - 12"" GOLD FINISHING TROWEL (12-4.7-0.7-G-C)",Structured temp variation for Columbia Trowels.,
Columbia Taping Tools,variation,14-4.7-0.7-G-C,14-4.7-0.7-G-C,"Columbia Trowels - 14"" GOLD FINISHING TROWEL (14-4.7-0.7-G-C)",0,0,visible,,,,,,,taxable,,1,,,0,0,,,,,,1,,Drywall Finishing Tools > Columbia Taping Tools > Hand Tools,,,,,TROWELS,,,,,,89,Brand,Columbia Taping Tools,1,1,0,Model,"14"" GOLD FINISHING TROWEL",1,1,1,"Columbia Trowels - 14"" GOLD FINISHING TROWEL (14-4.7-0.7-G-C)",Structured temp variation for Columbia Trowels.,
Columbia Taping Tools,variation,16-4.7-0.7-G-C,16-4.7-0.7-G-C,"Columbia Trowels - 16"" GOLD FINISHING TROWEL (16-4.7-0.7-G-C)",0,0,visible,,,,,,,taxable,,1,,,0,0,,,,,,1,,Drywall Finishing Tools > Columbia Taping Tools > Hand Tools,,,,,TROWELS,,,,,,90,Brand,Columbia Taping Tools,1,1,0,Model,"16"" GOLD FINISHING TROWEL",1,1,1,"Columbia Trowels - 16"" GOLD FINISHING TROWEL (16-4.7-0.7-G-C)",Structured temp variation for Columbia Trowels.,
Columbia Taping Tools,variation,18-4.7-0.7-G-C,18-4.7-0.7-G-C,"Columbia Trowels - 18"" GOLD FINISHING TROWEL (18-4.7-0.7-G-C)",0,0,visible,,,,,,,taxable,,1,,,0,0,,,,,,1,,Drywall Finishing Tools > Columbia Taping Tools > Hand Tools,,,,,TROWELS,,,,,,91,Brand,Columbia Taping Tools,1,1,0,Model,"18"" GOLD FINISHING TROWEL",1,1,1,"Columbia Trowels - 18"" GOLD FINISHING TROWEL (18-4.7-0.7-G-C)",Structured temp variation for Columbia Trowels.,
Columbia Taping Tools,variation,12-4.7-0.7-G-C-C,12-4.7-0.7-G-C-C,"Columbia Trowels - 12"" GOLD CURVE TROWEL (12-4.7-0.7-G-C-C)",0,0,visible,,,,,,,taxable,,1,,,0,0,,,,,,1,,Drywall Finishing Tools > Columbia Taping Tools > Hand Tools,,,,,TROWELS,,,,,,92,Brand,Columbia Taping Tools,1,1,0,Model,"12"" GOLD CURVE TROWEL",1,1,1,"Columbia Trowels - 12"" GOLD CURVE TROWEL (12-4.7-0.7-G-C-C)",Structured temp variation for Columbia Trowels.,
Columbia Taping Tools,variation,14-4.7-0.7-G-C-C,14-4.7-0.7-G-C-C,"Columbia Trowels - 14"" GOLD CURVE TROWEL (14-4.7-0.7-G-C-C)",0,0,visible,,,,,,,taxable,,1,,,0,0,,,,,,1,,Drywall Finishing Tools > Columbia Taping Tools > Hand Tools,,,,,TROWELS,,,,,,93,Brand,Columbia Taping Tools,1,1,0,Model,"14"" GOLD CURVE TROWEL",1,1,1,"Columbia Trowels - 14"" GOLD CURVE TROWEL (14-4.7-0.7-G-C-C)",Structured temp variation for Columbia Trowels.,
Columbia Taping Tools,variation,16-4.7-0.7-G-C-C,16-4.7-0.7-G-C-C,"Columbia Trowels - 16"" GOLD CURVE TROWEL (16-4.7-0.7-G-C-C)",0,0,visible,,,,,,,taxable,,1,,,0,0,,,,,,1,,Drywall Finishing Tools > Columbia Taping Tools > Hand Tools,,,,,TROWELS,,,,,,94,Brand,Columbia Taping Tools,1,1,0,Model,"16"" GOLD CURVE TROWEL",1,1,1,"Columbia Trowels - 16"" GOLD CURVE TROWEL (16-4.7-0.7-G-C-C)",Structured temp variation for Columbia Trowels.,
Columbia Taping Tools,variation,12-4.7-0.4-S-C-C,12-4.7-0.4-S-C-C,"Columbia Trowels - 12"" SILVER CURVE TROWEL (12-4.7-0.4-S-C-C)",0,0,visible,,,,,,,taxable,,1,,,0,0,,,,,,1,,Drywall Finishing Tools > Columbia Taping Tools > Hand Tools,,,,,TROWELS,,,,,,95,Brand,Columbia Taping Tools,1,1,0,Model,"12"" SILVER CURVE TROWEL",1,1,1,"Columbia Trowels - 12"" SILVER CURVE TROWEL (12-4.7-0.4-S-C-C)",Structured temp variation for Columbia Trowels.,
Columbia Taping Tools,variation,14-4.7-0.4-S-C-C,14-4.7-0.4-S-C-C,"Columbia Trowels - 14"" SILVER CURVE TROWEL (14-4.7-0.4-S-C-C)",0,0,visible,,,,,,,taxable,,1,,,0,0,,,,,,1,,Drywall Finishing Tools > Columbia Taping Tools > Hand Tools,,,,,TROWELS,,,,,,96,Brand,Columbia Taping Tools,1,1,0,Model,"14"" SILVER CURVE TROWEL",1,1,1,"Columbia Trowels - 14"" SILVER CURVE TROWEL (14-4.7-0.4-S-C-C)",Structured temp variation for Columbia Trowels.,
Columbia Taping Tools,variation,12-4.3-0.3-G-C,12-4.3-0.3-G-C,"Columbia Trowels - 12"" GOLD FINISHING TROWEL .3MM (12-4.3-0.3-G-C)",0,0,visible,,,,,,,taxable,,1,,,0,0,,,,,,1,,Drywall Finishing Tools > Columbia Taping Tools > Hand Tools,,,,,TROWELS,,,,,,97,Brand,Columbia Taping Tools,1,1,0,Model,"12"" GOLD FINISHING TROWEL .3MM",1,1,1,"Columbia Trowels - 12"" GOLD FINISHING TROWEL .3MM (12-4.3-0.3-G-C)",Structured temp variation for Columbia Trowels.,
Columbia Taping Tools,variation,14-4.3-0.3-G-C,14-4.3-0.3-G-C,"Columbia Trowels - 14"" GOLD FINISHING TROWEL .3MM (14-4.3-0.3-G-C)",0,0,visible,,,,,,,taxable,,1,,,0,0,,,,,,1,,Drywall Finishing Tools > Columbia Taping Tools > Hand Tools,,,,,TROWELS,,,,,,98,Brand,Columbia Taping Tools,1,1,0,Model,"14"" GOLD FINISHING TROWEL .3MM",1,1,1,"Columbia Trowels - 14"" GOLD FINISHING TROWEL .3MM (14-4.3-0.3-G-C)",Structured temp variation for Columbia Trowels.,
Columbia Taping Tools,simple,CLOSET-MONSTER-FLAT-BOX-HANDLE,CLOSET-MONSTER-FLAT-BOX-HANDLE,Columbia Closet Monster Flat Box Handle,0,0,visible,Columbia Closet Monster Flat Box Handle in Handles. Structured temp catalog entry generated from Columbia tools site structure.,<p>Columbia Closet Monster Flat Box Handle in Handles. Structured temp catalog entry generated from Columbia tools site structure.</p><p>Source page: https://www.columbiatools.com/columbia-tools/handles/closet-monster-flat-box-handle/</p>,,,,,taxable,,1,,,0,0,,,,,,1,,Drywall Finishing Tools > Columbia Taping Tools > Handles & Extensions,,,,,,,,,,,99,Brand,Columbia Taping Tools,1,1,0,,,,,,Columbia Closet Monster Flat Box Handle,Columbia Closet Monster Flat Box Handle in Handles. Structured temp catalog entry generated from Columbia tools site structure.,
Columbia Taping Tools,variable,ONE,ONE,Columbia One,0,0,visible,"Columbia One in Handles. Structured temp catalog entry with size options: 1"", 1"", 1"".","<p>Columbia One in Handles. Structured temp catalog entry with size options: 1"", 1"", 1"".</p><p>Source pages: https://www.columbiatools.com/columbia-tools/handles/columbia-one/</p>",,,,,taxable,,1,,,0,0,,,,,,1,,Drywall Finishing Tools > Columbia Taping Tools > Handles & Extensions,,,,,,,,,,,100,Brand,Columbia Taping Tools,1,1,0,Size,"1"" | 1"" | 1""",1,1,1,Columbia One,"Columbia One in Handles. Structured temp catalog entry with size options: 1"", 1"", 1"".",
Columbia Taping Tools,variation,C1H,C1H,"Columbia One 1"" (C1H)",0,0,visible,,,,,,,taxable,,1,,,0,0,,,,,,1,,Drywall Finishing Tools > Columbia Taping Tools > Handles & Extensions,,,,,ONE,,,,,,101,Brand,Columbia Taping Tools,1,1,0,Size,"1""",1,1,1,"Columbia One 1"" (C1H)",Structured temp variation for Columbia One.,
Columbia Taping Tools,variation,C1HEXT,C1HEXT,"Columbia One 1"" (C1HEXT)",0,0,visible,,,,,,,taxable,,1,,,0,0,,,,,,1,,Drywall Finishing Tools > Columbia Taping Tools > Handles & Extensions,,,,,ONE,,,,,,102,Brand,Columbia Taping Tools,1,1,0,Size,"1""",1,1,1,"Columbia One 1"" (C1HEXT)",Structured temp variation for Columbia One.,
Columbia Taping Tools,variation,C1HS,C1HS,"Columbia One 1"" (C1HS)",0,0,visible,,,,,,,taxable,,1,,,0,0,,,,,,1,,Drywall Finishing Tools > Columbia Taping Tools > Handles & Extensions,,,,,ONE,,,,,,103,Brand,Columbia Taping Tools,1,1,0,Size,"1""",1,1,1,"Columbia One 1"" (C1HS)",Structured temp variation for Columbia One.,
Columbia Taping Tools,simple,FLAT-BOX-HANDLE,FLAT-BOX-HANDLE,Columbia Flat Box Handle,0,0,visible,Columbia Flat Box Handle in Handles. Structured temp catalog entry generated from Columbia tools site structure.,<p>Columbia Flat Box Handle in Handles. Structured temp catalog entry generated from Columbia tools site structure.</p><p>Source page: https://www.columbiatools.com/columbia-tools/handles/flat-box-handle/</p>,,,,,taxable,,1,,,0,0,,,,,,1,,Drywall Finishing Tools > Columbia Taping Tools > Handles & Extensions,,,,,,,,,,,104,Brand,Columbia Taping Tools,1,1,0,,,,,,Columbia Flat Box Handle,Columbia Flat Box Handle in Handles. Structured temp catalog entry generated from Columbia tools site structure.,
Columbia Taping Tools,simple,CHXL,CHXL,Columbia Long Extendible Handle (CHXL),0,0,visible,Columbia Long Extendible Handle in Handles. Structured temp catalog entry with  options: Long Extendible Handle.,<p>Columbia Long Extendible Handle in Handles. Structured temp catalog entry with  options: Long Extendible Handle.</p><p>Source pages: https://www.columbiatools.com/columbia-tools/handles/long-extendible-handle/</p>,,,,,taxable,,1,,,0,0,,,,,,1,,Drywall Finishing Tools > Columbia Taping Tools > Handles & Extensions,,,,,,,,,,,105,Brand,Columbia Taping Tools,1,1,0,,,,,,Columbia Long Extendible Handle (CHXL),Columbia Long Extendible Handle in Handles. Structured temp catalog entry with  options: Long Extendible Handle.,
Columbia Taping Tools,variable,THE-MATRIX-BOX-HANDLES,THE-MATRIX-BOX-HANDLES,Columbia The Matrix Box Handles,0,0,visible,"Columbia The Matrix Box Handles in Handles. Structured temp catalog entry with size options: 29"", 39"", 40"".","<p>Columbia The Matrix Box Handles in Handles. Structured temp catalog entry with size options: 29"", 39"", 40"".</p><p>Source pages: https://www.columbiatools.com/columbia-tools/handles/the-matrix-box-handles/</p>",,,,,taxable,,1,,,0,0,,,,,,1,,Drywall Finishing Tools > Columbia Taping Tools > Handles & Extensions,,,,,,,,,,,106,Brand,Columbia Taping Tools,1,1,0,Size,"29"" | 39"" | 40""",1,1,1,Columbia The Matrix Box Handles,"Columbia The Matrix Box Handles in Handles. Structured temp catalog entry with size options: 29"", 39"", 40"".",
Columbia Taping Tools,variation,MHS,MHS,"Columbia The Matrix Box Handles 29"" (MHS)",0,0,visible,,,,,,,taxable,,1,,,0,0,,,,,,1,,Drywall Finishing Tools > Columbia Taping Tools > Handles & Extensions,,,,,THE-MATRIX-BOX-HANDLES,,,,,,107,Brand,Columbia Taping Tools,1,1,0,Size,"29""",1,1,1,"Columbia The Matrix Box Handles 29"" (MHS)",Structured temp variation for Columbia The Matrix Box Handles.,
Columbia Taping Tools,variation,MH,MH,"Columbia The Matrix Box Handles 39"" (MH)",0,0,visible,,,,,,,taxable,,1,,,0,0,,,,,,1,,Drywall Finishing Tools > Columbia Taping Tools > Handles & Extensions,,,,,THE-MATRIX-BOX-HANDLES,,,,,,108,Brand,Columbia Taping Tools,1,1,0,Size,"39""",1,1,1,"Columbia The Matrix Box Handles 39"" (MH)",Structured temp variation for Columbia The Matrix Box Handles.,
Columbia Taping Tools,variation,MHL,MHL,"Columbia The Matrix Box Handles 40"" (MHL)",0,0,visible,,,,,,,taxable,,1,,,0,0,,,,,,1,,Drywall Finishing Tools > Columbia Taping Tools > Handles & Extensions,,,,,THE-MATRIX-BOX-HANDLES,,,,,,109,Brand,Columbia Taping Tools,1,1,0,Size,"40""",1,1,1,"Columbia The Matrix Box Handles 40"" (MHL)",Structured temp variation for Columbia The Matrix Box Handles.,
Columbia Taping Tools,simple,TL3-8,TL3-8,Columbia Twist Lock Handle (TL3-8),0,0,visible,Columbia Twist Lock Handle in Handles. Structured temp catalog entry with  options: Twist Lock Handle.,<p>Columbia Twist Lock Handle in Handles. Structured temp catalog entry with  options: Twist Lock Handle.</p><p>Source pages: https://www.columbiatools.com/columbia-tools/handles/twist-lock-handle/</p>,,,,,taxable,,1,,,0,0,,,,,,1,,Drywall Finishing Tools > Columbia Taping Tools > Handles & Extensions,,,,,,,,,,,110,Brand,Columbia Taping Tools,1,1,0,,,,,,Columbia Twist Lock Handle (TL3-8),Columbia Twist Lock Handle in Handles. Structured temp catalog entry with  options: Twist Lock Handle.,
Columbia Taping Tools,variable,NAILSPOTTERS,NAILSPOTTERS,Columbia Nailspotters,0,0,visible,"Columbia Nailspotters in Nailspotters. Structured temp catalog entry with size options: 2"", 3"".","<p>Columbia Nailspotters in Nailspotters. Structured temp catalog entry with size options: 2"", 3"".</p><p>Source pages: https://www.columbiatools.com/columbia-tools/nailspotters/2-nailspotter/ | https://www.columbiatools.com/columbia-tools/nailspotters/3-nailspotter/</p>",,,,,taxable,,1,,,0,0,,,,,,1,,Drywall Finishing Tools > Columbia Taping Tools > Spotters,,,,,,,,,,,118,Brand,Columbia Taping Tools,1,1,0,Size,"2"" | 3""",1,1,1,Columbia Nailspotters,"Columbia Nailspotters in Nailspotters. Structured temp catalog entry with size options: 2"", 3"".",
Columbia Taping Tools,variation,2NS,2NS,"Columbia 2"" Nailspotter (2NS)",0,0,visible,,,,,,,taxable,,1,,,0,0,,,,,,1,,Drywall Finishing Tools > Columbia Taping Tools > Spotters,,,,,NAILSPOTTERS,,,,,,119,Brand,Columbia Taping Tools,1,1,0,Size,"2""",1,1,1,"Columbia 2"" Nailspotter (2NS)",Structured temp variation for Columbia Nailspotters.,
Columbia Taping Tools,variation,3NS,3NS,"Columbia 3"" Nailspotter (3NS)",0,0,visible,,,,,,,taxable,,1,,,0,0,,,,,,1,,Drywall Finishing Tools > Columbia Taping Tools > Spotters,,,,,NAILSPOTTERS,,,,,,120,Brand,Columbia Taping Tools,1,1,0,Size,"3""",1,1,1,"Columbia 3"" Nailspotter (3NS)",Structured temp variation for Columbia Nailspotters.,
Columbia Taping Tools,variable,BOX-FILLER,BOX-FILLER,Columbia Box Filler,0,0,visible,"Columbia Box Filler in Pumps. Structured temp catalog entry with model options: BF, TBBF.","<p>Columbia Box Filler in Pumps. Structured temp catalog entry with model options: BF, TBBF.</p><p>Source pages: https://www.columbiatools.com/columbia-tools/pumps/box-filler/</p>",,,,,taxable,,1,,,0,0,,,,,,1,,Drywall Finishing Tools > Columbia Taping Tools > Pumps & Accessories,,,,,,,,,,,121,Brand,Columbia Taping Tools,1,1,0,Model,BF | TBBF,1,1,1,Columbia Box Filler,"Columbia Box Filler in Pumps. Structured temp catalog entry with model options: BF, TBBF.",
Columbia Taping Tools,variation,BF,BF,Columbia Box Filler BF (BF),0,0,visible,,,,,,,taxable,,1,,,0,0,,,,,,1,,Drywall Finishing Tools > Columbia Taping Tools > Pumps & Accessories,,,,,BOX-FILLER,,,,,,122,Brand,Columbia Taping Tools,1,1,0,Model,BF,1,1,1,Columbia Box Filler BF (BF),Structured temp variation for Columbia Box Filler.,
Columbia Taping Tools,variation,TBBF,TBBF,Columbia Box Filler TBBF (TBBF),0,0,visible,,,,,,,taxable,,1,,,0,0,,,,,,1,,Drywall Finishing Tools > Columbia Taping Tools > Pumps & Accessories,,,,,BOX-FILLER,,,,,,123,Brand,Columbia Taping Tools,1,1,0,Model,TBBF,1,1,1,Columbia Box Filler TBBF (TBBF),Structured temp variation for Columbia Box Filler.,
Columbia Taping Tools,variable,X-GRACO-POWERFILL-3-5,X-GRACO-POWERFILL-3-5,Columbia X Graco PowerFill 3.5,0,0,visible,"Columbia X Graco PowerFill 3.5 in Pumps. Structured temp catalog entry with model options: Columbia PowerFill Pump (comes with box filler), Columbia PowerFill Gooseneck (sold seperately).","<p>Columbia X Graco PowerFill 3.5 in Pumps. Structured temp catalog entry with model options: Columbia PowerFill Pump (comes with box filler), Columbia PowerFill Gooseneck (sold seperately).</p><p>Source pages: https://www.columbiatools.com/columbia-tools/pumps/columbiapowerfill/</p>",,,,,taxable,,1,,,0,0,,,,,,1,,Drywall Finishing Tools > Columbia Taping Tools > Pumps & Accessories,,,,,,,,,,,124,Brand,Columbia Taping Tools,1,1,0,Model,Columbia PowerFill Pump (comes with box filler) | Columbia PowerFill Gooseneck (sold seperately),1,1,1,Columbia X Graco PowerFill 3.5,"Columbia X Graco PowerFill 3.5 in Pumps. Structured temp catalog entry with model options: Columbia PowerFill Pump (comes with box filler), Columbia PowerFill Gooseneck (sold seperately).",
Columbia Taping Tools,variation,CPFP,CPFP,Columbia X Graco PowerFill 3.5 Columbia PowerFill Pump (comes with box filler) (CPFP),0,0,visible,,,,,,,taxable,,1,,,0,0,,,,,,1,,Drywall Finishing Tools > Columbia Taping Tools > Pumps & Accessories,,,,,X-GRACO-POWERFILL-3-5,,,,,,125,Brand,Columbia Taping Tools,1,1,0,Model,Columbia PowerFill Pump (comes with box filler),1,1,1,Columbia X Graco PowerFill 3.5 Columbia PowerFill Pump (comes with box filler) (CPFP),Structured temp variation for Columbia X Graco PowerFill 3.5.,
Columbia Taping Tools,variation,CPFGN,CPFGN,Columbia X Graco PowerFill 3.5 Columbia PowerFill Gooseneck (sold seperately) (CPFGN),0,0,visible,,,,,,,taxable,,1,,,0,0,,,,,,1,,Drywall Finishing Tools > Columbia Taping Tools > Pumps & Accessories,,,,,X-GRACO-POWERFILL-3-5,,,,,,126,Brand,Columbia Taping Tools,1,1,0,Model,Columbia PowerFill Gooseneck (sold seperately),1,1,1,Columbia X Graco PowerFill 3.5 Columbia PowerFill Gooseneck (sold seperately) (CPFGN),Structured temp variation for Columbia X Graco PowerFill 3.5.,
Columbia Taping Tools,variable,GOOSENECK,GOOSENECK,Columbia Gooseneck,0,0,visible,"Columbia Gooseneck in Pumps. Structured temp catalog entry with model options: GN, TBGN.","<p>Columbia Gooseneck in Pumps. Structured temp catalog entry with model options: GN, TBGN.</p><p>Source pages: https://www.columbiatools.com/columbia-tools/pumps/gooseneck/</p>",,,,,taxable,,1,,,0,0,,,,,,1,,Drywall Finishing Tools > Columbia Taping Tools > Pumps & Accessories,,,,,,,,,,,127,Brand,Columbia Taping Tools,1,1,0,Model,GN | TBGN,1,1,1,Columbia Gooseneck,"Columbia Gooseneck in Pumps. Structured temp catalog entry with model options: GN, TBGN.",
Columbia Taping Tools,variation,GN,GN,Columbia Gooseneck GN (GN),0,0,visible,,,,,,,taxable,,1,,,0,0,,,,,,1,,Drywall Finishing Tools > Columbia Taping Tools > Pumps & Accessories,,,,,GOOSENECK,,,,,,128,Brand,Columbia Taping Tools,1,1,0,Model,GN,1,1,1,Columbia Gooseneck GN (GN),Structured temp variation for Columbia Gooseneck.,
Columbia Taping Tools,variation,TBGN,TBGN,Columbia Gooseneck TBGN (TBGN),0,0,visible,,,,,,,taxable,,1,,,0,0,,,,,,1,,Drywall Finishing Tools > Columbia Taping Tools > Pumps & Accessories,,,,,GOOSENECK,,,,,,129,Brand,Columbia Taping Tools,1,1,0,Model,TBGN,1,1,1,Columbia Gooseneck TBGN (TBGN),Structured temp variation for Columbia Gooseneck.,
Columbia Taping Tools,simple,HMP,HMP,Columbia Mud Pump (HMP),0,0,visible,Columbia Mud Pump in Pumps. Structured temp catalog entry with  options: Mud Pump.,<p>Columbia Mud Pump in Pumps. Structured temp catalog entry with  options: Mud Pump.</p><p>Source pages: https://www.columbiatools.com/columbia-tools/pumps/mud-pump/</p>,,,,,taxable,,1,,,0,0,,,,,,1,,Drywall Finishing Tools > Columbia Taping Tools > Pumps & Accessories,,,,,,,,,,,130,Brand,Columbia Taping Tools,1,1,0,,,,,,Columbia Mud Pump (HMP),Columbia Mud Pump in Pumps. Structured temp catalog entry with  options: Mud Pump.,
Columbia Taping Tools,simple,TBMP,TBMP,Columbia Tall Boy Mud Pump (TBMP),0,0,visible,Columbia Tall Boy Mud Pump in Pumps. Structured temp catalog entry with  options: Tall Boy Mud Pump.,<p>Columbia Tall Boy Mud Pump in Pumps. Structured temp catalog entry with  options: Tall Boy Mud Pump.</p><p>Source pages: https://www.columbiatools.com/columbia-tools/pumps/tall-boy-mud-pump/</p>,,,,,taxable,,1,,,0,0,,,,,,1,,Drywall Finishing Tools > Columbia Taping Tools > Pumps & Accessories,,,,,,,,,,,131,Brand,Columbia Taping Tools,1,1,0,,,,,,Columbia Tall Boy Mud Pump (TBMP),Columbia Tall Boy Mud Pump in Pumps. Structured temp catalog entry with  options: Tall Boy Mud Pump.,
Columbia Taping Tools,variable,SANDER-HEAD,SANDER-HEAD,Columbia Sander Head,0,0,visible,"Columbia Sander Head in Sanders. Structured temp catalog entry with model options: CS, CSH.","<p>Columbia Sander Head in Sanders. Structured temp catalog entry with model options: CS, CSH.</p><p>Source pages: https://www.columbiatools.com/columbia-tools/sanders/sander-head/</p>",,,,,taxable,,1,,,0,0,,,,,,1,,Drywall Finishing Tools > Columbia Taping Tools > Sanders,,,,,,,,,,,132,Brand,Columbia Taping Tools,1,1,0,Model,CS | CSH,1,1,1,Columbia Sander Head,"Columbia Sander Head in Sanders. Structured temp catalog entry with model options: CS, CSH.",
Columbia Taping Tools,simple,SAT,SAT,Columbia Semi Automatic Taper (SAT),0,0,visible,Columbia Semi Automatic Taper in Semi Automatic Taper. Structured temp catalog entry with  options: Semi Automatic Taper.,<p>Columbia Semi Automatic Taper in Semi Automatic Taper. Structured temp catalog entry with  options: Semi Automatic Taper.</p><p>Source pages: https://www.columbiatools.com/columbia-tools/semi-automatic-taper/semi-automatic-taper/</p>,,,,,taxable,,1,,,0,0,,,,,,1,,Drywall Finishing Tools > Columbia Taping Tools > Automatic Tapers,,,,,,,,,,,136,Brand,Columbia Taping Tools,1,1,0,,,,,,Columbia Semi Automatic Taper (SAT),Columbia Semi Automatic Taper in Semi Automatic Taper. Structured temp catalog entry with  options: Semi Automatic Taper.,
Columbia Taping Tools,variable,FAT-BOY-SMOOTHING-BLADES,FAT-BOY-SMOOTHING-BLADES,Columbia Fat Boy Smoothing Blades,0,0,visible,"Columbia Fat Boy Smoothing Blades in Smoothing Blades. Structured temp catalog entry with size options: 7"", 10"", 12"", 14"", 16"", 18"", 24"", 32"", 40"", 48"".","<p>Columbia Fat Boy Smoothing Blades in Smoothing Blades. Structured temp catalog entry with size options: 7"", 10"", 12"", 14"", 16"", 18"", 24"", 32"", 40"", 48"".</p><p>Source pages: https://www.columbiatools.com/columbia-tools/smoothing-blades/fatboy-smoothing-blades/</p>",,,,,taxable,,1,,,0,0,,,,,,1,,Drywall Finishing Tools > Columbia Taping Tools > Smoothing Blades,,,,,,,,,,,137,Brand,Columbia Taping Tools,1,1,0,Size,"7"" | 10"" | 12"" | 14"" | 16"" | 18"" | 24"" | 32"" | 40"" | 48""",1,1,1,Columbia Fat Boy Smoothing Blades,"Columbia Fat Boy Smoothing Blades in Smoothing Blades. Structured temp catalog entry with size options: 7"", 10"", 12"", 14"", 16"", 18"", 24"", 32"", 40"", 48"".",
Columbia Taping Tools,variation,FSB7,FSB7,"Columbia Fat Boy Smoothing Blades 7"" (FSB7)",0,0,visible,,,,,,,taxable,,1,,,0,0,,,,,,1,,Drywall Finishing Tools > Columbia Taping Tools > Smoothing Blades,,,,,FAT-BOY-SMOOTHING-BLADES,,,,,,138,Brand,Columbia Taping Tools,1,1,0,Size,"7""",1,1,1,"Columbia Fat Boy Smoothing Blades 7"" (FSB7)",Structured temp variation for Columbia Fat Boy Smoothing Blades.,
Columbia Taping Tools,variation,FSB10,FSB10,"Columbia Fat Boy Smoothing Blades 10"" (FSB10)",0,0,visible,,,,,,,taxable,,1,,,0,0,,,,,,1,,Drywall Finishing Tools > Columbia Taping Tools > Smoothing Blades,,,,,FAT-BOY-SMOOTHING-BLADES,,,,,,139,Brand,Columbia Taping Tools,1,1,0,Size,"10""",1,1,1,"Columbia Fat Boy Smoothing Blades 10"" (FSB10)",Structured temp variation for Columbia Fat Boy Smoothing Blades.,
Columbia Taping Tools,variation,FSB12,FSB12,"Columbia Fat Boy Smoothing Blades 12"" (FSB12)",0,0,visible,,,,,,,taxable,,1,,,0,0,,,,,,1,,Drywall Finishing Tools > Columbia Taping Tools > Smoothing Blades,,,,,FAT-BOY-SMOOTHING-BLADES,,,,,,140,Brand,Columbia Taping Tools,1,1,0,Size,"12""",1,1,1,"Columbia Fat Boy Smoothing Blades 12"" (FSB12)",Structured temp variation for Columbia Fat Boy Smoothing Blades.,
Columbia Taping Tools,variation,FSB14,FSB14,"Columbia Fat Boy Smoothing Blades 14"" (FSB14)",0,0,visible,,,,,,,taxable,,1,,,0,0,,,,,,1,,Drywall Finishing Tools > Columbia Taping Tools > Smoothing Blades,,,,,FAT-BOY-SMOOTHING-BLADES,,,,,,141,Brand,Columbia Taping Tools,1,1,0,Size,"14""",1,1,1,"Columbia Fat Boy Smoothing Blades 14"" (FSB14)",Structured temp variation for Columbia Fat Boy Smoothing Blades.,
Columbia Taping Tools,variation,FSB16,FSB16,"Columbia Fat Boy Smoothing Blades 16"" (FSB16)",0,0,visible,,,,,,,taxable,,1,,,0,0,,,,,,1,,Drywall Finishing Tools > Columbia Taping Tools > Smoothing Blades,,,,,FAT-BOY-SMOOTHING-BLADES,,,,,,142,Brand,Columbia Taping Tools,1,1,0,Size,"16""",1,1,1,"Columbia Fat Boy Smoothing Blades 16"" (FSB16)",Structured temp variation for Columbia Fat Boy Smoothing Blades.,
Columbia Taping Tools,variation,FSB18,FSB18,"Columbia Fat Boy Smoothing Blades 18"" (FSB18)",0,0,visible,,,,,,,taxable,,1,,,0,0,,,,,,1,,Drywall Finishing Tools > Columbia Taping Tools > Smoothing Blades,,,,,FAT-BOY-SMOOTHING-BLADES,,,,,,143,Brand,Columbia Taping Tools,1,1,0,Size,"18""",1,1,1,"Columbia Fat Boy Smoothing Blades 18"" (FSB18)",Structured temp variation for Columbia Fat Boy Smoothing Blades.,
Columbia Taping Tools,variation,FSB24,FSB24,"Columbia Fat Boy Smoothing Blades 24"" (FSB24)",0,0,visible,,,,,,,taxable,,1,,,0,0,,,,,,1,,Drywall Finishing Tools > Columbia Taping Tools > Smoothing Blades,,,,,FAT-BOY-SMOOTHING-BLADES,,,,,,144,Brand,Columbia Taping Tools,1,1,0,Size,"24""",1,1,1,"Columbia Fat Boy Smoothing Blades 24"" (FSB24)",Structured temp variation for Columbia Fat Boy Smoothing Blades.,
Columbia Taping Tools,variation,FSB32,FSB32,"Columbia Fat Boy Smoothing Blades 32"" (FSB32)",0,0,visible,,,,,,,taxable,,1,,,0,0,,,,,,1,,Drywall Finishing Tools > Columbia Taping Tools > Smoothing Blades,,,,,FAT-BOY-SMOOTHING-BLADES,,,,,,145,Brand,Columbia Taping Tools,1,1,0,Size,"32""",1,1,1,"Columbia Fat Boy Smoothing Blades 32"" (FSB32)",Structured temp variation for Columbia Fat Boy Smoothing Blades.,
Columbia Taping Tools,variation,FSB40,FSB40,"Columbia Fat Boy Smoothing Blades 40"" (FSB40)",0,0,visible,,,,,,,taxable,,1,,,0,0,,,,,,1,,Drywall Finishing Tools > Columbia Taping Tools > Smoothing Blades,,,,,FAT-BOY-SMOOTHING-BLADES,,,,,,146,Brand,Columbia Taping Tools,1,1,0,Size,"40""",1,1,1,"Columbia Fat Boy Smoothing Blades 40"" (FSB40)",Structured temp variation for Columbia Fat Boy Smoothing Blades.,
Columbia Taping Tools,variation,FSB48,FSB48,"Columbia Fat Boy Smoothing Blades 48"" (FSB48)",0,0,visible,,,,,,,taxable,,1,,,0,0,,,,,,1,,Drywall Finishing Tools > Columbia Taping Tools > Smoothing Blades,,,,,FAT-BOY-SMOOTHING-BLADES,,,,,,147,Brand,Columbia Taping Tools,1,1,0,Size,"48""",1,1,1,"Columbia Fat Boy Smoothing Blades 48"" (FSB48)",Structured temp variation for Columbia Fat Boy Smoothing Blades.,
Columbia Taping Tools,variable,SABRE-SMOOTHING-BLADES,SABRE-SMOOTHING-BLADES,Columbia Sabre Smoothing Blades,0,0,visible,"Columbia Sabre Smoothing Blades in Smoothing Blades. Structured temp catalog entry with size options: 7"", 10"", 12"", 14"", 16"", 18"", 24"", 32"", 40"", 48"".","<p>Columbia Sabre Smoothing Blades in Smoothing Blades. Structured temp catalog entry with size options: 7"", 10"", 12"", 14"", 16"", 18"", 24"", 32"", 40"", 48"".</p><p>Source pages: https://www.columbiatools.com/columbia-tools/smoothing-blades/sabre-smoothing-blades/</p>",,,,,taxable,,1,,,0,0,,,,,,1,,Drywall Finishing Tools > Columbia Taping Tools > Smoothing Blades,,,,,,,,,,,148,Brand,Columbia Taping Tools,1,1,0,Size,"7"" | 10"" | 12"" | 14"" | 16"" | 18"" | 24"" | 32"" | 40"" | 48""",1,1,1,Columbia Sabre Smoothing Blades,"Columbia Sabre Smoothing Blades in Smoothing Blades. Structured temp catalog entry with size options: 7"", 10"", 12"", 14"", 16"", 18"", 24"", 32"", 40"", 48"".",
Columbia Taping Tools,variation,SSB7,SSB7,"Columbia Sabre Smoothing Blades 7"" (SSB7)",0,0,visible,,,,,,,taxable,,1,,,0,0,,,,,,1,,Drywall Finishing Tools > Columbia Taping Tools > Smoothing Blades,,,,,SABRE-SMOOTHING-BLADES,,,,,,149,Brand,Columbia Taping Tools,1,1,0,Size,"7""",1,1,1,"Columbia Sabre Smoothing Blades 7"" (SSB7)",Structured temp variation for Columbia Sabre Smoothing Blades.,
Columbia Taping Tools,variation,SSB10,SSB10,"Columbia Sabre Smoothing Blades 10"" (SSB10)",0,0,visible,,,,,,,taxable,,1,,,0,0,,,,,,1,,Drywall Finishing Tools > Columbia Taping Tools > Smoothing Blades,,,,,SABRE-SMOOTHING-BLADES,,,,,,150,Brand,Columbia Taping Tools,1,1,0,Size,"10""",1,1,1,"Columbia Sabre Smoothing Blades 10"" (SSB10)",Structured temp variation for Columbia Sabre Smoothing Blades.,
Columbia Taping Tools,variation,SSB12,SSB12,"Columbia Sabre Smoothing Blades 12"" (SSB12)",0,0,visible,,,,,,,taxable,,1,,,0,0,,,,,,1,,Drywall Finishing Tools > Columbia Taping Tools > Smoothing Blades,,,,,SABRE-SMOOTHING-BLADES,,,,,,151,Brand,Columbia Taping Tools,1,1,0,Size,"12""",1,1,1,"Columbia Sabre Smoothing Blades 12"" (SSB12)",Structured temp variation for Columbia Sabre Smoothing Blades.,
Columbia Taping Tools,variation,SSB14,SSB14,"Columbia Sabre Smoothing Blades 14"" (SSB14)",0,0,visible,,,,,,,taxable,,1,,,0,0,,,,,,1,,Drywall Finishing Tools > Columbia Taping Tools > Smoothing Blades,,,,,SABRE-SMOOTHING-BLADES,,,,,,152,Brand,Columbia Taping Tools,1,1,0,Size,"14""",1,1,1,"Columbia Sabre Smoothing Blades 14"" (SSB14)",Structured temp variation for Columbia Sabre Smoothing Blades.,
Columbia Taping Tools,variation,SSB16,SSB16,"Columbia Sabre Smoothing Blades 16"" (SSB16)",0,0,visible,,,,,,,taxable,,1,,,0,0,,,,,,1,,Drywall Finishing Tools > Columbia Taping Tools > Smoothing Blades,,,,,SABRE-SMOOTHING-BLADES,,,,,,153,Brand,Columbia Taping Tools,1,1,0,Size,"16""",1,1,1,"Columbia Sabre Smoothing Blades 16"" (SSB16)",Structured temp variation for Columbia Sabre Smoothing Blades.,
Columbia Taping Tools,variation,SSB18,SSB18,"Columbia Sabre Smoothing Blades 18"" (SSB18)",0,0,visible,,,,,,,taxable,,1,,,0,0,,,,,,1,,Drywall Finishing Tools > Columbia Taping Tools > Smoothing Blades,,,,,SABRE-SMOOTHING-BLADES,,,,,,154,Brand,Columbia Taping Tools,1,1,0,Size,"18""",1,1,1,"Columbia Sabre Smoothing Blades 18"" (SSB18)",Structured temp variation for Columbia Sabre Smoothing Blades.,
Columbia Taping Tools,variation,SSB24,SSB24,"Columbia Sabre Smoothing Blades 24"" (SSB24)",0,0,visible,,,,,,,taxable,,1,,,0,0,,,,,,1,,Drywall Finishing Tools > Columbia Taping Tools > Smoothing Blades,,,,,SABRE-SMOOTHING-BLADES,,,,,,155,Brand,Columbia Taping Tools,1,1,0,Size,"24""",1,1,1,"Columbia Sabre Smoothing Blades 24"" (SSB24)",Structured temp variation for Columbia Sabre Smoothing Blades.,
Columbia Taping Tools,variation,SSB32,SSB32,"Columbia Sabre Smoothing Blades 32"" (SSB32)",0,0,visible,,,,,,,taxable,,1,,,0,0,,,,,,1,,Drywall Finishing Tools > Columbia Taping Tools > Smoothing Blades,,,,,SABRE-SMOOTHING-BLADES,,,,,,156,Brand,Columbia Taping Tools,1,1,0,Size,"32""",1,1,1,"Columbia Sabre Smoothing Blades 32"" (SSB32)",Structured temp variation for Columbia Sabre Smoothing Blades.,
Columbia Taping Tools,variation,SSB40,SSB40,"Columbia Sabre Smoothing Blades 40"" (SSB40)",0,0,visible,,,,,,,taxable,,1,,,0,0,,,,,,1,,Drywall Finishing Tools > Columbia Taping Tools > Smoothing Blades,,,,,SABRE-SMOOTHING-BLADES,,,,,,157,Brand,Columbia Taping Tools,1,1,0,Size,"40""",1,1,1,"Columbia Sabre Smoothing Blades 40"" (SSB40)",Structured temp variation for Columbia Sabre Smoothing Blades.,
Columbia Taping Tools,variation,SSB48,SSB48,"Columbia Sabre Smoothing Blades 48"" (SSB48)",0,0,visible,,,,,,,taxable,,1,,,0,0,,,,,,1,,Drywall Finishing Tools > Columbia Taping Tools > Smoothing Blades,,,,,SABRE-SMOOTHING-BLADES,,,,,,158,Brand,Columbia Taping Tools,1,1,0,Size,"48""",1,1,1,"Columbia Sabre Smoothing Blades 48"" (SSB48)",Structured temp variation for Columbia Sabre Smoothing Blades.,
Columbia Taping Tools,variable,TOMAHAWK-SMOOTHING-BLADES,TOMAHAWK-SMOOTHING-BLADES,Columbia Tomahawk Smoothing Blades,0,0,visible,"Columbia Tomahawk Smoothing Blades in Smoothing Blades. Structured temp catalog entry with size options: 7"", 10"", 12"", 14"", 18"", 24"", 32"", 40"", 48"".","<p>Columbia Tomahawk Smoothing Blades in Smoothing Blades. Structured temp catalog entry with size options: 7"", 10"", 12"", 14"", 18"", 24"", 32"", 40"", 48"".</p><p>Source pages: https://www.columbiatools.com/columbia-tools/tomahawk-smoothing-blades/tomahawk-smoothing-blades/</p>",,,,,taxable,,1,,,0,0,,,,,,1,,Drywall Finishing Tools > Columbia Taping Tools > Smoothing Blades,,,,,,,,,,,159,Brand,Columbia Taping Tools,1,1,0,Size,"7"" | 10"" | 12"" | 14"" | 18"" | 24"" | 32"" | 40"" | 48""",1,1,1,Columbia Tomahawk Smoothing Blades,"Columbia Tomahawk Smoothing Blades in Smoothing Blades. Structured temp catalog entry with size options: 7"", 10"", 12"", 14"", 18"", 24"", 32"", 40"", 48"".",
Columbia Taping Tools,variation,TSB7,TSB7,"Columbia Tomahawk Smoothing Blades 7"" (TSB7)",0,0,visible,,,,,,,taxable,,1,,,0,0,,,,,,1,,Drywall Finishing Tools > Columbia Taping Tools > Smoothing Blades,,,,,TOMAHAWK-SMOOTHING-BLADES,,,,,,160,Brand,Columbia Taping Tools,1,1,0,Size,"7""",1,1,1,"Columbia Tomahawk Smoothing Blades 7"" (TSB7)",Structured temp variation for Columbia Tomahawk Smoothing Blades.,
Columbia Taping Tools,variation,TSB10,TSB10,"Columbia Tomahawk Smoothing Blades 10"" (TSB10)",0,0,visible,,,,,,,taxable,,1,,,0,0,,,,,,1,,Drywall Finishing Tools > Columbia Taping Tools > Smoothing Blades,,,,,TOMAHAWK-SMOOTHING-BLADES,,,,,,161,Brand,Columbia Taping Tools,1,1,0,Size,"10""",1,1,1,"Columbia Tomahawk Smoothing Blades 10"" (TSB10)",Structured temp variation for Columbia Tomahawk Smoothing Blades.,
Columbia Taping Tools,variation,TSB12,TSB12,"Columbia Tomahawk Smoothing Blades 12"" (TSB12)",0,0,visible,,,,,,,taxable,,1,,,0,0,,,,,,1,,Drywall Finishing Tools > Columbia Taping Tools > Smoothing Blades,,,,,TOMAHAWK-SMOOTHING-BLADES,,,,,,162,Brand,Columbia Taping Tools,1,1,0,Size,"12""",1,1,1,"Columbia Tomahawk Smoothing Blades 12"" (TSB12)",Structured temp variation for Columbia Tomahawk Smoothing Blades.,
Columbia Taping Tools,variation,TSB14,TSB14,"Columbia Tomahawk Smoothing Blades 14"" (TSB14)",0,0,visible,,,,,,,taxable,,1,,,0,0,,,,,,1,,Drywall Finishing Tools > Columbia Taping Tools > Smoothing Blades,,,,,TOMAHAWK-SMOOTHING-BLADES,,,,,,163,Brand,Columbia Taping Tools,1,1,0,Size,"14""",1,1,1,"Columbia Tomahawk Smoothing Blades 14"" (TSB14)",Structured temp variation for Columbia Tomahawk Smoothing Blades.,
Columbia Taping Tools,variation,TSB18,TSB18,"Columbia Tomahawk Smoothing Blades 18"" (TSB18)",0,0,visible,,,,,,,taxable,,1,,,0,0,,,,,,1,,Drywall Finishing Tools > Columbia Taping Tools > Smoothing Blades,,,,,TOMAHAWK-SMOOTHING-BLADES,,,,,,164,Brand,Columbia Taping Tools,1,1,0,Size,"18""",1,1,1,"Columbia Tomahawk Smoothing Blades 18"" (TSB18)",Structured temp variation for Columbia Tomahawk Smoothing Blades.,
Columbia Taping Tools,variation,TSB24,TSB24,"Columbia Tomahawk Smoothing Blades 24"" (TSB24)",0,0,visible,,,,,,,taxable,,1,,,0,0,,,,,,1,,Drywall Finishing Tools > Columbia Taping Tools > Smoothing Blades,,,,,TOMAHAWK-SMOOTHING-BLADES,,,,,,165,Brand,Columbia Taping Tools,1,1,0,Size,"24""",1,1,1,"Columbia Tomahawk Smoothing Blades 24"" (TSB24)",Structured temp variation for Columbia Tomahawk Smoothing Blades.,
Columbia Taping Tools,variation,TSB32,TSB32,"Columbia Tomahawk Smoothing Blades 32"" (TSB32)",0,0,visible,,,,,,,taxable,,1,,,0,0,,,,,,1,,Drywall Finishing Tools > Columbia Taping Tools > Smoothing Blades,,,,,TOMAHAWK-SMOOTHING-BLADES,,,,,,166,Brand,Columbia Taping Tools,1,1,0,Size,"32""",1,1,1,"Columbia Tomahawk Smoothing Blades 32"" (TSB32)",Structured temp variation for Columbia Tomahawk Smoothing Blades.,
Columbia Taping Tools,variation,TSB40,TSB40,"Columbia Tomahawk Smoothing Blades 40"" (TSB40)",0,0,visible,,,,,,,taxable,,1,,,0,0,,,,,,1,,Drywall Finishing Tools > Columbia Taping Tools > Smoothing Blades,,,,,TOMAHAWK-SMOOTHING-BLADES,,,,,,167,Brand,Columbia Taping Tools,1,1,0,Size,"40""",1,1,1,"Columbia Tomahawk Smoothing Blades 40"" (TSB40)",Structured temp variation for Columbia Tomahawk Smoothing Blades.,
Columbia Taping Tools,variation,TSB48,TSB48,"Columbia Tomahawk Smoothing Blades 48"" (TSB48)",0,0,visible,,,,,,,taxable,,1,,,0,0,,,,,,1,,Drywall Finishing Tools > Columbia Taping Tools > Smoothing Blades,,,,,TOMAHAWK-SMOOTHING-BLADES,,,,,,168,Brand,Columbia Taping Tools,1,1,0,Size,"48""",1,1,1,"Columbia Tomahawk Smoothing Blades 48"" (TSB48)",Structured temp variation for Columbia Tomahawk Smoothing Blades.,
