Part Label ID,Part Name,Tool Name,Brand,Quantity Each,Sold As Part Of
050003,"Wiper, Control Valve",07TT,TapeTech,1,
050004,"Wiper, Retainer",07TT,TapeTech,1,
050017,Collar Bushing,07TT,TapeTech,1,
050019,Disengaging Cam,07TT,TapeTech,1,
050023F,Spacer Bar,07TT,TapeTech,1,
050027,"Lock, Needle Holder",07TT,TapeTech,1,Kit 200
050030,Magnet,07TT,TapeTech,1,Kit 200
050034F,Disengaging Rod,07TT,TapeTech,1,
050041F,Disengaging Rod Bearing,07TT,TapeTech,1,
050043F,Anvil,07TT,TapeTech,2,
050046,"Support, Right Chain Roller",07TT,TapeTech,1,
050050F,Needle Holder,07TT,TapeTech,1,Kit 200
050053,Cam Gooser Release,07TT,TapeTech,1,
050058,Control Valve,07TT,TapeTech,1,
050063,Cut Off Spring Cover,07TT,TapeTech,1,
050068,Gooser & Cutter Chain Stop,07TT,TapeTech,2,
050070F,Creaser Axle,07TT,TapeTech,1,
050071F,Front Support,07TT,TapeTech,1,
050072F,Rear Support,07TT,TapeTech,1,
050073,Creaser Wheel,07TT,TapeTech,1,
050079,Creaser Crank,07TT,TapeTech,1,
050080F,Screw Block,07TT,TapeTech,2,
050081F,Spring,07TT,TapeTech,2,
050083F,Cable Drum,07TT,TapeTech,1,
050086F,Head Bushing,07TT,TapeTech,1,
050090F,Spacer Bar,07TT,TapeTech,1,
050093F,Taper Wheel,07TT,TapeTech,2,
050094F,Spool,07TT,TapeTech,1,
050099F,Head Bushing,07TT,TapeTech,1,
050109F,Hub,07TT,TapeTech,2,
050113F,Cutter Block Tube,07TT,TapeTech,1,
050115F,"Spring, Drive Dog",07TT,TapeTech,1,Kit 215
050123,Cam,07TT,TapeTech,1,
050128F,"Bushing, Chain Roller",07TT,TapeTech,2,
050132F,"Spring, Cut Off",07TT,TapeTech,1,Kit 340
050134,Chain Roller,07TT,TapeTech,2,
050140F,"Screw, 6.52 X 5.09",07TT,TapeTech,1,
050141,"Support, Left Chain Roller",07TT,TapeTech,1,
050144F,Link Tube,07TT,TapeTech,1,
050145,Creaser Chain,07TT,TapeTech,1,
050150F,Hub,07TT,TapeTech,2,
050154,Bearing Bracket,07TT,TapeTech,2,
050163,"Guide, Main Chain",07TT,TapeTech,1,
050200,Plastic Piston,07TT,TapeTech,1,Kit 335
050203,Plunger Cup,07TT,TapeTech,1,Kit 335
050204,Cup Washer,07TT,TapeTech,1,Kit 335
050205,"Cup Bolt, 1/4-20 X 7/8 Hex Head",07TT,TapeTech,1,Kit 335
050212F,Nut,07TT,TapeTech,1,
050229,Band,07TT,TapeTech,1,
050244,Spool,07TT,TapeTech,1,
050249,Creaser Connector,07TT,TapeTech,1,
050402B,"Band Clamp, Black",07TT,TapeTech,2,
050405B,"Keeper Axle, Black",07TT,TapeTech,1,
050410B,"Control Tube Flange, Black",07TT,TapeTech,2,
050412,Wheel Keeper Wireform,07TT,TapeTech,4,
050413,Control Tube Wheel,07TT,TapeTech,8,
050418,Roller Axle,07TT,TapeTech,8,
050500,Brake Roller,07TT,TapeTech,1,
050577,Brake Torsion Spring,07TT,TapeTech,1,
050599,Main Shaft Washer,07TT,TapeTech,1,
051001,Outlet Valve Handle,07TT,TapeTech,1,
051089,"Side Plate, SST",07TT,TapeTech,1,
051105,"Side Plate, SST",07TT,TapeTech,1,
051243,Stub Shaft,07TT,TapeTech,1,
052011,Drip Guard,07TT,TapeTech,1,
052036,Base Bracket,07TT,TapeTech,1,
052051,Key,07TT,TapeTech,1,
052052,Lock,07TT,TapeTech,1,
052055,Taper Head Enclosure,07TT,TapeTech,1,
052080,Snap Out Cover,07TT,TapeTech,1,
052121F,Shaft,07TT,TapeTech,1,Kit 215
052148,"Bushing, Plastic",07TT,TapeTech,2,
052150,Brake Adjuster,07TT,TapeTech,1,
052152,Side Plate Spacer,07TT,TapeTech,1,
052214,Wheel Enclosure,07TT,TapeTech,4,
052221,Control Arm Boss,07TT,TapeTech,1,
052226,"Control Arm Guide, Molded",07TT,TapeTech,1,
052400B,Spool Mount,07TT,TapeTech,1,
052401B,"Plunger Stop, Small",07TT,TapeTech,1,
052403,Plunger Stop Locking Strap,07TT,TapeTech,1,
052404B,Keeper Yoke,07TT,TapeTech,1,
052407B,Keeper Tube Cradle,07TT,TapeTech,1,
052408,Spool Post,07TT,TapeTech,1,
052409,Keeper Wireform,07TT,TapeTech,1,
052415A,"Control Tube, Anodized",07TT,TapeTech,1,
052576,Brake Spring Mount,07TT,TapeTech,1,
054028,Gooser Assembly,07TT,TapeTech,1,
054032F,Push Rod Assy,07TT,TapeTech,1,
054048F,Baffle Plate Ass'Y,07TT,TapeTech,1,
054064F,Filler Tube W/Valve,07TT,TapeTech,1,
054075,"Tape Runner Assy, Right",07TT,TapeTech,1,
054095F,Creaser Arm Assy,07TT,TapeTech,1,
054096F,Creaser Arm Assy,07TT,TapeTech,1,
054101,Tape Guide Assy.,07TT,TapeTech,1,
054104,"Tape Runner Assy, Left",07TT,TapeTech,1,
054110F,Drive Shaft / Star Gear Assembly,07TT,TapeTech,1,
054111F,Gooser Guide,07TT,TapeTech,1,
054114F,Sprocket Assembly,07TT,TapeTech,1,
054116F,Drive Dog Assy,07TT,TapeTech,1,Kit 215
054118F,Drive Dog Holder Assembly,07TT,TapeTech,1,Kit 215
054209F,Main Cable Assy,07TT,TapeTech,2,Kit 335
054219,Control Arm Assy.,07TT,TapeTech,1,
054245F,Trigger Assembly,07TT,TapeTech,1,
056022,Gooser Spring,07TT,TapeTech,1,Kit 200
056100F,"Taper Head, No Logo",07TT,TapeTech,1,
056133,"Pyramid Blade, SST",07TT,TapeTech,2,Kit 340
056135,"Cutter Chain Assembly, SST.",07TT,TapeTech,1,Kit 340
056248G,Gold Taper Tube,07TT,TapeTech,1,
058126F,Drive Chain - S.S.,07TT,TapeTech,1,
059005,Nut 4-40 Hex S.S.,07TT,TapeTech,2,
059012,Screw 6-32 X 3/8 Fil. Hd. S.S.,07TT,TapeTech,1,
059013,Screw 6-32 X 5/16 Rd. Hd. S.S.,07TT,TapeTech,4,Kit 200
059015,Screw 6-32 X 1/4 Fil. Hd. S.S.,07TT,TapeTech,8,
059016,"Lockwasher, #6 Medium Spring",07TT,TapeTech,7,Kit 200
059018,Stopnut 6-32 Thin Pat.,07TT,TapeTech,3,
059020,Screw 6-32 X 3/8 Bind Hd.,07TT,TapeTech,3,
059021,"Screw, 4-40 X 5/32",07TT,TapeTech,4,
059024,Chain Keeper,07TT,TapeTech,1,
059025,Cotter Pin. 5/64 X 1/2 S.S,07TT,TapeTech,1,
059029,Screw 6-32 X 5/8 Fl. Hd. S.S,07TT,TapeTech,1,
059037,Screw 4-40 X 1/4 Bind Hd. S.S,07TT,TapeTech,9,Kit 200
059038,Lockwasher 4 Med. Spring,07TT,TapeTech,7,
059040,"O Ring, 568-006 Buna",07TT,TapeTech,1,
059044,Insert,07TT,TapeTech,1,
059047,Screw 2-56 X 1/8 Bind Hd. S.S,07TT,TapeTech,2,
059049,"Needle, Gooser",07TT,TapeTech,2,Kit 200
059051,Screw 6-32 X 3/16 Fil. Hd. S.S,07TT,TapeTech,1,Kit 200
059056,"Machine Screw, 2-56 X 3/16 Fillister Hea",07TT,TapeTech,4,
059057,Screw 4-40 x 3/16 Bind Hd. S.S,07TT,TapeTech,19,
059067,"Key Ring, .875 Diameter",07TT,TapeTech,1,
059074,"Stopnut, 8-32 Hex, Elas., S.S.",07TT,TapeTech,4,
059078,Bearing Nyliner,07TT,TapeTech,2,
059082,Drum Washer,07TT,TapeTech,1,
059084,Setscrew,07TT,TapeTech,2,
059085,Screw 8-32 X 1/4 Fil. Hd. S.S,07TT,TapeTech,1,
059087,"Nut 3-48 Hex, Miniature S.S.",07TT,TapeTech,1,
059091,"Screw 6-32 X 1/2 Slotted Fil. Hd., S.S.",07TT,TapeTech,2,
059092,"Screw 8-32 X 1-1/2, Slotted Rd. Hd., S.S",07TT,TapeTech,1,
059098,"Shim, Side Plate",07TT,TapeTech,2,
059102,Screw 4-40 X .225/.235 Fl.Hd.SST.,07TT,TapeTech,12,Kit 340
059106,Screw 4-40 X 1/8 Sltd Fl Hd SST.,07TT,TapeTech,2,
059107,Screw 6-32 X 1/4 Fl. Hd. SST.,07TT,TapeTech,1,
059120,"Axle, Drive Dog",07TT,TapeTech,1,
059127,Screw 8-32 X 5/8 Truss Hd. S.S,07TT,TapeTech,2,
059143,Cotter Pin 1/16 X 1/2 SST.,07TT,TapeTech,5,
052149,Sprocket Bushing,07TT,TapeTech,1,
059156,Screw 4-40 X 5/16 Bind. Hd. S.S,07TT,TapeTech,3,
059161,Screw 4-40 X 3/8 Fil. Hd. S.S,07TT,TapeTech,4,
059164,#6 Ext. Washer,07TT,TapeTech,5,
059201,"1/4-20 Hex Nut, Slotted",07TT,TapeTech,1,Kit 335
059206,Nut 1/4 - 20 Heavy Hex. S.S 303,07TT,TapeTech,1,Kit 335
059225,Nut 10-32 Elastic,07TT,TapeTech,2,
059230,Screw 5-40 X 7/16 Bind,07TT,TapeTech,2,
059238,1/4-20 X 1/2 Screw Fl Hd Socket Cap,07TT,TapeTech,2,
059239,Vial 1/2 X 2,07TT,TapeTech,1,
059253,Vial Cap 1/2 Red,07TT,TapeTech,1,
059264,4-40 X 7/16 Binding Head Screw,07TT,TapeTech,2,
059323,10-32X5/8 Button Hd Soc Cap Screw,07TT,TapeTech,2,
059328,"O-Ring, 1-3/4 ID x 1-7/8 OD x 1/16 wide",07TT,TapeTech,1,
059329,"Screw, 10-32 x 1, Phillips FH Undercut",07TT,TapeTech,2,
059330,"Jam Nut, 10-32 x 1/8",07TT,TapeTech,2,
059331,10-32 x 5/16 Hex Soc Set TY A Cup Pt,07TT,TapeTech,2,
059332,"O-Ring, 1mm x 11mm",07TT,TapeTech,1,
059333,O Ring - 5/32 ID x 9/16 OD x 1/16 Wide,07TT,TapeTech,1,
059426,6-32 X 5/8 Soc. Hd. Cap Screw,07TT,TapeTech,2,
059429,"O Ring, 5/16 ID x 9/16 OD x .139 Wide",07TT,TapeTech,1,
209042,#10 Brass Washer,07TT,TapeTech,2,
209048,"Screw, 4-40 X 1/8 Bind. Hd. S.S.",07TT,TapeTech,3,
209058,6-32 Brass Nut,07TT,TapeTech,1,
219095,Washer,07TT,TapeTech,1,
359005,Screw: 6-32 X 1/4 Bind Hd.,07TT,TapeTech,2,
509010,Screw: 4-40 X 5/16 Fl. Hd. S.S.,07TT,TapeTech,1,
609012,Stopnut 4-40 S.S,07TT,TapeTech,1,
709034,O'Ring 568-210 Buna,07TT,TapeTech,1,
709043,"#63 ""S"" Hook 18-8 S.S.",07TT,TapeTech,1,
809006,Washer:#14 Brass,07TT,TapeTech,1,
889009,"5/32 X 1"" Spring Pin. 18-8 S.S.",07TT,TapeTech,2,
059025,Cotter Pin. 5/64 X 1/2 S.S,17TTE,TapeTech,4,
059143,Cotter Pin 1/16 X 1/2 SST.,17TTE,TapeTech,1,
150003F,Coupling,17TTE,TapeTech,1,
150004F,"Pin, Swivel Coupling",17TTE,TapeTech,1,
150009,Swivel Axle,17TTE,TapeTech,1,
151042,Handle Grip,17TTE,TapeTech,1,
154007,Swivel Ass'Y,17TTE,TapeTech,1,
164348,"Corner Roller Handle Assembly, Sold",17TTE,TapeTech,1,
170002,Block,17TTE,TapeTech,2,
172003,European Roller Axle,17TTE,TapeTech,4,
172005,European Outside Corner Bead Roller,17TTE,TapeTech,4,
176001,"Bracket, No Logo, Serialized",17TTE,TapeTech,1,
179004,6-32 X 3/16 Hex Soc Setscrew Cup Pt 18-8,17TTE,TapeTech,1,
179006,#10 Medium Lockwasher 18-8 S.S.,17TTE,TapeTech,4,
179007,"#10 Flat Washer, 18-8 S.S.",17TTE,TapeTech,4,
179008,5/16 Flat Washer,17TTE,TapeTech,8,
179010,".312 Ext. Retainer ""E"" Ring, 18-8 S.S.",17TTE,TapeTech,4,
179011,"Nyliner, 5L5-Fk",17TTE,TapeTech,8,
359005,Screw: 6-32 X 1/4 Bind Hd.,17TTE,TapeTech,4,
359046,"Nut, Hex 10-32",17TTE,TapeTech,4,
059025,Cotter Pin. 5/64 X 1/2 S.S,17TT,TapeTech,4,
059143,Cotter Pin 1/16 X 1/2 SST.,17TT,TapeTech,1,
150003F,Coupling,17TT,TapeTech,1,
150004F,"Pin, Swivel Coupling",17TT,TapeTech,1,
150009,Swivel Axle,17TT,TapeTech,1,
151042,Handle Grip,17TT,TapeTech,1,
154007,Swivel Ass'Y,17TT,TapeTech,1,
164348,"Corner Roller Handle Assembly, Sold",17TT,TapeTech,1,
170002,Block,17TT,TapeTech,2,
170003,Axle,17TT,TapeTech,4,
171005,Universal Roller,17TT,TapeTech,4,
176001,"Bracket, No Logo, Serialized",17TT,TapeTech,1,
179004,6-32 X 3/16 Hex Soc Setscrew Cup Pt 18-8,17TT,TapeTech,1,
179006,#10 Medium Lockwasher 18-8 S.S.,17TT,TapeTech,4,
179007,"#10 Flat Washer, 18-8 S.S.",17TT,TapeTech,4,
179008,5/16 Flat Washer,17TT,TapeTech,8,
179009,5L10-Fk Type 6 Nyliner,17TT,TapeTech,8,
179010,".312 Ext. Retainer ""E"" Ring, 18-8 S.S.",17TT,TapeTech,4,
359005,Screw: 6-32 X 1/4 Bind Hd.,17TT,TapeTech,4,
359046,"Nut, Hex 10-32",17TT,TapeTech,4,
059012,#6-32 x 3/8 Fillister Head Screw,20TTX,TapeTech,2,
209148,Bearing Nyliner,20TTX,TapeTech,2,
059015,#6-32 x 1/4 Fillister Head Screw,20TTX,TapeTech,4,
210058F,Latch,20TTX,TapeTech,2,
059018,#6-32 Thin Pattern Stopnut,20TTX,TapeTech,5,
210059,Shoulder Screw,20TTX,TapeTech,2,
059225,#10-32 Locknut,20TTX,TapeTech,1,
219064,Spring Washer,20TTX,TapeTech,2,
200052F,Shoulder Screw,20TTX,TapeTech,2,
219067,"#310 Buna ""O"" Ring",20TTX,TapeTech,2,
202007,"Push Rod, Crown Adjust",20TTX,TapeTech,2,
251023G,Left Side Plate (Gold),20TTX,TapeTech,1,
202020,Spring Anchor,20TTX,TapeTech,2,
251025G,Right Side Plate (Gold),20TTX,TapeTech,1,
202022,Repair Clip,20TTX,TapeTech,2,
200001,"7"" Blade",20TTX,TapeTech,2,
202028,Threaded Washer,20TTX,TapeTech,2,
200009,Shim,20TTX,TapeTech,1,
202036,Shoulder Screw,20TTX,TapeTech,1,
203010,"7""/10"" Crown Spring",20TTX,TapeTech,1,
202044F,Spring,20TTX,TapeTech,2,
200026F,"7"" Wiper",20TTX,TapeTech,1,
206003,Dial Assembly,20TTX,TapeTech,1,
200040F,"7"" Tie Rod",20TTX,TapeTech,1,
209006,Skid Cover,20TTX,TapeTech,2,
200045G,"7"" Axle",20TTX,TapeTech,1,
209012,#4-40 x 1/4 Fillister Head Screw,20TTX,TapeTech,2,
201032G,"7"" Radius Plate (Extruded) Gold",20TTX,TapeTech,1,
209016,#4-40 x 7/32 Binding Head Screw,20TTX,TapeTech,6,
202033G,"7"" Base Plate (Extruded) Gold",20TTX,TapeTech,1,
209017,#10-24 Locknut,20TTX,TapeTech,2,
204002,Blade Holder Assembly,20TTX,TapeTech,1,
209030,#10-24 Wingnut,20TTX,TapeTech,2,
204005,Clamp Assembly,20TTX,TapeTech,1,
209039,Skid Cover,20TTX,TapeTech,2,
206027G,"7"" Pressure Plate",20TTX,TapeTech,1,
209041,Spring Clip,20TTX,TapeTech,2,
310051F,Wheel,20TTX,TapeTech,2,
209042,#10 Brass Washer,20TTX,TapeTech,3,
339073,#10-24 X 1-1/4 Fillister Head Screw,20TTX,TapeTech,2,
209046,Washer,20TTX,TapeTech,2,
489023,#6 Flat Washer,20TTX,TapeTech,2,
209047,Bearing Nyliner,20TTX,TapeTech,1,
609012,#4-40 Stopnut,20TTX,TapeTech,2,
209048,#4-40 x 1/8 Binding Head Screw,20TTX,TapeTech,1,
609048,#4-40 x 3/8 Flat Head Screw,20TTX,TapeTech,8,
209058,#6-32 Brass Nut,20TTX,TapeTech,2,
809006,#14 Brass Washer,20TTX,TapeTech,1,
202021,"Nut, Special",20TTX,TapeTech,1,
209049,#6-32 x 5/16 Binding Head Screw,20TTX,TapeTech,2,
059012,#6-32 x 3/8 Fillister Head Screw,25TTX,TapeTech,2,
209148,Bearing Nyliner,25TTX,TapeTech,2,
059015,#6-32 x 1/4 Fillister Head Screw,25TTX,TapeTech,4,
210058F,Latch,25TTX,TapeTech,2,
059018,#6-32 Thin Pattern Stopnut,25TTX,TapeTech,5,
210059,Shoulder Screw,25TTX,TapeTech,2,
059225,#10-32 Locknut,25TTX,TapeTech,1,
219064,Spring Washer,25TTX,TapeTech,2,
200052F,Shoulder Screw,25TTX,TapeTech,2,
219067,"#310 Buna ""O"" Ring",25TTX,TapeTech,2,
202007,"Push Rod, Crown Adjust",25TTX,TapeTech,2,
251023G,Left Side Plate (Gold),25TTX,TapeTech,1,
202020,Spring Anchor,25TTX,TapeTech,2,
251025G,Right Side Plate (Gold),25TTX,TapeTech,1,
202022,Repair Clip,25TTX,TapeTech,2,
250001,"10"" Blade",25TTX,TapeTech,2,
202028,Threaded Washer,25TTX,TapeTech,2,
250009,Shim,25TTX,TapeTech,1,
202036,Shoulder Screw,25TTX,TapeTech,1,
203010,"7""/10"" Crown Spring",25TTX,TapeTech,1,
202044F,Spring,25TTX,TapeTech,2,
250026F,"10"" Wiper",25TTX,TapeTech,1,
206003,Dial Assembly,25TTX,TapeTech,1,
250040F,"10"" Tie Rod",25TTX,TapeTech,1,
209006,Skid Cover,25TTX,TapeTech,2,
250045G,"10"" Axle",25TTX,TapeTech,1,
209012,#4-40 x 1/4 Fillister Head Screw,25TTX,TapeTech,2,
251032G,"10"" Radius Plate (Extruded) Gold",25TTX,TapeTech,1,
209016,#4-40 x 7/32 Binding Head Screw,25TTX,TapeTech,8,
252033G,"10"" Base Plate (Extruded) Gold",25TTX,TapeTech,1,
209017,#10-24 Locknut,25TTX,TapeTech,2,
254002,Blade Holder Assembly,25TTX,TapeTech,1,
209030,#10-24 Wingnut,25TTX,TapeTech,2,
254005,Clamp Assembly,25TTX,TapeTech,1,
209039,Skid Cover,25TTX,TapeTech,2,
256027G,"10"" Pressure Plate",25TTX,TapeTech,1,
209041,Spring Clip,25TTX,TapeTech,2,
310051F,Wheel,25TTX,TapeTech,2,
209042,#10 Brass Washer,25TTX,TapeTech,3,
339073,#10-24 X 1-1/4 Fillister Head Screw,25TTX,TapeTech,2,
209046,Washer,25TTX,TapeTech,2,
489023,#6 Flat Washer,25TTX,TapeTech,2,
209047,Bearing Nyliner,25TTX,TapeTech,1,
609012,#4-40 Stopnut,25TTX,TapeTech,2,
209048,#4-40 x 1/8 Binding Head Screw,25TTX,TapeTech,1,
609048,#4-40 x 3/8 Flat Head Screw,25TTX,TapeTech,8,
209058,#6-32 Brass Nut,25TTX,TapeTech,2,
809006,#14 Brass Washer,25TTX,TapeTech,1,
202021,"Nut, Special",25TTX,TapeTech,1,
209049,#6-32 x 5/16 Binding Head Screw,25TTX,TapeTech,2,
059012,#6-32 x 3/8 Fillister Head Screw,30TTX,TapeTech,2,
209148,Bearing Nyliner,30TTX,TapeTech,2,
059015,#6-32 x 1/4 Fillister Head Screw,30TTX,TapeTech,4,
210058F,Latch,30TTX,TapeTech,2,
059018,#6-32 Thin Pattern Stopnut,30TTX,TapeTech,5,
210059,Shoulder Screw,30TTX,TapeTech,2,
059225,#10-32 Locknut,30TTX,TapeTech,1,
219064,Spring Washer,30TTX,TapeTech,2,
200052F,Shoulder Screw,30TTX,TapeTech,2,
219067,"#310 Buna ""O"" Ring",30TTX,TapeTech,2,
202007,"Push Rod, Crown Adjust",30TTX,TapeTech,2,
251023G,Left Side Plate (Gold),30TTX,TapeTech,1,
202020,Spring Anchor,30TTX,TapeTech,2,
251025G,Right Side Plate (Gold),30TTX,TapeTech,1,
202022,Repair Clip,30TTX,TapeTech,2,
300001,"12"" Blade",30TTX,TapeTech,2,
202028,Threaded Washer,30TTX,TapeTech,2,
300009,Shim,30TTX,TapeTech,1,
202036,Shoulder Screw,30TTX,TapeTech,1,
303010,"12"" Crown Spring",30TTX,TapeTech,1,
202044F,Spring,30TTX,TapeTech,2,
300026F,"12"" Wiper",30TTX,TapeTech,1,
206003,Dial Assembly,30TTX,TapeTech,1,
300040F,"12"" Tie Rod",30TTX,TapeTech,1,
209006,Skid Cover,30TTX,TapeTech,2,
300045G,"12"" Axle",30TTX,TapeTech,1,
209012,#4-40 x 1/4 Fillister Head Screw,30TTX,TapeTech,2,
301032G,"12"" Radius Plate (Extruded) Gold",30TTX,TapeTech,1,
209016,#4-40 x 7/32 Binding Head Screw,30TTX,TapeTech,10,
302033G,"12"" Base Plate (Extruded) Gold",30TTX,TapeTech,1,
209017,#10-24 Locknut,30TTX,TapeTech,2,
304002,Blade Holder Assembly,30TTX,TapeTech,1,
209030,#10-24 Wingnut,30TTX,TapeTech,2,
304005,Clamp Assembly,30TTX,TapeTech,1,
209039,Skid Cover,30TTX,TapeTech,2,
306027G,"12"" Pressure Plate",30TTX,TapeTech,1,
209041,Spring Clip,30TTX,TapeTech,2,
310051F,Wheel,30TTX,TapeTech,2,
209042,#10 Brass Washer,30TTX,TapeTech,3,
339073,#10-24 X 1-1/4 Fillister Head Screw,30TTX,TapeTech,2,
209046,Washer,30TTX,TapeTech,2,
489023,#6 Flat Washer,30TTX,TapeTech,2,
209047,Bearing Nyliner,30TTX,TapeTech,1,
609012,#4-40 Stopnut,30TTX,TapeTech,2,
209048,#4-40 x 1/8 Binding Head Screw,30TTX,TapeTech,1,
609048,#4-40 x 3/8 Flat Head Screw,30TTX,TapeTech,8,
209058,#6-32 Brass Nut,30TTX,TapeTech,2,
809006,#14 Brass Washer,30TTX,TapeTech,1,
202021,"Nut, Special",30TTX,TapeTech,1,
209049,#6-32 x 5/16 Binding Head Screw,30TTX,TapeTech,2,
059037,Screw 4-40 X 1/4 Bind Hd. S.S,42TT,TapeTech,8,
059084,Setscrew,42TT,TapeTech,2,
059091,"Screw 6-32 X 1/2 Slotted Fil. Hd., S.S.",42TT,TapeTech,1,
359005,Screw: 6-32 X 1/4 Bind Hd.,42TT,TapeTech,4,
402002F,Spring Retainer,42TT,TapeTech,1,
402006,Insert Socket,42TT,TapeTech,1,
402012,Ball Retainer,42TT,TapeTech,1,
409010,Spring,42TT,TapeTech,1,
409011,Skid,42TT,TapeTech,2,
420009,"Blade, Carbide, 2.5"" C.F.",42TT,TapeTech,2,
426001,"EasyRoll Head, 2.5"", Universal",42TT,TapeTech,1,
480002F,Wear Pad,42TT,TapeTech,2,
420015,"EasyRoll Frame, 2.5"", Left",42TT,TapeTech,1,
420016,"EasyRoll Frame, 2.5"", Right",42TT,TapeTech,1,
480017F,Center Clip,42TT,TapeTech,1,
480021,Inside Tension Spring,42TT,TapeTech,1,
484014F,Center Clip Ass'Y,42TT,TapeTech,1,
489013,6-32 X 1/8 Setscrew,42TT,TapeTech,12,
489022,"Screw, 4-40 X 31/64",42TT,TapeTech,2,
402019,Frame Stop,42TT,TapeTech,2,
480230,Head Frame Stop,42TT,TapeTech,2,
059037,Screw 4-40 X 1/4 Bind Hd. S.S,48TT,TapeTech,2,
059084,Setscrew,48TT,TapeTech,2,
059091,"Screw 6-32 X 1/2 Slotted Fil. Hd., S.S.",48TT,TapeTech,1,
359005,Screw: 6-32 X 1/4 Bind Hd.,48TT,TapeTech,2,
402002F,4800Spring Retainer,48TT,TapeTech,1,
402006,Insert Socket,48TT,TapeTech,1,
402012,Ball Retainer,48TT,TapeTech,1,
409010,Spring,48TT,TapeTech,1,
409011,Skid,48TT,TapeTech,2,
450009F,"Blade, Carbide, 3"" C.F.",48TT,TapeTech,2,
480002F,4040Wear Pad,48TT,TapeTech,2,
480005,Outside Tension Spring,48TT,TapeTech,1,
480007F,"Adjust Arm, Right",48TT,TapeTech,1,
480008F,"Adjust Arm, Left",48TT,TapeTech,1,
480015F,"Easyroll Frame, Left",48TT,TapeTech,1,
480016F,"Easyroll Frame, Right",48TT,TapeTech,1,
480017F,Center Clip,48TT,TapeTech,1,
480021,Inside Tension Spring,48TT,TapeTech,1,
480026,"Wheel, Grooved",48TT,TapeTech,2,
480027,Bushing,48TT,TapeTech,2,
484014F,Center Clip Ass'Y,48TT,TapeTech,1,
486001F,"3"" Cf Head Easyroll, No Logo",48TT,TapeTech,1,
489028,"O""Ring 568-108",48TT,TapeTech,4,
489029,"Screw, 6-32 X 5/8 Soc. Hd. S.S.",48TT,TapeTech,2,
489013,6-32 X 1/8 Setscrew,48TT,TapeTech,12,
489020,"Screw, 4-40 X 5/16 Nylock Pan Hd.",48TT,TapeTech,2,
489022,"Screw, 4-40 X 31/64",48TT,TapeTech,2,
489023,"Flat Washer, #6 S.S.",48TT,TapeTech,4,
059012,Screw 6-32 X 3/8 Fil. Hd. S.S.,8034TT,TapeTech,1,
059037,Screw 4-40 X 1/4 Bind Hd. S.S,8034TT,TapeTech,2,
059143,Cotter Pin 1/16 X 1/2 SST.,8034TT,TapeTech,1,
059260,Nut 8-32 Hex. H.D. S.S,8034TT,TapeTech,1,
609012,Stopnut 4-40 S.S,8034TT,TapeTech,2,
702031F,Handle Ball,8034TT,TapeTech,1,
800008,Pivot Arm,8034TT,TapeTech,1,
800016,Quadrant,8034TT,TapeTech,1,
800018F,"Connector Plate, Notched",8034TT,TapeTech,1,
800021F,Pin,8034TT,TapeTech,1,
800027,"Connector, Short",8034TT,TapeTech,1,
800134G,"34"" Tubing",8034TT,TapeTech,1,
800142G,"42"" Tubing",8034TT,TapeTech,1,
800154G,"54"" Tubing",8034TT,TapeTech,1,
800172G,"72"" Tubing",8034TT,TapeTech,1,
804003F,Grip Assembly,8034TT,TapeTech,1,
804234,"Connector Assy. 34""",8034TT,TapeTech,1,
804242,"Connector Assy. 42""",8034TT,TapeTech,1,
804254,"Connector Assy. 54""",8034TT,TapeTech,1,
804272,"Connector Assy. 72""",8034TT,TapeTech,1,
808015F,Hinge Assy,8034TT,TapeTech,1,
809004,8-32 x 3/4 Hex Soc Set Screw,8034TT,TapeTech,1,
809011,Thumbscrew 5/16 - 18 X 3/4 Dog Point,8034TT,TapeTech,1,
809012,8-32 X 3/8 Hex Socket Capscrew 18-8 S.S.,8034TT,TapeTech,4,
809017,"#8 Reg. Spring Helical Lockwasher, Sst.",8034TT,TapeTech,4,
809024,Stscrew 1/4-28X1/4,8034TT,TapeTech,2,
809025,Slotted Spring Pin 1/8 X 3/4 Sst.,8034TT,TapeTech,1,
059012,Screw 6-32 X 3/8 Fil. Hd. S.S.,8042TT,TapeTech,1,
059037,Screw 4-40 X 1/4 Bind Hd. S.S,8042TT,TapeTech,2,
059143,Cotter Pin 1/16 X 1/2 SST.,8042TT,TapeTech,1,
059260,Nut 8-32 Hex. H.D. S.S,8042TT,TapeTech,1,
609012,Stopnut 4-40 S.S,8042TT,TapeTech,2,
702031F,Handle Ball,8042TT,TapeTech,1,
800008,Pivot Arm,8042TT,TapeTech,1,
800016,Quadrant,8042TT,TapeTech,1,
800018F,"Connector Plate, Notched",8042TT,TapeTech,1,
800021F,Pin,8042TT,TapeTech,1,
800027,"Connector, Short",8042TT,TapeTech,1,
800134G,"34"" Tubing",8042TT,TapeTech,1,
800142G,"42"" Tubing",8042TT,TapeTech,1,
800154G,"54"" Tubing",8042TT,TapeTech,1,
800172G,"72"" Tubing",8042TT,TapeTech,1,
804003F,Grip Assembly,8042TT,TapeTech,1,
804234,"Connector Assy. 34""",8042TT,TapeTech,1,
804242,"Connector Assy. 42""",8042TT,TapeTech,1,
804254,"Connector Assy. 54""",8042TT,TapeTech,1,
804272,"Connector Assy. 72""",8042TT,TapeTech,1,
808015F,Hinge Assy,8042TT,TapeTech,1,
809004,8-32 x 3/4 Hex Soc Set Screw,8042TT,TapeTech,1,
809011,Thumbscrew 5/16 - 18 X 3/4 Dog Point,8042TT,TapeTech,1,
809012,8-32 X 3/8 Hex Socket Capscrew 18-8 S.S.,8042TT,TapeTech,4,
809017,"#8 Reg. Spring Helical Lockwasher, Sst.",8042TT,TapeTech,4,
809024,Stscrew 1/4-28X1/4,8042TT,TapeTech,2,
809025,Slotted Spring Pin 1/8 X 3/4 Sst.,8042TT,TapeTech,1,
059012,Screw 6-32 X 3/8 Fil. Hd. S.S.,8054TT,TapeTech,1,
059037,Screw 4-40 X 1/4 Bind Hd. S.S,8054TT,TapeTech,2,
059143,Cotter Pin 1/16 X 1/2 SST.,8054TT,TapeTech,1,
059260,Nut 8-32 Hex. H.D. S.S,8054TT,TapeTech,1,
609012,Stopnut 4-40 S.S,8054TT,TapeTech,2,
702031F,Handle Ball,8054TT,TapeTech,1,
800008,Pivot Arm,8054TT,TapeTech,1,
800016,Quadrant,8054TT,TapeTech,1,
800018F,"Connector Plate, Notched",8054TT,TapeTech,1,
800021F,Pin,8054TT,TapeTech,1,
800027,"Connector, Short",8054TT,TapeTech,1,
800134G,"34"" Tubing",8054TT,TapeTech,1,
800142G,"42"" Tubing",8054TT,TapeTech,1,
800154G,"54"" Tubing",8054TT,TapeTech,1,
800172G,"72"" Tubing",8054TT,TapeTech,1,
804003F,Grip Assembly,8054TT,TapeTech,1,
804234,"Connector Assy. 34""",8054TT,TapeTech,1,
804242,"Connector Assy. 42""",8054TT,TapeTech,1,
804254,"Connector Assy. 54""",8054TT,TapeTech,1,
804272,"Connector Assy. 72""",8054TT,TapeTech,1,
808015F,Hinge Assy,8054TT,TapeTech,1,
809004,8-32 x 3/4 Hex Soc Set Screw,8054TT,TapeTech,1,
809011,Thumbscrew 5/16 - 18 X 3/4 Dog Point,8054TT,TapeTech,1,
809012,8-32 X 3/8 Hex Socket Capscrew 18-8 S.S.,8054TT,TapeTech,4,
809017,"#8 Reg. Spring Helical Lockwasher, Sst.",8054TT,TapeTech,4,
809024,Stscrew 1/4-28X1/4,8054TT,TapeTech,2,
809025,Slotted Spring Pin 1/8 X 3/4 Sst.,8054TT,TapeTech,1,
059012,Screw 6-32 X 3/8 Fil. Hd. S.S.,8072TT,TapeTech,1,
059037,Screw 4-40 X 1/4 Bind Hd. S.S,8072TT,TapeTech,2,
059143,Cotter Pin 1/16 X 1/2 SST.,8072TT,TapeTech,1,
059260,Nut 8-32 Hex. H.D. S.S,8072TT,TapeTech,1,
609012,Stopnut 4-40 S.S,8072TT,TapeTech,2,
702031F,Handle Ball,8072TT,TapeTech,1,
800008,Pivot Arm,8072TT,TapeTech,1,
800016,Quadrant,8072TT,TapeTech,1,
800018F,"Connector Plate, Notched",8072TT,TapeTech,1,
800021F,Pin,8072TT,TapeTech,1,
800027,"Connector, Short",8072TT,TapeTech,1,
800134G,"34"" Tubing",8072TT,TapeTech,1,
800142G,"42"" Tubing",8072TT,TapeTech,1,
800154G,"54"" Tubing",8072TT,TapeTech,1,
800172G,"72"" Tubing",8072TT,TapeTech,1,
804003F,Grip Assembly,8072TT,TapeTech,1,
804234,"Connector Assy. 34""",8072TT,TapeTech,1,
804242,"Connector Assy. 42""",8072TT,TapeTech,1,
804254,"Connector Assy. 54""",8072TT,TapeTech,1,
804272,"Connector Assy. 72""",8072TT,TapeTech,1,
808015F,Hinge Assy,8072TT,TapeTech,1,
809004,8-32 x 3/4 Hex Soc Set Screw,8072TT,TapeTech,1,
809011,Thumbscrew 5/16 - 18 X 3/4 Dog Point,8072TT,TapeTech,1,
809012,8-32 X 3/8 Hex Socket Capscrew 18-8 S.S.,8072TT,TapeTech,4,
809017,"#8 Reg. Spring Helical Lockwasher, Sst.",8072TT,TapeTech,4,
809024,Stscrew 1/4-28X1/4,8072TT,TapeTech,2,
809025,Slotted Spring Pin 1/8 X 3/4 Sst.,8072TT,TapeTech,1,
059012,Screw 6-32 X 3/8 Fil. Hd. S.S.,8134TT,TapeTech,1,
059143,Cotter Pin 1/16 X 1/2 SST.,8134TT,TapeTech,1,
059217,Screw 4-40 X 3/8 Bind. Hd. S.S,8134TT,TapeTech,2,
059260,Nut 8-32 Hex. H.D. S.S,8134TT,TapeTech,1,
609012,Stopnut 4-40 S.S,8134TT,TapeTech,2,
702031F,Handle Ball,8134TT,TapeTech,1,
800008,Pivot Arm,8134TT,TapeTech,1,
800016,Quadrant,8134TT,TapeTech,1,
800018F,"Connector Plate, Notched",8134TT,TapeTech,1,
800021F,Pin,8134TT,TapeTech,1,
804003F,Grip Assembly,8134TT,TapeTech,1,
808015F,Hinge Assy,8134TT,TapeTech,1,
809004,8-32 x 3/4 Hex Soc Set Screw,8134TT,TapeTech,1,
809011,Thumbscrew 5/16 - 18 X 3/4 Dog Point,8134TT,TapeTech,1,
809012,8-32 X 3/8 Hex Socket Capscrew 18-8 S.S.,8134TT,TapeTech,4,
809017,"#8 Reg. Spring Helical Lockwasher, Sst.",8134TT,TapeTech,4,
809024,Stscrew 1/4-28X1/4,8134TT,TapeTech,2,
809025,Slotted Spring Pin 1/8 X 3/4 Sst.,8134TT,TapeTech,1,
810027,Short Connector,8134TT,TapeTech,1,
810028,Swivel Axle,8134TT,TapeTech,1,
810029,Connector Coupling,8134TT,TapeTech,2,
814234,"34"" Connector Assy",8134TT,TapeTech,1,
814242,"42"" Connector Assy",8134TT,TapeTech,1,
814254,"54"" Connector Assy",8134TT,TapeTech,1,
814272,"72"" Connector Assy",8134TT,TapeTech,1,
818134G,"34"" Curved Handle Tube, Gold",8134TT,TapeTech,1,
818142G,"42"" Curved Handle Tube, Gold",8134TT,TapeTech,1,
818154G,"54"" Curved Handle Tube, Gold",8134TT,TapeTech,1,
818172G,"72"" Curved Handle Tube, Gold",8134TT,TapeTech,1,
059012,Screw 6-32 X 3/8 Fil. Hd. S.S.,8142TT,TapeTech,1,
059143,Cotter Pin 1/16 X 1/2 SST.,8142TT,TapeTech,1,
059217,Screw 4-40 X 3/8 Bind. Hd. S.S,8142TT,TapeTech,2,
059260,Nut 8-32 Hex. H.D. S.S,8142TT,TapeTech,1,
609012,Stopnut 4-40 S.S,8142TT,TapeTech,2,
702031F,Handle Ball,8142TT,TapeTech,1,
800008,Pivot Arm,8142TT,TapeTech,1,
800016,Quadrant,8142TT,TapeTech,1,
800018F,"Connector Plate, Notched",8142TT,TapeTech,1,
800021F,Pin,8142TT,TapeTech,1,
804003F,Grip Assembly,8142TT,TapeTech,1,
808015F,Hinge Assy,8142TT,TapeTech,1,
809004,8-32 x 3/4 Hex Soc Set Screw,8142TT,TapeTech,1,
809011,Thumbscrew 5/16 - 18 X 3/4 Dog Point,8142TT,TapeTech,1,
809012,8-32 X 3/8 Hex Socket Capscrew 18-8 S.S.,8142TT,TapeTech,4,
809017,"#8 Reg. Spring Helical Lockwasher, Sst.",8142TT,TapeTech,4,
809024,Stscrew 1/4-28X1/4,8142TT,TapeTech,2,
809025,Slotted Spring Pin 1/8 X 3/4 Sst.,8142TT,TapeTech,1,
810027,Short Connector,8142TT,TapeTech,1,
810028,Swivel Axle,8142TT,TapeTech,1,
810029,Connector Coupling,8142TT,TapeTech,2,
814234,"34"" Connector Assy",8142TT,TapeTech,1,
814242,"42"" Connector Assy",8142TT,TapeTech,1,
814254,"54"" Connector Assy",8142TT,TapeTech,1,
814272,"72"" Connector Assy",8142TT,TapeTech,1,
818134G,"34"" Curved Handle Tube, Gold",8142TT,TapeTech,1,
818142G,"42"" Curved Handle Tube, Gold",8142TT,TapeTech,1,
818154G,"54"" Curved Handle Tube, Gold",8142TT,TapeTech,1,
818172G,"72"" Curved Handle Tube, Gold",8142TT,TapeTech,1,
059012,Screw 6-32 X 3/8 Fil. Hd. S.S.,8154TT,TapeTech,1,
059143,Cotter Pin 1/16 X 1/2 SST.,8154TT,TapeTech,1,
059217,Screw 4-40 X 3/8 Bind. Hd. S.S,8154TT,TapeTech,2,
059260,Nut 8-32 Hex. H.D. S.S,8154TT,TapeTech,1,
609012,Stopnut 4-40 S.S,8154TT,TapeTech,2,
702031F,Handle Ball,8154TT,TapeTech,1,
800008,Pivot Arm,8154TT,TapeTech,1,
800016,Quadrant,8154TT,TapeTech,1,
800018F,"Connector Plate, Notched",8154TT,TapeTech,1,
800021F,Pin,8154TT,TapeTech,1,
804003F,Grip Assembly,8154TT,TapeTech,1,
808015F,Hinge Assy,8154TT,TapeTech,1,
809004,8-32 x 3/4 Hex Soc Set Screw,8154TT,TapeTech,1,
809011,Thumbscrew 5/16 - 18 X 3/4 Dog Point,8154TT,TapeTech,1,
809012,8-32 X 3/8 Hex Socket Capscrew 18-8 S.S.,8154TT,TapeTech,4,
809017,"#8 Reg. Spring Helical Lockwasher, Sst.",8154TT,TapeTech,4,
809024,Stscrew 1/4-28X1/4,8154TT,TapeTech,2,
809025,Slotted Spring Pin 1/8 X 3/4 Sst.,8154TT,TapeTech,1,
810027,Short Connector,8154TT,TapeTech,1,
810028,Swivel Axle,8154TT,TapeTech,1,
810029,Connector Coupling,8154TT,TapeTech,2,
814234,"34"" Connector Assy",8154TT,TapeTech,1,
814242,"42"" Connector Assy",8154TT,TapeTech,1,
814254,"54"" Connector Assy",8154TT,TapeTech,1,
814272,"72"" Connector Assy",8154TT,TapeTech,1,
818134G,"34"" Curved Handle Tube, Gold",8154TT,TapeTech,1,
818142G,"42"" Curved Handle Tube, Gold",8154TT,TapeTech,1,
818154G,"54"" Curved Handle Tube, Gold",8154TT,TapeTech,1,
818172G,"72"" Curved Handle Tube, Gold",8154TT,TapeTech,1,
059012,Screw 6-32 X 3/8 Fil. Hd. S.S.,8172TT,TapeTech,1,
059143,Cotter Pin 1/16 X 1/2 SST.,8172TT,TapeTech,1,
059217,Screw 4-40 X 3/8 Bind. Hd. S.S,8172TT,TapeTech,2,
059260,Nut 8-32 Hex. H.D. S.S,8172TT,TapeTech,1,
609012,Stopnut 4-40 S.S,8172TT,TapeTech,2,
702031F,Handle Ball,8172TT,TapeTech,1,
800008,Pivot Arm,8172TT,TapeTech,1,
800016,Quadrant,8172TT,TapeTech,1,
800018F,"Connector Plate, Notched",8172TT,TapeTech,1,
800021F,Pin,8172TT,TapeTech,1,
804003F,Grip Assembly,8172TT,TapeTech,1,
808015F,Hinge Assy,8172TT,TapeTech,1,
809004,8-32 x 3/4 Hex Soc Set Screw,8172TT,TapeTech,1,
809011,Thumbscrew 5/16 - 18 X 3/4 Dog Point,8172TT,TapeTech,1,
809012,8-32 X 3/8 Hex Socket Capscrew 18-8 S.S.,8172TT,TapeTech,4,
809017,"#8 Reg. Spring Helical Lockwasher, Sst.",8172TT,TapeTech,4,
809024,Stscrew 1/4-28X1/4,8172TT,TapeTech,2,
809025,Slotted Spring Pin 1/8 X 3/4 Sst.,8172TT,TapeTech,1,
810027,Short Connector,8172TT,TapeTech,1,
810028,Swivel Axle,8172TT,TapeTech,1,
810029,Connector Coupling,8172TT,TapeTech,2,
814234,"34"" Connector Assy",8172TT,TapeTech,1,
814242,"42"" Connector Assy",8172TT,TapeTech,1,
814254,"54"" Connector Assy",8172TT,TapeTech,1,
814272,"72"" Connector Assy",8172TT,TapeTech,1,
818134G,"34"" Curved Handle Tube, Gold",8172TT,TapeTech,1,
818142G,"42"" Curved Handle Tube, Gold",8172TT,TapeTech,1,
818154G,"54"" Curved Handle Tube, Gold",8172TT,TapeTech,1,
818172G,"72"" Curved Handle Tube, Gold",8172TT,TapeTech,1,
704040,"Filler Tube, Assy.",90T,TapeTech,1,
700042,Lanyard,90T,TapeTech,1,
709034,O'Ring 568-210 Buna,90T,TapeTech,1,
709043,"#63 ""S"" Hook 18-8 S.S.",90T,TapeTech,2,
722039,Discharge Tube,90T,TapeTech,1,
734039F,Discharge Tube,90T,TapeTech,1,
059012,Screw 6‐32 X 3/8 Fil. Hd. S.S.,CF07H,TapeTech,2,
059015,Screw 6‐32 X 1/4 Fil. Hd. S.S.,CF07H,TapeTech,6,
059018,Stopnut 6‐32 Thin Pat.,CF07H,TapeTech,5,
059225,Nut 10‐32 Elastic,CF07H,TapeTech,1,
179009,5L10‐Fk Type 6 Nyliner,CF07H,TapeTech,2,
200001,"Blade, S.S. 7""",CF07H,TapeTech,2,
200009,Shim,CF07H,TapeTech,1,
200026F,"7"" Wiper",CF07H,TapeTech,1,
200040F,"7"" Tie Rod",CF07H,TapeTech,1,
201032B,"7"" Radius Plate (Extruded), CFS",CF07H,TapeTech,1,
202007,"Push Rod, Crown Adj.",CF07H,TapeTech,2,
202020,Spring Anchor,CF07H,TapeTech,2,
202021,"Nut, Special",CF07H,TapeTech,1,
202022,Repair Clip,CF07H,TapeTech,2,
202028,Threaded Washer,CF07H,TapeTech,2,
202036,Shoulder Screw,CF07H,TapeTech,1,
202044F,Spring,CF07H,TapeTech,2,
203010,7 and 10 Inch Crown Spring,CF07H,TapeTech,1,
203027B,"Pressure Plate, 7"" CFS",CF07H,TapeTech,1,
203033B,"Base Plate, 7"" CFS",CF07H,TapeTech,1,
203045B,"Axle, 7"" CFS",CF07H,TapeTech,1,
204002,Blade Holder Assy.,CF07H,TapeTech,1,
204005,Blade Clamp Assy.,CF07H,TapeTech,1,
206003,Dial Assy.,CF07H,TapeTech,1,
209006,Skid Cover,CF07H,TapeTech,2,
209012,Screw 4‐40 X 1/4 Fillister Head 18‐8 S.S,CF07H,TapeTech,2,
209016,Screw 4‐40 X 7/32 Bind Hd.,CF07H,TapeTech,6,
209039,Skid Cover,CF07H,TapeTech,2,
209041,Spring Clip,CF07H,TapeTech,2,
209042,#10 Brass Washer,CF07H,TapeTech,3,
209046,Washer,CF07H,TapeTech,2,
209047,Bearing Nyliner,CF07H,TapeTech,1,
209048,"Screw, 4‐40 X 1/8 Bind. Hd. S.S.",CF07H,TapeTech,1,
209049,Screw 6‐32 X 5/16 Bind. Hd. S.S.,CF07H,TapeTech,2,
209058,6‐32 Brass Nut,CF07H,TapeTech,2,
209754,"Screw, 10‐24 x 1 Binding Hd",CF07H,TapeTech,2,
210058F,Latch,CF07H,TapeTech,2,
210059,Shoulder Screw,CF07H,TapeTech,2,
210073,Shoulder Screw,CF07H,TapeTech,2,
213051,"Box Wheel, Side Guide",CF07H,TapeTech,2,
219064,Spring Washer,CF07H,TapeTech,2,
219067,"# 310 Buna""O""Ring",CF07H,TapeTech,2,
251023B,"Side Plate (Universal), CFS",CF07H,TapeTech,1,
251025B,"Side Plate, CFS",CF07H,TapeTech,1,
489023,"Flat Washer, #6 S.S.",CF07H,TapeTech,2,
609012,Stopnut 4‐40 S.S,CF07H,TapeTech,2,
609048,4‐40X3/8 Flat Head S.S. Screw,CF07H,TapeTech,8,
809006,Washer:#14 Brass,CF07H,TapeTech,1,
059012,Screw 6‐32 X 3/8 Fil. Hd. S.S.,CF12H,TapeTech,2,
059015,Screw 6‐32 X 1/4 Fil. Hd. S.S.,CF12H,TapeTech,6,
059018,Stopnut 6‐32 Thin Pat.,CF12H,TapeTech,5,
059225,Nut 10‐32 Elastic,CF12H,TapeTech,1,
179009,5L10‐Fk Type 6 Nyliner,CF12H,TapeTech,2,
202007,"Push Rod, Crown Adj.",CF12H,TapeTech,2,
202020,Spring Anchor,CF12H,TapeTech,2,
202021,"Nut, Special",CF12H,TapeTech,1,
202022,Repair Clip,CF12H,TapeTech,2,
202028,Threaded Washer,CF12H,TapeTech,2,
202036,Shoulder Screw,CF12H,TapeTech,1,
202044F,Spring,CF12H,TapeTech,2,
206003,Dial Assy.,CF12H,TapeTech,1,
209006,Skid Cover,CF12H,TapeTech,2,
209012,Screw 4‐40 X 1/4 Fillister Head 18‐8 S.S,CF12H,TapeTech,2,
209016,Screw 4‐40 X 7/32 Bind Hd.,CF12H,TapeTech,10,
209039,Skid Cover,CF12H,TapeTech,2,
209041,Spring Clip,CF12H,TapeTech,2,
209042,#10 Brass Washer,CF12H,TapeTech,3,
209046,Washer,CF12H,TapeTech,2,
209047,Bearing Nyliner,CF12H,TapeTech,1,
209048,"Screw, 4‐40 X 1/8 Bind. Hd. S.S.",CF12H,TapeTech,1,
209049,Screw 6‐32 X 5/16 Bind. Hd. S.S.,CF12H,TapeTech,2,
209058,6‐32 Brass Nut,CF12H,TapeTech,2,
209754,"Screw, 10‐24 x 1 Binding Hd",CF12H,TapeTech,2,
210058F,Latch,CF12H,TapeTech,2,
210059,Shoulder Screw,CF12H,TapeTech,2,
210073,Shoulder Screw,CF12H,TapeTech,2,
213051,"Box Wheel, Side Guide",CF12H,TapeTech,2,
219064,Spring Washer,CF12H,TapeTech,2,
219067,"# 310 Buna""O""Ring",CF12H,TapeTech,2,
251023B,"Side Plate (Universal), CFS",CF12H,TapeTech,1,
251025B,"Side Plate, CFS",CF12H,TapeTech,1,
300001,"Blade, S.S. 12""",CF12H,TapeTech,2,
300009,Shim,CF12H,TapeTech,1,
300026F,"12"" Wiper",CF12H,TapeTech,1,
300040F,"12"" Tie Rod",CF12H,TapeTech,1,
301032B,"12"" Radius Plate (Extruded), CFS",CF12H,TapeTech,1,
303010,12 Inch Crown Spring,CF12H,TapeTech,1,
303027B,"Pressure Plate, 12"" CFS",CF12H,TapeTech,1,
303033B,"Base Plate, 12"" CFS",CF12H,TapeTech,1,
303045B,"Axle, 12"" CFS",CF12H,TapeTech,1,
304002,Blade Holder Assy.,CF12H,TapeTech,1,
304005,Clamp Assy.,CF12H,TapeTech,1,
489023,"Flat Washer, #6 S.S.",CF12H,TapeTech,2,
609012,Stopnut 4‐40 S.S,CF12H,TapeTech,2,
609048,4‐40X3/8 Flat Head S.S. Screw,CF12H,TapeTech,8,
809006,Washer:#14 Brass,CF12H,TapeTech,1,
130001,Cap,CT24TT,TapeTech,1,
130002,Outlet,CT24TT,TapeTech,1,
130003,Tube Band,CT24TT,TapeTech,2,
130004,Spring Latch,CT24TT,TapeTech,4,
130005,Guide,CT24TT,TapeTech,1,
130006,Ball,CT24TT,TapeTech,1,
130007,Piston,CT24TT,TapeTech,1,
130024,"Main Tube, 24""",CT24TT,TapeTech,1,
130124,"Push Rod, 24""",CT24TT,TapeTech,1,
139008,"Wiper, MudTube",CT24TT,TapeTech,2,
139009,"Nut, 4-40 Small Pattern, SST",CT24TT,TapeTech,2,
139010,"Screw, 4-40 x 1-1/4 SHCS",CT24TT,TapeTech,2,
139011,"O-Ring, dash 225",CT24TT,TapeTech,1,
059801,"Screw, 4-40 x 9/16, Bind Hd, SST",CT24TT,TapeTech,2,
609012,Stopnut 4-40 S.S,CT24TT,TapeTech,1,
130001,Cap,CT36TT,TapeTech,1,
130002,Outlet,CT36TT,TapeTech,1,
130003,Tube Band,CT36TT,TapeTech,2,
130004,Spring Latch,CT36TT,TapeTech,4,
130005,Guide,CT36TT,TapeTech,1,
130006,Ball,CT36TT,TapeTech,1,
130007,Piston,CT36TT,TapeTech,1,
130036,"Main Tube, 36""",CT36TT,TapeTech,1,
130136,"Push Rod, 36""",CT36TT,TapeTech,1,
139008,"Wiper, MudTube",CT36TT,TapeTech,2,
139009,"Nut, 4-40 Small Pattern, SST",CT36TT,TapeTech,2,
139010,"Screw, 4-40 x 1-1/4 SHCS",CT36TT,TapeTech,2,
139011,"O-Ring, dash 225",CT36TT,TapeTech,1,
059801,"Screw, 4-40 x 9/16, Bind Hd, SST",CT36TT,TapeTech,2,
609012,Stopnut 4-40 S.S,CT36TT,TapeTech,1,
130001,Cap,CT42TT,TapeTech,1,
130002,Outlet,CT42TT,TapeTech,1,
130003,Tube Band,CT42TT,TapeTech,2,
130004,Spring Latch,CT42TT,TapeTech,4,
130005,Guide,CT42TT,TapeTech,1,
130006,Ball,CT42TT,TapeTech,1,
130007,Piston,CT42TT,TapeTech,1,
130042,"Main Tube, 42""",CT42TT,TapeTech,1,
130142,"Push Rod, 42""",CT42TT,TapeTech,1,
139008,"Wiper, MudTube",CT42TT,TapeTech,2,
139009,"Nut, 4-40 Small Pattern, SST",CT42TT,TapeTech,2,
139010,"Screw, 4-40 x 1-1/4 SHCS",CT42TT,TapeTech,2,
139011,"O-Ring, dash 225",CT42TT,TapeTech,1,
059801,"Screw, 4-40 x 9/16, Bind Hd, SST",CT42TT,TapeTech,2,
609012,Stopnut 4-40 S.S,CT42TT,TapeTech,1,
059015,Screw 6‐32 X 1/4 Fil. Hd. S.S.,EHC07,TapeTech,4,
059016,"Lockwasher, #6 Medium Spring",EHC07,TapeTech,2,
059018,Stopnut 6‐32 Thin Pat.,EHC07,TapeTech,3,
059020,Screw 6‐32 X 3/8 Bind Hd.,EHC07,TapeTech,6,
059029,Screw 6‐32 X 5/8 Fl. Hd. S.S,EHC07,TapeTech,3,
059038,Lockwasher 4 Med. Spring,EHC07,TapeTech,6,
059051,Screw 6‐32 X 3/16 Fil. Hd. S.S,EHC07,TapeTech,3,
059102,Screw 4‐40 X .225/.235 Fl.Hd.SST.,EHC07,TapeTech,2,
059161,Screw 4‐40 X 3/8 Fil. Hd. S.S,EHC07,TapeTech,6,
059225,Nut 10‐32 Elastic,EHC07,TapeTech,1,
179009,5L10‐Fk Type 6 Nyliner,EHC07,TapeTech,2,
200001,"Blade, S.S. 7""",EHC07,TapeTech,2,
202007,"Push Rod, Crown Adj.",EHC07,TapeTech,2,
202020,Spring Anchor,EHC07,TapeTech,4,
202021,"Nut, Special",EHC07,TapeTech,1,
202022,Repair Clip,EHC07,TapeTech,2,
202028,Threaded Washer,EHC07,TapeTech,2,
202036,Shoulder Screw,EHC07,TapeTech,1,
202044F,Spring,EHC07,TapeTech,2,
203010,7 and 10 Inch Crown Spring,EHC07,TapeTech,1,
204002,Blade Holder Assy.,EHC07,TapeTech,1,
204005,Blade Clamp Assy.,EHC07,TapeTech,1,
206003,Dial Assy.,EHC07,TapeTech,1,
209006,Skid Cover,EHC07,TapeTech,2,
209012,Screw 4‐40 X 1/4 Fillister Head 18‐8 S.S,EHC07,TapeTech,2,
209016,Screw 4‐40 X 7/32 Bind Hd.,EHC07,TapeTech,6,
209017,10‐24 Locknut 18‐18 S.S.,EHC07,TapeTech,2,
209030,Wing Nut: 10‐24,EHC07,TapeTech,2,
209039,Skid Cover,EHC07,TapeTech,2,
209042,#10 Brass Washer,EHC07,TapeTech,3,
209046,Washer,EHC07,TapeTech,2,
209047,Bearing Nyliner,EHC07,TapeTech,1,
209058,6‐32 Brass Nut,EHC07,TapeTech,2,
209148,Bearing Nyliner,EHC07,TapeTech,2,
210024F,"7"" Wiper",EHC07,TapeTech,1,
210027G,"7"" Pressure Plate, Universal",EHC07,TapeTech,1,
210031G,"7"" Bottom Plate",EHC07,TapeTech,1,
210033G,"7"" Axle Support",EHC07,TapeTech,1,
210058F,Latch,EHC07,TapeTech,2,
210059,Shoulder Screw,EHC07,TapeTech,2,
210060,Pivot Bearing,EHC07,TapeTech,2,
210071,Spacer Rod,EHC07,TapeTech,4,
210073,Shoulder Screw,EHC07,TapeTech,2,
210096,"Seal, 7""",EHC07,TapeTech,1,
210097,"Seal Plate, 7""",EHC07,TapeTech,1,
213051,"Box Wheel, Side Guide",EHC07,TapeTech,2,
215045G,"Axle, 7"" Maxx, EasyRoll Wheels",EHC07,TapeTech,1,
219064,Spring Washer,EHC07,TapeTech,2,
219067,"# 310 Buna""O""Ring",EHC07,TapeTech,2,
219081,Screw ‐ 6‐32 X 7/16 Flat Head S.S.,EHC07,TapeTech,2,
240009G,"7"" Pivot Axle",EHC07,TapeTech,1,
240050G,"7"" Power Assist Pivot Retainer,Anodized",EHC07,TapeTech,1,
240123G,"7"" Side Plate, Right, High Cap, Gold",EHC07,TapeTech,1,
240125G,"7"" Side Plate, Left, High Cap, Gold",EHC07,TapeTech,1,
240132G,"7"" Radius Plate, High Cap, Gold",EHC07,TapeTech,1,
339073,10‐24 X 1 1/4 Sl. Fillister Hd.Screw,EHC07,TapeTech,2,
489013,6‐32 X 1/8 Setscrew,EHC07,TapeTech,4,
489023,"Flat Washer, #6 S.S.",EHC07,TapeTech,2,
809006,Washer:#14 Brass,EHC07,TapeTech,1,
889030,"4‐40 X 3/16 Fillister Head, 18‐8 S.S/",EHC07,TapeTech,4,
059015,Screw 6‐32 X 1/4 Fil. Hd. S.S.,EHC10,TapeTech,4,
059016,"Lockwasher, #6 Medium Spring",EHC10,TapeTech,2,
059018,Stopnut 6‐32 Thin Pat.,EHC10,TapeTech,3,
059020,Screw 6‐32 X 3/8 Bind Hd.,EHC10,TapeTech,6,
059029,Screw 6‐32 X 5/8 Fl. Hd. S.S,EHC10,TapeTech,3,
059038,Lockwasher 4 Med. Spring,EHC10,TapeTech,6,
059051,Screw 6‐32 X 3/16 Fil. Hd. S.S,EHC10,TapeTech,3,
059102,Screw 4‐40 X .225/.235 Fl.Hd.SST.,EHC10,TapeTech,2,
059161,Screw 4‐40 X 3/8 Fil. Hd. S.S,EHC10,TapeTech,6,
059225,Nut 10‐32 Elastic,EHC10,TapeTech,1,
179009,5L10‐Fk Type 6 Nyliner,EHC10,TapeTech,2,
202007,"Push Rod, Crown Adj.",EHC10,TapeTech,2,
202020,Spring Anchor,EHC10,TapeTech,4,
202021,"Nut, Special",EHC10,TapeTech,1,
202022,Repair Clip,EHC10,TapeTech,2,
202028,Threaded Washer,EHC10,TapeTech,2,
202036,Shoulder Screw,EHC10,TapeTech,1,
202044F,Spring,EHC10,TapeTech,2,
203010,7 and 10 Inch Crown Spring,EHC10,TapeTech,1,
206003,Dial Assy.,EHC10,TapeTech,1,
209006,Skid Cover,EHC10,TapeTech,2,
209012,Screw 4‐40 X 1/4 Fillister Head 18‐8 S.S,EHC10,TapeTech,2,
209016,Screw 4‐40 X 7/32 Bind Hd.,EHC10,TapeTech,8,
209017,10‐24 Locknut 18‐18 S.S.,EHC10,TapeTech,2,
209030,Wing Nut: 10‐24,EHC10,TapeTech,2,
209039,Skid Cover,EHC10,TapeTech,2,
209042,#10 Brass Washer,EHC10,TapeTech,3,
209046,Washer,EHC10,TapeTech,2,
209047,Bearing Nyliner,EHC10,TapeTech,1,
209058,6‐32 Brass Nut,EHC10,TapeTech,2,
209148,Bearing Nyliner,EHC10,TapeTech,2,
210058F,Latch,EHC10,TapeTech,2,
210059,Shoulder Screw,EHC10,TapeTech,2,
210060,Pivot Bearing,EHC10,TapeTech,2,
210073,Shoulder Screw,EHC10,TapeTech,2,
213051,"Box Wheel, Side Guide",EHC10,TapeTech,2,
219064,Spring Washer,EHC10,TapeTech,2,
219067,"# 310 Buna""O""Ring",EHC10,TapeTech,2,
219081,Screw ‐ 6‐32 X 7/16 Flat Head S.S.,EHC10,TapeTech,2,
240023G,"7"" Side Plate, Right",EHC10,TapeTech,1,
240025G,"7"" Side Plate, Generic, Left",EHC10,TapeTech,1,
250001,"Blade, S.S. 10""",EHC10,TapeTech,2,
254002,Blade Holder Assy.,EHC10,TapeTech,1,
254005,Clamp Assy.,EHC10,TapeTech,1,
260024F,"10"" Wiper",EHC10,TapeTech,1,
260027G,"10"" Pressure Plate, Universal",EHC10,TapeTech,1,
260031G,"10"" Bottom Plate",EHC10,TapeTech,1,
260033G,"10"" Axle Support",EHC10,TapeTech,1,
260071,"10"" Spacer Rod",EHC10,TapeTech,4,
260096,"Seal, 10""",EHC10,TapeTech,1,
260097,"Seal Plate, 10""",EHC10,TapeTech,1,
265045G,"Axle, 10"" Maxx, EasyRoll Wheels",EHC10,TapeTech,1,
280009G,"10"" Pivot Axle",EHC10,TapeTech,1,
280050G,"10"" Power Assist Pivot Retainer,Anodized",EHC10,TapeTech,1,
280132G,"10"" Radius Plate, High Cap, Gold",EHC10,TapeTech,1,
339073,10‐24 X 1 1/4 Sl. Fillister Hd.Screw,EHC10,TapeTech,2,
489013,6‐32 X 1/8 Setscrew,EHC10,TapeTech,4,
489023,"Flat Washer, #6 S.S.",EHC10,TapeTech,2,
809006,Washer:#14 Brass,EHC10,TapeTech,1,
889030,"4‐40 X 3/16 Fillister Head, 18‐8 S.S/",EHC10,TapeTech,4,
059015,Screw 6‐32 X 1/4 Fil. Hd. S.S.,EHC12,TapeTech,4,
059016,"Lockwasher, #6 Medium Spring",EHC12,TapeTech,2,
059018,Stopnut 6‐32 Thin Pat.,EHC12,TapeTech,3,
059020,Screw 6‐32 X 3/8 Bind Hd.,EHC12,TapeTech,6,
059029,Screw 6‐32 X 5/8 Fl. Hd. S.S,EHC12,TapeTech,5,
059038,Lockwasher 4 Med. Spring,EHC12,TapeTech,4,
059051,Screw 6‐32 X 3/16 Fil. Hd. S.S,EHC12,TapeTech,3,
059102,Screw 4‐40 X .225/.235 Fl.Hd.SST.,EHC12,TapeTech,2,
059161,Screw 4‐40 X 3/8 Fil. Hd. S.S,EHC12,TapeTech,4,
059225,Nut 10‐32 Elastic,EHC12,TapeTech,1,
179009,5L10‐Fk Type 6 Nyliner,EHC12,TapeTech,2,
202007,"Push Rod, Crown Adj.",EHC12,TapeTech,2,
202020,Spring Anchor,EHC12,TapeTech,4,
202021,"Nut, Special",EHC12,TapeTech,1,
202022,Repair Clip,EHC12,TapeTech,2,
202028,Threaded Washer,EHC12,TapeTech,2,
202036,Shoulder Screw,EHC12,TapeTech,1,
202044F,Spring,EHC12,TapeTech,2,
206003,Dial Assy.,EHC12,TapeTech,1,
209006,Skid Cover,EHC12,TapeTech,2,
209012,Screw 4‐40 X 1/4 Fillister Head 18‐8 S.S,EHC12,TapeTech,2,
209016,Screw 4‐40 X 7/32 Bind Hd.,EHC12,TapeTech,10,
209017,10‐24 Locknut 18‐18 S.S.,EHC12,TapeTech,2,
209030,Wing Nut: 10‐24,EHC12,TapeTech,2,
209039,Skid Cover,EHC12,TapeTech,2,
209042,#10 Brass Washer,EHC12,TapeTech,3,
209046,Washer,EHC12,TapeTech,2,
209047,Bearing Nyliner,EHC12,TapeTech,1,
209058,6‐32 Brass Nut,EHC12,TapeTech,2,
209148,Bearing Nyliner,EHC12,TapeTech,2,
210058F,Latch,EHC12,TapeTech,2,
210059,Shoulder Screw,EHC12,TapeTech,2,
210060,Pivot Bearing,EHC12,TapeTech,2,
210073,Shoulder Screw,EHC12,TapeTech,2,
213051,"Box Wheel, Side Guide",EHC12,TapeTech,2,
219064,Spring Washer,EHC12,TapeTech,2,
219067,"# 310 Buna""O""Ring",EHC12,TapeTech,2,
219081,Screw ‐ 6‐32 X 7/16 Flat Head S.S.,EHC12,TapeTech,2,
280023G,"10"" Side Plate, Left",EHC12,TapeTech,1,
280025G,"10"" Side Plate, Generic, Right",EHC12,TapeTech,1,
300001,"Blade, S.S. 12""",EHC12,TapeTech,2,
303010,12 Inch Crown Spring,EHC12,TapeTech,1,
304002,Blade Holder Assy.,EHC12,TapeTech,1,
304005,Clamp Assy.,EHC12,TapeTech,1,
310024F,"12"" Wiper",EHC12,TapeTech,1,
310027G,"12"" Pressure Plate, Universal",EHC12,TapeTech,1,
310033G,"12"" Support",EHC12,TapeTech,1,
310071,"12"" Spacer Rod",EHC12,TapeTech,3,
310096,"Seal, 12""",EHC12,TapeTech,1,
310097,"Seal Plate, 12""",EHC12,TapeTech,1,
315045G,"Axle, 12"" Maxx, EasyRoll Wheels",EHC12,TapeTech,1,
330009G,"12"" Pivot Axle",EHC12,TapeTech,1,
330031G,"12"" Bottom Plate (Tapetech)",EHC12,TapeTech,1,
330050G,"12"" Power Assist Pivot Retainer,Anodized",EHC12,TapeTech,1,
330052,4‐40 Standoff,EHC12,TapeTech,2,
330132G,"12"" Radius Plate, High Cap, Gold",EHC12,TapeTech,1,
339073,10‐24 X 1 1/4 Sl. Fillister Hd.Screw,EHC12,TapeTech,2,
489013,6‐32 X 1/8 Setscrew,EHC12,TapeTech,4,
489023,"Flat Washer, #6 S.S.",EHC12,TapeTech,2,
509010,Screw: 4‐40 X 5/16 Fl. Hd. S.S.,EHC12,TapeTech,2,
809006,Washer:#14 Brass,EHC12,TapeTech,1,
889030,"4‐40 X 3/16 Fillister Head, 18‐8 S.S/",EHC12,TapeTech,6,
880060,"Rubber Grip Handle, closed end",FHTT,TapeTech,1,
883027,"Fixed Length Support Handle, Fiberglass",FHTT,TapeTech,1,
059057,Screw 4-40 x 3/16 Bind Hd. S.S,NS02TT,TapeTech,2,
059074,"Stopnut, 8-32 Hex, Elas., S.S.",NS02TT,TapeTech,1,
059225,Nut 10-32 Elastic,NS02TT,TapeTech,1,
209042,#10 Brass Washer,NS02TT,TapeTech,1,
209755,"Screw, 6-32 x 1/2 Flat Hd",NS02TT,TapeTech,2,
359005,Screw: 6-32 X 1/4 Bind Hd.,NS02TT,TapeTech,4,
600005F,"Blade, Carbide, 2"" N.S.",NS02TT,TapeTech,1,
600007,"2"" Skid",NS02TT,TapeTech,1,
600022,Connector,NS02TT,TapeTech,1,
632026,"Spring, Nail Spotters",NS02TT,TapeTech,2,
602029F,"Rivet, Special",NS02TT,TapeTech,1,
602035,Adjustable Stop,NS02TT,TapeTech,1,
602045F,Special Washer,NS02TT,TapeTech,1,
604036,Blade Clamp Assy,NS02TT,TapeTech,1,
609008,Screw 4-40 X 1/2 Flat Hd. S.S.,NS02TT,TapeTech,1,
609011,"Screw, Rnd. Hd. S.S.",NS02TT,TapeTech,2,
609012,Stopnut 4-40 S.S,NS02TT,TapeTech,1,
609015,Nut Block,NS02TT,TapeTech,1,
609018,Washer (Plastic),NS02TT,TapeTech,2,
609020,Friction Washer,NS02TT,TapeTech,1,
609048,4-40X3/8 Flat Head S.S. Screw,NS02TT,TapeTech,1,
609049,Serrated Hex Flange Nut,NS02TT,TapeTech,4,
609050,"Screw,6-32 X 3/32 Slotted Rd Hd",NS02TT,TapeTech,5,
630002,"Latch, 2"" N.S.",NS02TT,TapeTech,1,
630009,"2"" N.S. Facing",NS02TT,TapeTech,1,
630010,"2"" Hinge Block",NS02TT,TapeTech,1,
631015,"2"" N.S. Wiper",NS02TT,TapeTech,1,
630030,"2"" N.S. Insert",NS02TT,TapeTech,1,
634028,"2""Press Plate Assy W/ New Style Tab",NS02TT,TapeTech,1,
638001,"2"" Easyclean Nail Spotter Body, No-Logo",NS02TT,TapeTech,1,
639020,Plastic Washer,NS02TT,TapeTech,1,
729064,"8-32 X 3/8 Slotted Binding Head Screw, S",NS02TT,TapeTech,1,
883021,NS Adapter Jam Nut,NS02TT,TapeTech,1,
883022,NS Adapter,NS02TT,TapeTech,1,
883023,NS Adapter Clamp,NS02TT,TapeTech,1,
059057,Screw 4-40 x 3/16 Bind Hd. S.S,NS03TT,TapeTech,2,
059225,Nut 10-32 Elastic,NS03TT,TapeTech,2,
209042,#10 Brass Washer,NS03TT,TapeTech,1,
209755,"Screw, 6-32 x 1/2 Flat Hd",NS03TT,TapeTech,2,
359005,Screw: 6-32 X 1/4 Bind Hd.,NS03TT,TapeTech,4,
509008,"Screw, 10-32 X 1/2 Bind Hd S.S.",NS03TT,TapeTech,1,
600022,Connector,NS03TT,TapeTech,2,
632026,"Spring, Nail Spotters",NS03TT,TapeTech,2,
602029F,"Rivet, Special",NS03TT,TapeTech,1,
602035,Adjustable Stop,NS03TT,TapeTech,1,
602045F,Special Washer,NS03TT,TapeTech,1,
609008,Screw 4-40 X 1/2 Flat Hd. S.S.,NS03TT,TapeTech,1,
609011,"Screw, Rnd. Hd. S.S.",NS03TT,TapeTech,3,
609012,Stopnut 4-40 S.S,NS03TT,TapeTech,1,
609015,Nut Block,NS03TT,TapeTech,1,
609018,Washer (Plastic),NS03TT,TapeTech,4,
609020,Friction Washer,NS03TT,TapeTech,1,
609048,4-40X3/8 Flat Head S.S. Screw,NS03TT,TapeTech,1,
609049,Serrated Hex Flange Nut,NS03TT,TapeTech,5,
609050,"Screw,6-32 X 3/32 Slotted Rd Hd",NS03TT,TapeTech,5,
639020,Plastic Washer,NS03TT,TapeTech,1,
650005F,"Blade, Carbide, 3"" N.S.",NS03TT,TapeTech,1,
650007,"3"" Skid",NS03TT,TapeTech,1,
650040,Special Washer,NS03TT,TapeTech,1,
654036,Blade Clamp Assy,NS03TT,TapeTech,1,
680002,"Latch, 3"" N.S.",NS03TT,TapeTech,1,
680009,"3"" N.S. Facing",NS03TT,TapeTech,1,
680010,"3"" Hinge Block",NS03TT,TapeTech,1,
681015,"3"" N.S. Wiper",NS03TT,TapeTech,1,
680030,"3"" N.S. Insert",NS03TT,TapeTech,1,
684028,"3"" Press Plate Assy",NS03TT,TapeTech,1,
688001,"3"" Easyclean Nail Spotter Body, No-Logo",NS03TT,TapeTech,1,
883021,NS Adapter Jam Nut,NS03TT,TapeTech,1,
883022,NS Adapter,NS03TT,TapeTech,1,
883023,NS Adapter Clamp,NS03TT,TapeTech,1,
059012,Screw 6-32 X 3/8 Fil. Hd. S.S.,PA07H,TapeTech,1,
059015,Screw 6-32 X 1/4 Fil. Hd. S.S.,PA07H,TapeTech,4,
059016,"Lockwasher, #6 Medium Spring",PA07H,TapeTech,8,
059018,Stopnut 6-32 Thin Pat.,PA07H,TapeTech,2,
059020,Screw 6-32 X 3/8 Bind Hd.,PA07H,TapeTech,14,
059038,Lockwasher 4 Med. Spring,PA07H,TapeTech,6,
059051,Screw 6-32 X 3/16 Fil. Hd. S.S,PA07H,TapeTech,3,
059102,Screw 4-40 X .225/.235 Fl.Hd.SST.,PA07H,TapeTech,6,
059161,Screw 4-40 X 3/8 Fil. Hd. S.S,PA07H,TapeTech,6,
200001,"Blade, S.S. 7""",PA07H,TapeTech,2,
200052F,Shoulder Screw,PA07H,TapeTech,2,
202007,"Push Rod, Crown Adj.",PA07H,TapeTech,2,
202020,Spring Anchor,PA07H,TapeTech,3,
202021,"Nut, Special",PA07H,TapeTech,1,
202022,Repair Clip,PA07H,TapeTech,2,
202028,Threaded Washer,PA07H,TapeTech,2,
202036,Shoulder Screw,PA07H,TapeTech,1,
203010,7 and 10 Inch Crown Spring,PA07H,TapeTech,2,
204002,Blade Holder Assy.,PA07H,TapeTech,1,
204005,Blade Clamp Assy.,PA07H,TapeTech,1,
206003,Dial Assy.,PA07H,TapeTech,1,
209006,Skid Cover,PA07H,TapeTech,2,
209012,Screw 4-40 X 1/4 Fillister Head 18-8 S.S,PA07H,TapeTech,2,
209016,Screw 4-40 X 7/32 Bind Hd.,PA07H,TapeTech,6,
209017,10-24 Locknut 18-18 S.S.,PA07H,TapeTech,2,
209030,Wing Nut: 10-24,PA07H,TapeTech,2,
209039,Skid Cover,PA07H,TapeTech,2,
209042,#10 Brass Washer,PA07H,TapeTech,3,
209046,Washer,PA07H,TapeTech,2,
209047,Bearing Nyliner,PA07H,TapeTech,1,
209058,6-32 Brass Nut,PA07H,TapeTech,2,
209148,Bearing Nyliner,PA07H,TapeTech,4,
210024F,"7"" Wiper",PA07H,TapeTech,1,
210031G,"7"" Bottom Plate",PA07H,TapeTech,1,
210060,Pivot Bearing,PA07H,TapeTech,2,
210071,Spacer Rod,PA07H,TapeTech,4,
210096,"Seal, 7""",PA07H,TapeTech,1,
210097,"Seal Plate, 7""",PA07H,TapeTech,1,
212081,Arm (Power Assist),PA07H,TapeTech,2,
212082,Bushing (Power Assist),PA07H,TapeTech,1,
212083,Cog (Power Assist),PA07H,TapeTech,1,
212084,"Flange, Left (Power Assist)",PA07H,TapeTech,1,
212085,"Flange, Right (Power Assist)",PA07H,TapeTech,1,
212086,Hook (Power Assist),PA07H,TapeTech,2,
212087,Lock (Power Assist),PA07H,TapeTech,1,
212088,Prawl (Power Assist),PA07H,TapeTech,1,
212089,Spacer (Power Assist),PA07H,TapeTech,1,
212090,Spring (Power Assist),PA07H,TapeTech,1,
219067,"# 310 Buna""O""Ring",PA07H,TapeTech,2,
219080,"Screw, 6-32 X 5/8",PA07H,TapeTech,2,
219081,Screw - 6-32 X 7/16 Flat Head S.S.,PA07H,TapeTech,6,
219091,Spring,PA07H,TapeTech,2,
219092,"Screw 4-40 X 1"" Bind Hd 18-8",PA07H,TapeTech,1,
219093,6-32 X 3/4 Fl Hd Slotted Sst,PA07H,TapeTech,1,
219095,Washer,PA07H,TapeTech,2,
240009G,"7"" Pivot Axle",PA07H,TapeTech,1,
240023G,"7"" Side Plate, Right",PA07H,TapeTech,1,
240025G,"7"" Side Plate, Generic, Left",PA07H,TapeTech,1,
240027G,"7"" Pressure Plate",PA07H,TapeTech,1,
240032G,"7"" Radius Plate",PA07H,TapeTech,1,
240045G,Axle Power Assist,PA07H,TapeTech,1,
240050G,"7"" Power Assist Pivot Retainer,Anodized",PA07H,TapeTech,1,
310051F,Wheel,PA07H,TapeTech,2,
339073,10-24 X 1 1/4 Sl. Fillister Hd.Screw,PA07H,TapeTech,2,
489023,"Flat Washer, #6 S.S.",PA07H,TapeTech,2,
609012,Stopnut 4-40 S.S,PA07H,TapeTech,1,
809006,Washer:#14 Brass,PA07H,TapeTech,1,
889030,"4-40 X 3/16 Fillister Head, 18-8 S.S/",PA07H,TapeTech,4,
059012,Screw 6-32 X 3/8 Fil. Hd. S.S.,PA10H,TapeTech,1,
059015,Screw 6-32 X 1/4 Fil. Hd. S.S.,PA10H,TapeTech,4,
059016,"Lockwasher, #6 Medium Spring",PA10H,TapeTech,8,
059018,Stopnut 6-32 Thin Pat.,PA10H,TapeTech,2,
059020,Screw 6-32 X 3/8 Bind Hd.,PA10H,TapeTech,14,
059038,Lockwasher 4 Med. Spring,PA10H,TapeTech,4,
059051,Screw 6-32 X 3/16 Fil. Hd. S.S,PA10H,TapeTech,3,
059102,Screw 4-40 X .225/.235 Fl.Hd.SST.,PA10H,TapeTech,8,
059161,Screw 4-40 X 3/8 Fil. Hd. S.S,PA10H,TapeTech,4,
200052F,Shoulder Screw,PA10H,TapeTech,2,
202007,"Push Rod, Crown Adj.",PA10H,TapeTech,2,
202020,Spring Anchor,PA10H,TapeTech,4,
202021,"Nut, Special",PA10H,TapeTech,1,
202022,Repair Clip,PA10H,TapeTech,2,
202028,Threaded Washer,PA10H,TapeTech,2,
202036,Shoulder Screw,PA10H,TapeTech,1,
203010,7 and 10 Inch Crown Spring,PA10H,TapeTech,1,
206003,Dial Assy.,PA10H,TapeTech,1,
209006,Skid Cover,PA10H,TapeTech,2,
209012,Screw 4-40 X 1/4 Fillister Head 18-8 S.S,PA10H,TapeTech,2,
209016,Screw 4-40 X 7/32 Bind Hd.,PA10H,TapeTech,8,
209017,10-24 Locknut 18-18 S.S.,PA10H,TapeTech,2,
209030,Wing Nut: 10-24,PA10H,TapeTech,2,
209039,Skid Cover,PA10H,TapeTech,2,
209042,#10 Brass Washer,PA10H,TapeTech,3,
209046,Washer,PA10H,TapeTech,2,
209047,Bearing Nyliner,PA10H,TapeTech,1,
209058,6-32 Brass Nut,PA10H,TapeTech,2,
209148,Bearing Nyliner,PA10H,TapeTech,4,
210060,Pivot Bearing,PA10H,TapeTech,2,
212081,Arm (Power Assist),PA10H,TapeTech,2,
212082,Bushing (Power Assist),PA10H,TapeTech,1,
212083,Cog (Power Assist),PA10H,TapeTech,1,
212084,"Flange, Left (Power Assist)",PA10H,TapeTech,1,
212085,"Flange, Right (Power Assist)",PA10H,TapeTech,1,
212086,Hook (Power Assist),PA10H,TapeTech,2,
212087,Lock (Power Assist),PA10H,TapeTech,1,
212088,Prawl (Power Assist),PA10H,TapeTech,1,
212089,Spacer (Power Assist),PA10H,TapeTech,1,
212090,Spring (Power Assist),PA10H,TapeTech,1,
219067,"# 310 Buna""O""Ring",PA10H,TapeTech,2,
219080,"Screw, 6-32 X 5/8",PA10H,TapeTech,2,
219081,Screw - 6-32 X 7/16 Flat Head S.S.,PA10H,TapeTech,6,
219091,Spring,PA10H,TapeTech,2,
219092,"Screw 4-40 X 1"" Bind Hd 18-8",PA10H,TapeTech,1,
219093,6-32 X 3/4 Fl Hd Slotted Sst,PA10H,TapeTech,1,
219095,Washer,PA10H,TapeTech,2,
250001,"Blade, S.S. 10""",PA10H,TapeTech,2,
254002,Blade Holder Assy.,PA10H,TapeTech,1,
254005,Clamp Assy.,PA10H,TapeTech,1,
260024F,"10"" Combo Wiper",PA10H,TapeTech,1,
260031G,"10"" Bottom Plate",PA10H,TapeTech,1,
260071,"10"" Spacer Rod",PA10H,TapeTech,3,
260096,"Seal, 10""",PA10H,TapeTech,1,
260097,"Seal Plate, 10""",PA10H,TapeTech,1,
280009G,"10"" Pivot Axle",PA10H,TapeTech,1,
280023G,"10"" Side Plate, Left",PA10H,TapeTech,1,
280025G,"10"" Side Plate, Generic, Right",PA10H,TapeTech,1,
280027G,"10"" Pressure Plate",PA10H,TapeTech,1,
280032G,"10"" Radius Plate",PA10H,TapeTech,1,
280045G,Axle,PA10H,TapeTech,1,
280050G,"10"" Power Assist Pivot Retainer,Anodized",PA10H,TapeTech,1,
310051F,Wheel,PA10H,TapeTech,2,
339073,10-24 X 1 1/4 Sl. Fillister Hd.Screw,PA10H,TapeTech,2,
489023,"Flat Washer, #6 S.S.",PA10H,TapeTech,2,
609012,Stopnut 4-40 S.S,PA10H,TapeTech,1,
809006,Washer:#14 Brass,PA10H,TapeTech,1,
889030,"4-40 X 3/16 Fillister Head, 18-8 S.S/",PA10H,TapeTech,4,
059012,Screw 6-32 X 3/8 Fil. Hd. S.S.,PA12H,TapeTech,1,
059015,Screw 6-32 X 1/4 Fil. Hd. S.S.,PA12H,TapeTech,4,
059016,"Lockwasher, #6 Medium Spring",PA12H,TapeTech,8,
059018,Stopnut 6-32 Thin Pat.,PA12H,TapeTech,2,
059020,Screw 6-32 X 3/8 Bind Hd.,PA12H,TapeTech,16,
059038,Lockwasher 4 Med. Spring,PA12H,TapeTech,6,
059051,Screw 6-32 X 3/16 Fil. Hd. S.S,PA12H,TapeTech,3,
059102,Screw 4-40 X .225/.235 Fl.Hd.SST.,PA12H,TapeTech,6,
059161,Screw 4-40 X 3/8 Fil. Hd. S.S,PA12H,TapeTech,6,
200052F,Shoulder Screw,PA12H,TapeTech,2,
202007,"Push Rod, Crown Adj.",PA12H,TapeTech,2,
202020,Spring Anchor,PA12H,TapeTech,4,
202021,"Nut, Special",PA12H,TapeTech,1,
202022,Repair Clip,PA12H,TapeTech,2,
202028,Threaded Washer,PA12H,TapeTech,2,
202036,Shoulder Screw,PA12H,TapeTech,1,
206003,Dial Assy.,PA12H,TapeTech,1,
209006,Skid Cover,PA12H,TapeTech,2,
209012,Screw 4-40 X 1/4 Fillister Head 18-8 S.S,PA12H,TapeTech,2,
209016,Screw 4-40 X 7/32 Bind Hd.,PA12H,TapeTech,10,
209017,10-24 Locknut 18-18 S.S.,PA12H,TapeTech,2,
209030,Wing Nut: 10-24,PA12H,TapeTech,2,
209039,Skid Cover,PA12H,TapeTech,2,
209042,#10 Brass Washer,PA12H,TapeTech,3,
209046,Washer,PA12H,TapeTech,2,
209047,Bearing Nyliner,PA12H,TapeTech,1,
209058,6-32 Brass Nut,PA12H,TapeTech,2,
209148,Bearing Nyliner,PA12H,TapeTech,4,
210060,Pivot Bearing,PA12H,TapeTech,2,
212081,Arm (Power Assist),PA12H,TapeTech,2,
212082,Bushing (Power Assist),PA12H,TapeTech,1,
212083,Cog (Power Assist),PA12H,TapeTech,1,
212084,"Flange, Left (Power Assist)",PA12H,TapeTech,1,
212085,"Flange, Right (Power Assist)",PA12H,TapeTech,1,
212086,Hook (Power Assist),PA12H,TapeTech,2,
212087,Lock (Power Assist),PA12H,TapeTech,1,
212088,Prawl (Power Assist),PA12H,TapeTech,1,
212089,Spacer (Power Assist),PA12H,TapeTech,1,
212090,Spring (Power Assist),PA12H,TapeTech,1,
219067,"# 310 Buna""O""Ring",PA12H,TapeTech,2,
219080,"Screw, 6-32 X 5/8",PA12H,TapeTech,2,
219081,Screw - 6-32 X 7/16 Flat Head S.S.,PA12H,TapeTech,6,
219091,Spring,PA12H,TapeTech,2,
219092,"Screw 4-40 X 1"" Bind Hd 18-8",PA12H,TapeTech,1,
219093,6-32 X 3/4 Fl Hd Slotted Sst,PA12H,TapeTech,1,
219095,Washer,PA12H,TapeTech,2,
300001,"Blade, S.S. 12""",PA12H,TapeTech,2,
303010,12 Inch Crown Spring,PA12H,TapeTech,1,
304002,Blade Holder Assy.,PA12H,TapeTech,1,
304005,Clamp Assy.,PA12H,TapeTech,1,
310024F,"12"" Viton Wiper",PA12H,TapeTech,1,
310045G,"12"" Axle",PA12H,TapeTech,1,
310051F,Wheel,PA12H,TapeTech,2,
310071,"12"" Spacer Rod",PA12H,TapeTech,3,
310096,"Seal, 12""",PA12H,TapeTech,1,
310097,"Seal Plate, 12""",PA12H,TapeTech,1,
330009G,"12"" Pivot Axle",PA12H,TapeTech,1,
330023G,"12"" Side Plate, Right",PA12H,TapeTech,1,
330025G,"12"" Side Plate, Generic, Left",PA12H,TapeTech,1,
330027G,"12"" Pressure Plate",PA12H,TapeTech,1,
330031G,"12"" Bottom Plate (Tapetech)",PA12H,TapeTech,1,
330032G,"12"" Radius Plate",PA12H,TapeTech,1,
330050G,"12"" Power Assist Pivot Retainer,Anodized",PA12H,TapeTech,1,
330052,4-40 Standoff,PA12H,TapeTech,2,
339073,10-24 X 1 1/4 Sl. Fillister Hd.Screw,PA12H,TapeTech,2,
489023,"Flat Washer, #6 S.S.",PA12H,TapeTech,2,
509010,Screw: 4-40 X 5/16 Fl. Hd. S.S.,PA12H,TapeTech,2,
609012,Stopnut 4-40 S.S,PA12H,TapeTech,1,
809006,Washer:#14 Brass,PA12H,TapeTech,1,
889030,"4-40 X 3/16 Fillister Head, 18-8 S.S/",PA12H,TapeTech,6,
059012,Screw 6‐32 X 3/8 Fil. Hd. S.S.,PAHC07,TapeTech,1,
059015,Screw 6‐32 X 1/4 Fil. Hd. S.S.,PAHC07,TapeTech,4,
059016,"Lockwasher, #6 Medium Spring",PAHC07,TapeTech,8,
059018,Stopnut 6‐32 Thin Pat.,PAHC07,TapeTech,2,
059020,Screw 6‐32 X 3/8 Bind Hd.,PAHC07,TapeTech,14,
059038,Lockwasher 4 Med. Spring,PAHC07,TapeTech,6,
059051,Screw 6‐32 X 3/16 Fil. Hd. S.S,PAHC07,TapeTech,2,
059102,Screw 4‐40 X .225/.235 Fl.Hd.SST.,PAHC07,TapeTech,2,
059161,Screw 4‐40 X 3/8 Fil. Hd. S.S,PAHC07,TapeTech,6,
179009,5L10‐Fk Type 6 Nyliner,PAHC07,TapeTech,2,
200001,"Blade, S.S. 7""",PAHC07,TapeTech,2,
202007,"Push Rod, Crown Adj.",PAHC07,TapeTech,2,
202020,Spring Anchor,PAHC07,TapeTech,3,
202021,"Nut, Special",PAHC07,TapeTech,1,
202022,Repair Clip,PAHC07,TapeTech,2,
202028,Threaded Washer,PAHC07,TapeTech,2,
202036,Shoulder Screw,PAHC07,TapeTech,1,
203010,7 and 10 Inch Crown Spring,PAHC07,TapeTech,2,
204002,Blade Holder Assy.,PAHC07,TapeTech,1,
204005,Blade Clamp Assy.,PAHC07,TapeTech,1,
206003,Dial Assy.,PAHC07,TapeTech,1,
209006,Skid Cover,PAHC07,TapeTech,2,
209012,Screw 4‐40 X 1/4 Fillister Head 18‐8 S.S,PAHC07,TapeTech,2,
209016,Screw 4‐40 X 7/32 Bind Hd.,PAHC07,TapeTech,6,
209017,10‐24 Locknut 18‐18 S.S.,PAHC07,TapeTech,2,
209030,Wing Nut: 10‐24,PAHC07,TapeTech,2,
209039,Skid Cover,PAHC07,TapeTech,2,
209042,#10 Brass Washer,PAHC07,TapeTech,3,
209046,Washer,PAHC07,TapeTech,2,
209047,Bearing Nyliner,PAHC07,TapeTech,1,
209058,6‐32 Brass Nut,PAHC07,TapeTech,2,
209148,Bearing Nyliner,PAHC07,TapeTech,2,
210024F,"7"" Wiper",PAHC07,TapeTech,1,
210031G,"7"" Bottom Plate",PAHC07,TapeTech,1,
210060,Pivot Bearing,PAHC07,TapeTech,2,
210071,Spacer Rod,PAHC07,TapeTech,4,
210073,Shoulder Screw,PAHC07,TapeTech,2,
210096,"Seal, 7""",PAHC07,TapeTech,1,
210097,"Seal Plate, 7""",PAHC07,TapeTech,1,
212081,Arm (Power Assist),PAHC07,TapeTech,2,
212082,Bushing (Power Assist),PAHC07,TapeTech,1,
212084,"Flange, Left (Power Assist)",PAHC07,TapeTech,1,
212085,"Flange, Right (Power Assist)",PAHC07,TapeTech,1,
212086,Hook (Power Assist),PAHC07,TapeTech,2,
212087,Lock (Power Assist),PAHC07,TapeTech,1,
212088,Prawl (Power Assist),PAHC07,TapeTech,1,
212089,Spacer (Power Assist),PAHC07,TapeTech,1,
212090,Spring (Power Assist),PAHC07,TapeTech,1,
213051,"Box Wheel, Side Guide",PAHC07,TapeTech,2,
213083,Cog (Power Assist),PAHC07,TapeTech,1,
215045G,"Axle, 7"" Maxx, EasyRoll Wheels",PAHC07,TapeTech,1,
219067,"# 310 Buna""O""Ring",PAHC07,TapeTech,2,
219081,Screw ‐ 6‐32 X 7/16 Flat Head S.S.,PAHC07,TapeTech,5,
219091,Spring,PAHC07,TapeTech,2,
219092,"Screw 4‐40 X 1"" Bind Hd 18‐8",PAHC07,TapeTech,1,
219093,6‐32 X 3/4 Fl Hd Slotted Sst,PAHC07,TapeTech,1,
219095,Washer,PAHC07,TapeTech,2,
240009G,"7"" Pivot Axle",PAHC07,TapeTech,1,
240027G,"7"" Pressure Plate",PAHC07,TapeTech,1,
240050G,"7"" Power Assist Pivot Retainer,Anodized",PAHC07,TapeTech,1,
240123G,"7"" Side Plate, Right, High Cap, Gold",PAHC07,TapeTech,1,
240125G,"7"" Side Plate, Left, High Cap, Gold",PAHC07,TapeTech,1,
240132G,"7"" Radius Plate, High Cap, Gold",PAHC07,TapeTech,1,
339073,10‐24 X 1 1/4 Sl. Fillister Hd.Screw,PAHC07,TapeTech,2,
489023,"Flat Washer, #6 S.S.",PAHC07,TapeTech,2,
609012,Stopnut 4‐40 S.S,PAHC07,TapeTech,1,
809006,Washer:#14 Brass,PAHC07,TapeTech,1,
889030,"4‐40 X 3/16 Fillister Head, 18‐8 S.S/",PAHC07,TapeTech,4,
059012,Screw 6‐32 X 3/8 Fil. Hd. S.S.,PAHC10,TapeTech,1,
059015,Screw 6‐32 X 1/4 Fil. Hd. S.S.,PAHC10,TapeTech,4,
059016,"Lockwasher, #6 Medium Spring",PAHC10,TapeTech,8,
059018,Stopnut 6‐32 Thin Pat.,PAHC10,TapeTech,2,
059020,Screw 6‐32 X 3/8 Bind Hd.,PAHC10,TapeTech,14,
059038,Lockwasher 4 Med. Spring,PAHC10,TapeTech,4,
059051,Screw 6‐32 X 3/16 Fil. Hd. S.S,PAHC10,TapeTech,2,
059102,Screw 4‐40 X .225/.235 Fl.Hd.SST.,PAHC10,TapeTech,2,
059161,Screw 4‐40 X 3/8 Fil. Hd. S.S,PAHC10,TapeTech,4,
179009,5L10‐Fk Type 6 Nyliner,PAHC10,TapeTech,2,
202007,"Push Rod, Crown Adj.",PAHC10,TapeTech,2,
202020,Spring Anchor,PAHC10,TapeTech,4,
202021,"Nut, Special",PAHC10,TapeTech,1,
202022,Repair Clip,PAHC10,TapeTech,2,
202028,Threaded Washer,PAHC10,TapeTech,2,
202036,Shoulder Screw,PAHC10,TapeTech,1,
203010,7 and 10 Inch Crown Spring,PAHC10,TapeTech,1,
206003,Dial Assy.,PAHC10,TapeTech,1,
209006,Skid Cover,PAHC10,TapeTech,2,
209012,Screw 4‐40 X 1/4 Fillister Head 18‐8 S.S,PAHC10,TapeTech,2,
209016,Screw 4‐40 X 7/32 Bind Hd.,PAHC10,TapeTech,8,
209017,10‐24 Locknut 18‐18 S.S.,PAHC10,TapeTech,2,
209030,Wing Nut: 10‐24,PAHC10,TapeTech,2,
209039,Skid Cover,PAHC10,TapeTech,2,
209042,#10 Brass Washer,PAHC10,TapeTech,3,
209046,Washer,PAHC10,TapeTech,2,
209047,Bearing Nyliner,PAHC10,TapeTech,1,
209058,6‐32 Brass Nut,PAHC10,TapeTech,2,
209148,Bearing Nyliner,PAHC10,TapeTech,2,
210060,Pivot Bearing,PAHC10,TapeTech,2,
210073,Shoulder Screw,PAHC10,TapeTech,2,
212081,Arm (Power Assist),PAHC10,TapeTech,2,
212082,Bushing (Power Assist),PAHC10,TapeTech,1,
212084,"Flange, Left (Power Assist)",PAHC10,TapeTech,1,
212085,"Flange, Right (Power Assist)",PAHC10,TapeTech,1,
212086,Hook (Power Assist),PAHC10,TapeTech,2,
212087,Lock (Power Assist),PAHC10,TapeTech,1,
212088,Prawl (Power Assist),PAHC10,TapeTech,1,
212089,Spacer (Power Assist),PAHC10,TapeTech,1,
212090,Spring (Power Assist),PAHC10,TapeTech,1,
213051,"Box Wheel, Side Guide",PAHC10,TapeTech,2,
213083,Cog (Power Assist),PAHC10,TapeTech,1,
219067,"# 310 Buna""O""Ring",PAHC10,TapeTech,2,
219081,Screw ‐ 6‐32 X 7/16 Flat Head S.S.,PAHC10,TapeTech,5,
219091,Spring,PAHC10,TapeTech,2,
219092,"Screw 4‐40 X 1"" Bind Hd 18‐8",PAHC10,TapeTech,1,
219093,6‐32 X 3/4 Fl Hd Slotted Sst,PAHC10,TapeTech,1,
219095,Washer,PAHC10,TapeTech,2,
240023G,"7"" Side Plate, Right",PAHC10,TapeTech,1,
240025G,"7"" Side Plate, Generic, Left",PAHC10,TapeTech,1,
250001,"Blade, S.S. 10""",PAHC10,TapeTech,2,
254002,Blade Holder Assy.,PAHC10,TapeTech,1,
254005,Clamp Assy.,PAHC10,TapeTech,1,
260024F,"10"" Wiper",PAHC10,TapeTech,1,
260031G,"10"" Bottom Plate",PAHC10,TapeTech,1,
260071,"10"" Spacer Rod",PAHC10,TapeTech,4,
260096,"Seal, 10""",PAHC10,TapeTech,1,
260097,"Seal Plate, 10""",PAHC10,TapeTech,1,
265045G,"Axle, 10"" Maxx, EasyRoll Wheels",PAHC10,TapeTech,1,
280009G,"10"" Pivot Axle",PAHC10,TapeTech,1,
280027G,"10"" Pressure Plate",PAHC10,TapeTech,1,
280050G,"10"" Power Assist Pivot Retainer,Anodized",PAHC10,TapeTech,1,
280132G,"10"" Radius Plate, High Cap, Gold",PAHC10,TapeTech,1,
339073,10‐24 X 1 1/4 Sl. Fillister Hd.Screw,PAHC10,TapeTech,2,
489023,"Flat Washer, #6 S.S.",PAHC10,TapeTech,2,
609012,Stopnut 4‐40 S.S,PAHC10,TapeTech,1,
809006,Washer:#14 Brass,PAHC10,TapeTech,1,
889030,"4‐40 X 3/16 Fillister Head, 18‐8 S.S/",PAHC10,TapeTech,4,
059012,Screw 6-32 X 3/8 Fil. Hd. S.S.,PAHC12,TapeTech,1,
059015,Screw 6-32 X 1/4 Fil. Hd. S.S.,PAHC12,TapeTech,4,
059016,"Lockwasher, #6 Medium Spring",PAHC12,TapeTech,8,
059018,Stopnut 6-32 Thin Pat.,PAHC12,TapeTech,2,
059020,Screw 6-32 X 3/8 Bind Hd.,PAHC12,TapeTech,16,
059038,Lockwasher 4 Med. Spring,PAHC12,TapeTech,6,
059051,Screw 6-32 X 3/16 Fil. Hd. S.S,PAHC12,TapeTech,2,
059102,Screw 4-40 X .225/.235 Fl.Hd.SST.,PAHC12,TapeTech,2,
059161,Screw 4-40 X 3/8 Fil. Hd. S.S,PAHC12,TapeTech,6,
179009,5L10-Fk Type 6 Nyliner,PAHC12,TapeTech,2,
202007,"Push Rod, Crown Adj.",PAHC12,TapeTech,2,
202020,Spring Anchor,PAHC12,TapeTech,4,
202021,"Nut, Special",PAHC12,TapeTech,1,
202022,Repair Clip,PAHC12,TapeTech,2,
202028,Threaded Washer,PAHC12,TapeTech,2,
202036,Shoulder Screw,PAHC12,TapeTech,1,
206003,Dial Assy.,PAHC12,TapeTech,1,
209006,Skid Cover,PAHC12,TapeTech,2,
209012,Screw 4-40 X 1/4 Fillister Head 18-8 S.S,PAHC12,TapeTech,2,
209016,Screw 4-40 X 7/32 Bind Hd.,PAHC12,TapeTech,10,
209017,10-24 Locknut 18-18 S.S.,PAHC12,TapeTech,2,
209030,Wing Nut: 10-24,PAHC12,TapeTech,2,
209039,Skid Cover,PAHC12,TapeTech,2,
209042,#10 Brass Washer,PAHC12,TapeTech,3,
209046,Washer,PAHC12,TapeTech,2,
209047,Bearing Nyliner,PAHC12,TapeTech,1,
209058,6-32 Brass Nut,PAHC12,TapeTech,2,
209148,Bearing Nyliner,PAHC12,TapeTech,2,
210060,Pivot Bearing,PAHC12,TapeTech,2,
210073,Shoulder Screw,PAHC12,TapeTech,2,
212081,Arm (Power Assist),PAHC12,TapeTech,2,
212082,Bushing (Power Assist),PAHC12,TapeTech,1,
212084,"Flange, Left (Power Assist)",PAHC12,TapeTech,1,
212085,"Flange, Right (Power Assist)",PAHC12,TapeTech,1,
212086,Hook (Power Assist),PAHC12,TapeTech,2,
212087,Lock (Power Assist),PAHC12,TapeTech,1,
212088,Prawl (Power Assist),PAHC12,TapeTech,1,
212089,Spacer (Power Assist),PAHC12,TapeTech,1,
212090,Spring (Power Assist),PAHC12,TapeTech,1,
213051,"Box Wheel, Side Guide",PAHC12,TapeTech,2,
213083,Cog (Power Assist),PAHC12,TapeTech,1,
219067,"# 310 Buna""O""Ring",PAHC12,TapeTech,2,
219081,Screw - 6-32 X 7/16 Flat Head S.S.,PAHC12,TapeTech,5,
219091,Spring,PAHC12,TapeTech,2,
219092,"Screw 4-40 X 1"" Bind Hd 18-8",PAHC12,TapeTech,1,
219093,6-32 X 3/4 Fl Hd Slotted Sst,PAHC12,TapeTech,1,
219095,Washer,PAHC12,TapeTech,2,
280023G,"Side Plate, Right",PAHC12,TapeTech,1,
280025G,"Side Plate, Left",PAHC12,TapeTech,1,
300001,"Blade, S.S. 12""",PAHC12,TapeTech,2,
303010,12 Inch Crown Spring,PAHC12,TapeTech,1,
304002,Blade Holder Assy.,PAHC12,TapeTech,1,
304005,Clamp Assy.,PAHC12,TapeTech,1,
310024F,"12"" Wiper",PAHC12,TapeTech,1,
310071,"12"" Spacer Rod",PAHC12,TapeTech,3,
310096,"Seal, 12""",PAHC12,TapeTech,1,
310097,"Seal Plate, 12""",PAHC12,TapeTech,1,
315045G,"Axle, 12"" Maxx, EasyRoll Wheels",PAHC12,TapeTech,1,
330009G,"12"" Pivot Axle",PAHC12,TapeTech,1,
330027G,"12"" Pressure Plate",PAHC12,TapeTech,1,
330031G,"12"" Bottom Plate (Tapetech)",PAHC12,TapeTech,1,
330050G,"12"" Power Assist Pivot Retainer,Anodized",PAHC12,TapeTech,1,
330052,4-40 Standoff,PAHC12,TapeTech,2,
330132G,"12"" Radius Plate, High Cap, Gold",PAHC12,TapeTech,1,
339073,10-24 X 1 1/4 Sl. Fillister Hd.Screw,PAHC12,TapeTech,2,
489023,"Flat Washer, #6 S.S.",PAHC12,TapeTech,2,
509010,Screw: 4-40 X 5/16 Fl. Hd. S.S.,PAHC12,TapeTech,2,
609012,Stopnut 4-40 S.S,PAHC12,TapeTech,1,
809006,Washer:#14 Brass,PAHC12,TapeTech,1,
889030,"4-40 X 3/16 Fillister Head, 18-8 S.S/",PAHC12,TapeTech,6,
149029,"Washer, Nas620C 1/4 L, Sst",QB06-QSX,TapeTech,4,
202028,Threaded Washer,QB06-QSX,TapeTech,2,
209017,10‐24 Locknut 18‐18 S.S.,QB06-QSX,TapeTech,2,
209030,Wing Nut: 10‐24,QB06-QSX,TapeTech,2,
209046,Washer,QB06-QSX,TapeTech,2,
210058F,Latch,QB06-QSX,TapeTech,1,
210059,Shoulder Screw,QB06-QSX,TapeTech,1,
219064,Spring Washer,QB06-QSX,TapeTech,1,
339073,10‐24 X 1 1/4 Sl. Fillister Hd.Screw,QB06-QSX,TapeTech,2,
489023,"Flat Washer, #6 S.S.",QB06-QSX,TapeTech,1,
499023,4‐40 X 3/16 Flat Head Screw 18‐8,QB06-QSX,TapeTech,2,
041050F,Threaded Insert,T05CF,TapeTech,1,
050027,"Lock, Needle Holder",T05CF,TapeTech,1,
050031,"Bushing, Gooser",T05CF,TapeTech,1,
050043F,Anvil,T05CF,TapeTech,1,
050068,Gooser & Cutter Chain Stop,T05CF,TapeTech,1,
050070F,Creaser Axle,T05CF,TapeTech,1,
050113F,Cutter Block Tube,T05CF,TapeTech,1,
050128F,"Bushing, Chain Roller",T05CF,TapeTech,2,
050134,Chain Roller,T05CF,TapeTech,2,
050244,Spool,T05CF,TapeTech,1,
050405B,"Keeper Axle, Black",T05CF,TapeTech,1,
050500,Brake Roller,T05CF,TapeTech,1,
050538,Creaser Spring Anchor,T05CF,TapeTech,3,
050556,Cutter Spring Stud,T05CF,TapeTech,1,
050572,Magnet,T05CF,TapeTech,2,
050573,Magnet Cap,T05CF,TapeTech,1,
050576,Brake Spring Mount,T05CF,TapeTech,1,
050577,Brake Torsion Spring,T05CF,TapeTech,1,
050594,"Pivot Bushing, Short",T05CF,TapeTech,1,
050599,Main Shaft Washer,T05CF,TapeTech,9,
050700,Taper Head,T05CF,TapeTech,1,
050701,Left Side Plate,T05CF,TapeTech,1,
050702,Right Side Plate,T05CF,TapeTech,1,
050703,Spool Mount,T05CF,TapeTech,1,
050707,Cover,T05CF,TapeTech,1,
050710,Tape Guide,T05CF,TapeTech,1,
050712,Main Tube End Plug,T05CF,TapeTech,1,
050713,Inner Mud Tube,T05CF,TapeTech,1,
050715,Link Bushing,T05CF,TapeTech,3,
050718,Creaser Spacer,T05CF,TapeTech,1,
050719,Main Tube Band Assy,T05CF,TapeTech,1,
050720,Control Arm Assy,T05CF,TapeTech,1,
050721A,"Control Tube, Hard Black Anodized",T05CF,TapeTech,1,
050722,Control Tube Flange,T05CF,TapeTech,3,
050723,Flange for Control Arm,T05CF,TapeTech,1,
050725,Spool Mount Retaining Wire,T05CF,TapeTech,1,
050726,Spool Mount Retaining Wire Anchor,T05CF,TapeTech,1,
050727,Gooser,T05CF,TapeTech,1,
050728,Needle Holder,T05CF,TapeTech,1,
050729,Gooser Spring Mount,T05CF,TapeTech,1,
050730,Needle Disengager,T05CF,TapeTech,1,
050737,"Creaser Axle, Threaded",T05CF,TapeTech,1,
050738,Creaser Axle,T05CF,TapeTech,1,
050742,Main Wheel Axle Screw,T05CF,TapeTech,1,
050743,Main Wheel Axle,T05CF,TapeTech,1,
050744,Side Plate Spacer,T05CF,TapeTech,1,
050745A,"Main Tube, Hard Black Anodized",T05CF,TapeTech,1,
050748,Cutter Link Tube,T05CF,TapeTech,1,
050750,Creaser Connector,T05CF,TapeTech,1,
050787,Slider,T05CF,TapeTech,1,
050752,Gooser Guide Rod,T05CF,TapeTech,1,
050788,Creaser Connector Adjuster,T05CF,TapeTech,1,
050754,Control Arm Guide,T05CF,TapeTech,1,
050789,Creaser Connector Adjuster End,T05CF,TapeTech,1,
050757,Main Wheel Hub,T05CF,TapeTech,2,
050790,"Creaser Cam Plate, Mirror",T05CF,TapeTech,1,
050758,Thumb Screw,T05CF,TapeTech,1,
050803,Creaser Trigger,T05CF,TapeTech,1,
050759,Creaser Frame Half,T05CF,TapeTech,1,
050804,Creaser Stop,T05CF,TapeTech,2,
050760,"Creaser Frame Half, Mirror",T05CF,TapeTech,1,
050805,Trigger Stopper,T05CF,TapeTech,1,
050764,Swivel Retaining Ring,T05CF,TapeTech,1,
051094,Spool,T05CF,TapeTech,1,
050770,Cutter Frame,T05CF,TapeTech,1,
052404B,Keeper Yoke,T05CF,TapeTech,1,
050771,Creaser Tape Guide,T05CF,TapeTech,1,
053408,"Spool Post, Slotted",T05CF,TapeTech,1,
050772,Keeper Half,T05CF,TapeTech,2,
056022,Gooser Spring,T05CF,TapeTech,1,
050773,Creaser Wheel,T05CF,TapeTech,1,
056093,Main Wheel,T05CF,TapeTech,2,
050774,Creaser Cam Plate,T05CF,TapeTech,1,
056133,"Pyramid Blade, SST",T05CF,TapeTech,1,
050775,Cam Pivot Roller,T05CF,TapeTech,2,
050776,Creaser Pivot Link,T05CF,TapeTech,1,
056135,"Cutter Chain Assembly, SST.",T05CF,TapeTech,1,
050777,Push Tube,T05CF,TapeTech,1,
059014,Screw 4-40 X 3/16 Truss Hd. S.S,T05CF,TapeTech,1,
050778,Swash Plate,T05CF,TapeTech,1,
059020,Screw 6-32 X 3/8 Bind Hd.,T05CF,TapeTech,8,
050779,Cam Pivot Bar,T05CF,TapeTech,1,
059025,Cotter Pin. 5/64 X 1/2 S.S,T05CF,TapeTech,1,
050780,Connector,T05CF,TapeTech,1,
059037,Screw 4-40 X 1/4 Bind Hd. S.S,T05CF,TapeTech,3,
050781,Creaser Slider,T05CF,TapeTech,2,
059049,"Needle, Gooser",T05CF,TapeTech,1,
050782,Cam Pivot Axle,T05CF,TapeTech,1,
050784,Gooser Body,T05CF,TapeTech,1,
059051,Screw 6-32 X 3/16 Fil. Hd. S.S,T05CF,TapeTech,1,
050785,Control Arm Guide Rod,T05CF,TapeTech,1,
059074,"Stopnut, 8-32 Hex, Elas., S.S.",T05CF,TapeTech,3,
050786,Guide Bushing,T05CF,TapeTech,1,
059092,"Screw 8-32 X 1-1/2, Slotted Rd. Hd., S.S",T05CF,TapeTech,1,
059809,"Spring, LEE LC067K10S",T05CF,TapeTech,1,
059102,Screw 4-40 X .225/.235 Fl.Hd.SST.,T05CF,TapeTech,10,
059810,"Spacer, Creaser Pivot, McM 92320A691",T05CF,TapeTech,1,
059238,1/4-20 X 1/2 Screw Fl Hd Socket Cap,T05CF,TapeTech,1,
059811,Jam Nut 1/4-20,T05CF,TapeTech,1,
059264,4-40 X 7/16 Binding Head Screw,T05CF,TapeTech,2,
159027,"Washer, #8, No 807, SST",T05CF,TapeTech,2,
059322,"Screw, 4-40 X 7/8 Fl. Hd.",T05CF,TapeTech,4,
209042,#10 Brass Washer,T05CF,TapeTech,1,
059616,"Screw, 4-40 x 1/2 Binding Hd, SST",T05CF,TapeTech,1,
209050,"4-40 x 7/16 Slotted FL. Head, SS",T05CF,TapeTech,3,
219095,Washer,T05CF,TapeTech,12,
059620,"Screw, 8-32 x 3/4 Hex Head, SST",T05CF,TapeTech,2,
499023,4-40 X 3/16 Flat Head Screw 18-8,T05CF,TapeTech,12,
059706,"O-ring, 17.5mmID, 1.5mmwidth, Buna",T05CF,TapeTech,1,
509010,Screw: 4-40 X 5/16 Fl. Hd. S.S.,T05CF,TapeTech,5,
059709,"O-ring, -033, Buna",T05CF,TapeTech,1,
609012,Stopnut 4-40 S.S,T05CF,TapeTech,6,
059763,"Nyliner, 5L5F-642",T05CF,TapeTech,2,
609048,4-40X3/8 Flat Head S.S. Screw,T05CF,TapeTech,1,
059793,"Screw, 1/4-20 x 1-1/8 FH Soc, SST",T05CF,TapeTech,1,
800856,"Stud, Swivel",T05CF,TapeTech,1,
059794,"Screw, 4-40 x 1-1/8 Fl Hd Slotted, SST",T05CF,TapeTech,1,
800857,"Adapter, Swivel",T05CF,TapeTech,1,
059795,"Screw, #4 x 1/4 Lg Thd Forming, SST",T05CF,TapeTech,1,
800858,Thrust Washer,T05CF,TapeTech,1,
059796,"Spacer .188, SST, Ref McM-Carr 92320A689",T05CF,TapeTech,4,
809860,"O-Ring, -013",T05CF,TapeTech,1,
059797,"Spring, LEE LE045D13S",T05CF,TapeTech,1,
809861,"O-Ring, -016",T05CF,TapeTech,1,
059798,"E-Ring, Ext, .125/.127 Groove, SST",T05CF,TapeTech,4,
809862,"O-Ring, -907",T05CF,TapeTech,1,
059799,"Spacer .375, SST, Ref McM-Carr 92320A695",T05CF,TapeTech,1,
059801,"Screw, 4-40 x 9/16, Bind Hd, SST",T05CF,TapeTech,1,
059802,"ShoulderScr, 3/16 x 1"", Slotted, SST",T05CF,TapeTech,1,
059806,Trigger Attachment Pin,T05CF,TapeTech,1,
059807,"O-ring, Gooser Stop, -109 Buna",T05CF,TapeTech,1,
059808,"Spring, McM-Carr 9065K259",T05CF,TapeTech,1,
