Category,Subcategory,Product,Variation
Automatic Taping & Finishing Tools,Loading Pumps,EasyClean Pump,76TT - Standard
Automatic Taping & Finishing Tools,Loading Pumps,Extra Long EasyClean Pump,76XLTT - Extra Long
Automatic Taping & Finishing Tools,Loading Pumps,EasyClean Pump,76TT-CA - Clean Access
Automatic Taping & Finishing Tools,Loading Pumps,Gooseneck,85T - Standard
Automatic Taping & Finishing Tools,Loading Pumps,Gooseneck,85XLTT - Extra Long
Automatic Taping & Finishing Tools,Loading Pumps,Filler Adapter,90T
Automatic Taping & Finishing Tools,Loading Pumps,Gooseneck Riser,GSR-TT
Automatic Taping & Finishing Tools,Automatic Tapers,EasyClean Automatic Mini-Taper,03TT
Automatic Taping & Finishing Tools,Automatic Tapers,Automatic Taper Extension,ATX01TT
Automatic Taping & Finishing Tools,Automatic Tapers,EasyClean Carbon Fiber Automatic Taper,07TT-C
Automatic Taping & Finishing Tools,Automatic Tapers,EasyClean Automatic Taper,07TT
Automatic Taping & Finishing Tools,Corner Rollers,Inside Corner Roller,15TTE
Automatic Taping & Finishing Tools,Corner Rollers,Outside Corner Roller,17TT
Automatic Taping & Finishing Tools,Corner Rollers,Outside Corner Roller,17TTE - Enhanced
Automatic Taping & Finishing Tools,Applicator Heads,Outside Corner Applicator,16TT
Automatic Taping & Finishing Tools,Applicator Heads,Inside Corner Applicator,16TT90
Automatic Taping & Finishing Tools,Applicator Heads,Cove Applicator Head,CH55TT - 55mm
Automatic Taping & Finishing Tools,Applicator Heads,Cove Applicator Head,CH75TT - 75mm
Automatic Taping & Finishing Tools,Applicator Heads,Cove Applicator Head,CH83TT - 83mm
Automatic Taping & Finishing Tools,Applicator Heads,Cove Applicator Head,CH90TT - 90mm
Automatic Taping & Finishing Tools,Nail Spotters,Nail Spotter,"NS02TT - 2"""
Automatic Taping & Finishing Tools,Nail Spotters,Nail Spotter,"NS03TT - 3"""
Automatic Taping & Finishing Tools,Corner Finishers,Corner Finisher,"40XTT - 2"""
Automatic Taping & Finishing Tools,Corner Finishers,Corner Finisher,"42TT - 2.5"""
Automatic Taping & Finishing Tools,Adjustable Corner Finishers,EasyRoll Adjustable Corner Finisher,"48TT - 3"""
Automatic Taping & Finishing Tools,Adjustable Corner Finishers,EasyRoll Adjustable Corner Finisher,"48XTT - 3.5"""
Automatic Taping & Finishing Tools,Finishing Boxes,EasyClean Finishing Box,"EZ07TT - 7"""
Automatic Taping & Finishing Tools,Finishing Boxes,EasyClean Finishing Box,"EZ10TT - 10"""
Automatic Taping & Finishing Tools,Finishing Boxes,EasyClean Finishing Box,"EZ12TT - 12"""
Automatic Taping & Finishing Tools,Finishing Boxes,EasyClean Finishing Box,"EZ15TT - 15"""
Automatic Taping & Finishing Tools,High Capacity Boxes,MaxxBox High Capacity Box,"EHC07 - 7"""
Automatic Taping & Finishing Tools,High Capacity Boxes,MaxxBox High Capacity Box,"EHC10 - 10"""
Automatic Taping & Finishing Tools,High Capacity Boxes,MaxxBox High Capacity Box,"EHC12 - 12"""
Automatic Taping & Finishing Tools,Power Assist Boxes,Power Assist MaxxBox,"PAHC07 - 7"""
Automatic Taping & Finishing Tools,Power Assist Boxes,Power Assist MaxxBox,"PAHC10 - 10"""
Automatic Taping & Finishing Tools,Power Assist Boxes,Power Assist MaxxBox,"PAHC12 - 12"""
Automatic Taping & Finishing Tools,QuickBox QSX,QuickBox Finishing Box,"QB06-QSX - 6.5"""
Automatic Taping & Finishing Tools,QuickBox QSX,QuickBox Finishing Box,"QB08-QSX - 8.5"""
Automatic Taping & Finishing Tools,MudRunner,MudRunner Pro,MR01TT
Automatic Taping & Finishing Tools,MudRunner,MudRunner Extension,MRX01TT
Automatic Taping & Finishing Tools,Box Handles,Carbon Fiber Box Handle,"FBH2642TT-CF - 26-42"""
Automatic Taping & Finishing Tools,Box Handles,Carbon Fiber Box Handle,"FBH4272TT-CF - 42-72"""
Automatic Taping & Finishing Tools,Box Handles,Box Handle,"8034TT - 34"""
Automatic Taping & Finishing Tools,Box Handles,Box Handle,"8042TT - 42"""
Automatic Taping & Finishing Tools,Box Handles,Box Handle,"8054TT - 54"""
Automatic Taping & Finishing Tools,Box Handles,Box Handle,"8072TT - 72"""
Automatic Taping & Finishing Tools,Box Handles,EasyFinish Box Handle,"8134TT - 34"""
Automatic Taping & Finishing Tools,Box Handles,EasyFinish Box Handle,"8142TT - 42"""
Automatic Taping & Finishing Tools,Box Handles,EasyFinish Box Handle,"8154TT - 54"""
Automatic Taping & Finishing Tools,Box Handles,EasyFinish Box Handle,"8172TT - 72"""
Automatic Taping & Finishing Tools,Box Handles,Brakeless Box Handle,"BH - 34"""
Automatic Taping & Finishing Tools,Box Handles,Extendable Brakeless Box Handle,"BHE - 34-60"""
Automatic Taping & Finishing Tools,Box Handles,SideWinder Rotational Brakeless Handle,BHE-SW
Automatic Taping & Finishing Tools,Box Handles,Wizard Compact Finishing Box Handle,8000TT
Automatic Taping & Finishing Tools,Box Handles,Wizard Compact Finishing Box Handle,8000TT-PA - Power Assist
Automatic Taping & Finishing Tools,Box Handles,Extension Handle,XHTT
Automatic Taping & Finishing Tools,Box Handles,Fiberglass Handle,FHTT
Automatic Taping & Finishing Tools,Box Handles,Closet Crusher Fiberglass Handle,FHTT-CC
Automatic Taping & Finishing Tools,Box Handles,Corner Applicator Adapter,CAA-TT
Automatic Taping & Finishing Tools,Box Handles,Nail Spotter Adapter,NSA-TT
Automatic Taping & Finishing Tools,Box Handles,Corner Finisher Adapter,CFA-TT
Premium Knives & Trowels,Jointing Knives,Jointing Knife,"JK34SSTT - 0.75"""
Premium Knives & Trowels,Jointing Knives,Jointing Knife,"JK01SSTT - 1"""
Premium Knives & Trowels,Jointing Knives,Jointing Knife,"JK125SSTT - 1.25"""
Premium Knives & Trowels,Jointing Knives,Jointing Knife,"JK02SSTT - 2"""
Premium Knives & Trowels,Jointing Knives,Jointing Knife,"JK03SSTT - 3"""
Premium Knives & Trowels,Jointing Knives,Jointing Knife,"JK04SSTT - 4"""
Premium Knives & Trowels,Jointing Knives,Jointing Knife,"JK05SSTT - 5"""
Premium Knives & Trowels,Jointing Knives,Jointing Knife,"JK06SSTT - 6"""
Premium Knives & Trowels,Specialty Knives,Jointing Knife,"JK04CSTT - 4"" Carbon Steel"
Premium Knives & Trowels,Specialty Knives,Jointing Knife,"JK06CSTT - 6"" Carbon Steel"
Premium Knives & Trowels,Specialty Knives,Clipped & Pointed Knife,"PK35CSTT - 3.5"""
Premium Knives & Trowels,Specialty Knives,Clipped Knife,"CK06CSTT - 6"""
Premium Knives & Trowels,Taping Knives,Taping Knife,"TK08SSTT - 8"""
Premium Knives & Trowels,Taping Knives,Taping Knife,"TK10SSTT - 10"""
Premium Knives & Trowels,Taping Knives,Taping Knife,"TK12SSTT - 12"""
Premium Knives & Trowels,Taping Knives,Taping Knife,"TK14SSTT - 14"""
Premium Knives & Trowels,Taping Knives,Taping Knife,"TK08BSTT - 8"""
Premium Knives & Trowels,Taping Knives,Taping Knife,"TK10BSTT - 10"""
Premium Knives & Trowels,Taping Knives,Taping Knife,"TK12BSTT - 12"""
Premium Knives & Trowels,Taping Knives,Taping Knife,"TK14BSTT - 14"""
Premium Knives & Trowels,Offset Taping Knives,Offset Taping Knife,"TKOS08BSTT - 8"""
Premium Knives & Trowels,Offset Taping Knives,Offset Taping Knife,"TKOS10BSTT - 10"""
Premium Knives & Trowels,Offset Taping Knives,Offset Taping Knife,"TKOS12BSTT - 12"""
Premium Knives & Trowels,Offset Taping Knives,Offset Taping Knife,"TKOS14BSTT - 14"""
Premium Knives & Trowels,Offset Taping Knives,Offset Taping Knife,"TKOS16BSTT - 16"""
Premium Knives & Trowels,Corner Trowels,Inside Corner Trowel,"VIN4030 - 13/16"""
Premium Knives & Trowels,Corner Trowels,Inside Corner Trowel,"VIN8025 - 1"""
Premium Knives & Trowels,Corner Trowels,Inside Corner Trowel,"VIN8060 - 2.375"""
Premium Knives & Trowels,Corner Trowels,Inside Corner Trowel,"VIN11075 - 3"""
Premium Knives & Trowels,Corner Trowels,Outside Corner Trowel,"VEX4030 - 13/16"""
Premium Knives & Trowels,Corner Trowels,Outside Corner Trowel,"VEX8025 - 1"""
Premium Knives & Trowels,Corner Trowels,Outside Corner Trowel,"VEX8060 - 2.375"""
Premium Knives & Trowels,Corner Trowels,Outside Corner Trowel,"VEX11075 - 3"""
Premium Knives & Trowels,Corner Trowels,Inside Corner Trowel Set,VINSET4 - Set of 4 sizes
Premium Knives & Trowels,Corner Trowels,Outside Corner Trowel Set,VEXSET4 - Set of 4 sizes
Premium Knives & Trowels,Mud Pans & Hawks,Mud Pan,"MP12SSTT - 12"""
Premium Knives & Trowels,Mud Pans & Hawks,Mud Pan,"MP14SSTT - 14"""
Premium Knives & Trowels,Mud Pans & Hawks,Finishing Hawk,"HAWK001-PS - 13"""
Premium Knives & Trowels,Mud Pans & Hawks,Finishing Hawk,"HAWK002-PS - 12"""
Tools of the Trade,Multi-tools,9-in-1 Stainless Steel Multi-tool,MT01TT
Tools of the Trade,Jam Clearing,Jam Clearing Tool,JCT01TT
Tools of the Trade,Saws,Carbon Steel Jab Saw,"JS01 - 6.5"""
Tools of the Trade,Lift Tools,Pocket Kicker Lift Tool,PKL001
Tools of the Trade,Bucket Scoop,Bucket Scoop,SCP02
Tools of the Trade,Mixing Paddle,Mixing Paddle,PMP001
Compound Rollers,Rollers,Premium Compound Roller,"CROLL02 - 2"""
Compound Rollers,Rollers,Premium Compound Roller,"CROLL04 - 4"""
Compound Rollers,Rollers,Premium Compound Roller,"CROLL09 - 9"""
Compound Rollers,Rollers,Premium Compound Roller,"CROLL12 - 12"""
Compound Rollers,Roller Cages,Roller Cage,"CCAGE04 - 4"""
Compound Rollers,Roller Cages,Roller Cage,"CCAGE09 - 9"""
Compound Rollers,Roller Cages,Roller Cage,"CCAGE12 - 12"""
Compound Rollers,Support Handles,Compound Roller Support Handle,"CROLLHAN2 - 44-79"""
Semi-Automatic Tools,MudDog Banjo,MudDog Premium Banjo,BAN001TT
Semi-Automatic Tools,Corner Flushers,Corner Flusher,"CF25TT - 2.5"""
Semi-Automatic Tools,Corner Flushers,Corner Flusher,"CF30TT - 3"""
Semi-Automatic Tools,Corner Flushers,Corner Flusher,"CF35TT - 3.5"""
Semi-Automatic Tools,Corner Flushers,Corner Flusher,"CF40TT - 4"""
Semi-Automatic Tools,Compound Tubes,Compound Tube,"CT24TT - 24"""
Semi-Automatic Tools,Compound Tubes,Compound Tube,"CT36TT - 36"""
Semi-Automatic Tools,Compound Tubes,Compound Tube,"CT42TT - 42"""
Semi-Automatic Tools,Adapters & Accessories,Filler Adapter,CTA01TT
Semi-Automatic Tools,Adapters & Accessories,Tool Caddy,TC01TT
Continuous Flow System,Pump,Continuous Flow Pump,CTPMP
Continuous Flow System,Boxes,Continuous Flow Finishing Box,"CF07H - 7"""
Continuous Flow System,Boxes,Continuous Flow Finishing Box,"CF10H - 10"""
Continuous Flow System,Boxes,Continuous Flow Finishing Box,"CF12H - 12"""
Continuous Flow System,Handles,Continuous Flow Box Handle,"CFH40TT - 40"""
Continuous Flow System,Handles,Continuous Flow Box Handle,"CFH66TT - 66"""
Continuous Flow System,Handles,Continuous Flow Box Handle,"CFS8034TT - 34"""
Continuous Flow System,Handles,Continuous Flow Box Handle,"CFS8047TT - 47"""
Continuous Flow System,Handles,Continuous Flow Box Handle,"CFS8060TT - 60"""
Continuous Flow System,Handles,Continuous Flow Box Handle,"CFS8072TT - 72"""
Continuous Flow System,Taper,Continuous Flow Taper,T05CF
Continuous Flow System,Remote Controls,Continuous Flow Radio Valve,CTVLV
Continuous Flow System,Remote Controls,Continuous Flow Radio Box Control,CTBXC
Continuous Flow System,Fill Kits,Continuous Flow Fill Kit,CTFILL
Continuous Flow System,Accessories,Continuous Flow Z-Swivel,Z-SWIVEL
Continuous Flow System,Accessories,Continuous Flow Hose,257133 - 25ft
Continuous Flow System,Accessories,Continuous Flow Hose,223756 - 50ft
Venetian & Decorative Finish Tools,Trowels,Classic Trowel,VCLASSIC80 - 80mm
Venetian & Decorative Finish Tools,Trowels,Beveled Edge Trowel,VBEV80 - 80mm
Venetian & Decorative Finish Tools,Trowels,Bianko Trowel,VBI80 - 80mm
Venetian & Decorative Finish Tools,Trowels,Oval Trowel,VOVAL100 - 100mm
Venetian & Decorative Finish Tools,Trowels,Column Trowel,VCOL240 - 240mm
Venetian & Decorative Finish Tools,Trowels,Mini Trowel,VMINI100 - 100mm
Venetian & Decorative Finish Tools,Trowels,Trapezoid Trowel,VISOC120 - 120mm
Venetian & Decorative Finish Tools,Trowels,Trapezoid Trowel,VISOC120-L - 120mm Large
Venetian & Decorative Finish Tools,Trowels,Bianko Large Trowel,VBI120RH - 120mm
Venetian & Decorative Finish Tools,Trowels,V-Notch Trowel,VNOTCH - Various
Venetian & Decorative Finish Tools,Trowels,Bianko Flexible Trowel,VBIFLEXMC
Venetian & Decorative Finish Tools,Trowels,Dreamer Texture Trowel,VDREAMER
Venetian & Decorative Finish Tools,ProLite Trowels,ProLite Trowel,VPCLITE360 - 360mm
Venetian & Decorative Finish Tools,ProLite Trowels,ProLite Trowel,VBILITEMC
Venetian & Decorative Finish Tools,Skimming Trowels,Skimming Trowel,VBIFLEX100 - 100mm
Venetian & Decorative Finish Tools,Skimming Trowels,Flex Trowel,VFLEX360 - 360mm
Venetian & Decorative Finish Tools,Skimming Trowels,Flex Trowel,VFLEX405 - 405mm
Venetian & Decorative Finish Tools,Skimming Trowels,Flex Trowel,VFLEX450 - 450mm
Venetian & Decorative Finish Tools,Skimming Trowels,Square Flex Trowel,VSFLEXJPP - Left
Venetian & Decorative Finish Tools,Skimming Trowels,Square Flex Trowel,VSFLEXJPR - Right
Venetian & Decorative Finish Tools,Skimming Trowels,MDM Trowel,VMDM100 - 100mm
Venetian & Decorative Finish Tools,Skimming Trowels,MDM Flex Trowel,VMDMFLX08 - 0.8mm Flex
Venetian & Decorative Finish Tools,Spatulas,Spatula,VSPAT01 - Size 1
Venetian & Decorative Finish Tools,Spatulas,Spatula,VSPAT02 - Size 2
Venetian & Decorative Finish Tools,Spatulas,Spatula,VSPAT03 - Size 3
Venetian & Decorative Finish Tools,Spatulas,Spatula,VSPAT04 - Size 4
Venetian & Decorative Finish Tools,Spatulas,Spatula,VSPAT05 - Size 5
Venetian & Decorative Finish Tools,Spatulas,Spatula,VSPAT06 - Size 6
Venetian & Decorative Finish Tools,Spatula Sets,Spatula Set,VSPAT2003 - Set of 3
Venetian & Decorative Finish Tools,Spatula Sets,Spatula Set,VSPAT2006 - Set of 6
Venetian & Decorative Finish Tools,Spatula Sets,Spatula Set,VSPAT2009 - Set of 9
Venetian & Decorative Finish Tools,Spatula Sets,Spatula Set,VSPAT2013 - Set of 13
Venetian & Decorative Finish Tools,Corner Trowels,Exterior Corner Trowel,"VEX4030 - 13/16"""
Venetian & Decorative Finish Tools,Corner Trowels,Exterior Corner Trowel,"VEX8025 - 1"""
Venetian & Decorative Finish Tools,Corner Trowels,Exterior Corner Trowel,"VEX8060 - 2.375"""
Venetian & Decorative Finish Tools,Corner Trowels,Exterior Corner Trowel,"VEX11075 - 3"""
Venetian & Decorative Finish Tools,Corner Trowels,Interior Corner Trowel,"VIN4030 - 13/16"""
Venetian & Decorative Finish Tools,Corner Trowels,Interior Corner Trowel,"VIN8025 - 1"""
Venetian & Decorative Finish Tools,Corner Trowels,Interior Corner Trowel,"VIN8060 - 2.375"""
Venetian & Decorative Finish Tools,Corner Trowels,Interior Corner Trowel,"VIN11075 - 3"""
Venetian & Decorative Finish Tools,Decorative Tools,Japanese Scraper,VJPSCRAPE
Venetian & Decorative Finish Tools,Decorative Tools,Blue Texture Sponge,VFBLUE
Venetian & Decorative Finish Tools,Decorative Tools,Texture Sponge,VTEXSOFT - Soft
Venetian & Decorative Finish Tools,Decorative Tools,Texture Sponge,VTEXHARD - Hard
Venetian & Decorative Finish Tools,Decorative Tools,Pattern Roller,VROLCROC - Crocodile
Venetian & Decorative Finish Tools,Decorative Tools,Pattern Roller,VROLGRAN - Granite
Venetian & Decorative Finish Tools,Decorative Tools,Ribbon Tool Set,VRIBBONSET
Venetian & Decorative Finish Tools,Decorative Tools,Palette Knife Set,VPALKNIFESET
Venetian & Decorative Finish Tools,Decorative Tools,Decorator Sponge,VDECSSPONGE01
Venetian & Decorative Finish Tools,Decorative Tools,Oval Blend Tool,VBLENDOVAL
Venetian & Decorative Finish Tools,Decorative Tools,Round Blend Tool,VBLENDROUND
Venetian & Decorative Finish Tools,Decorative Tools,Round Float,VROUNDFLOAT
Venetian & Decorative Finish Tools,Decorative Tools,Ornamental Leaf Tool,"VORNLEAF12 - 1/2"""
Venetian & Decorative Finish Tools,Decorative Tools,Ornamental Leaf Tool,"VORNLEAF34 - 3/4"""
Venetian & Decorative Finish Tools,Decorative Tools,Ornamental Leaf Tool,"VORNLEAF38 - 3/8"""
Venetian & Decorative Finish Tools,Decorative Tools,Ornamental Leaf Tool,"VORNLEAF58 - 5/8"""
Venetian & Decorative Finish Tools,Decorative Tools,Ornamental Square Tool,"VORNSQ01 - 1/16"""
Venetian & Decorative Finish Tools,Decorative Tools,Ornamental Square Tool,"VORNSQ12 - 1/2"""
Venetian & Decorative Finish Tools,Decorative Tools,Ornamental Square Tool,"VORNSQ34 - 3/4"""
Venetian & Decorative Finish Tools,Decorative Tools,Ornamental Square Tool,"VORNSQ38 - 3/8"""
Venetian & Decorative Finish Tools,Decorative Tools,Ornamental Square Tool,"VORNSQ58 - 5/8"""
Venetian & Decorative Finish Tools,Decorative Tools,Painter Brush,VDECXPAINT01
Venetian & Decorative Finish Tools,Decorative Tools,Lime Brush,VDECLIME01
