category_name,subcategory_or_tool,tool_title,tool_url,gallery_index,source_url,saved_path,file_size,sha256,content_type,assigned_sku,assigned_name,assignment_reason,normalized_path
Hand Tools,Trowels,Trowels,https://www.columbiatools.com/columbia-tools/hand-tools/columbia-mud-pans-3/,6,https://www.columbiatools.com/wp-content/uploads/2025/03/1422gproflex-scaled.png,hand-tools/columbia-mud-pans-3/columbia-mud-pans-3_06.png,851010,355635c21cf852354bb8f5ac215a81890ad943fcce302e192d9a4b6db0df4a91,image/png,12-4.7-0.7-G-C,"Columbia Trowels - 12"" GOLD FINISHING TROWEL (12-4.7-0.7-G-C)",first_candidate_fallback,hand-tools/columbia-mud-pans-3/columbia-trowels-12-inch-gold-finishing-trowel-12-4.7-0.7-G-C-06.webp
Hand Tools,Trowels,Trowels,https://www.columbiatools.com/columbia-tools/hand-tools/columbia-mud-pans-3/,7,https://www.columbiatools.com/wp-content/uploads/2025/03/1422gsuperflex-scaled.png,hand-tools/columbia-mud-pans-3/columbia-mud-pans-3_07.png,786832,acb8f7e48e24eeba316f2b90206557fa25a0382baebfb08149906116ead2b5cb,image/png,12-4.7-0.7-G-C,"Columbia Trowels - 12"" GOLD FINISHING TROWEL (12-4.7-0.7-G-C)",family_extra_attached_to_first_assigned_sku,hand-tools/columbia-mud-pans-3/columbia-trowels-12-inch-gold-finishing-trowel-12-4.7-0.7-G-C-07.webp
Hand Tools,Trowels,Trowels,https://www.columbiatools.com/columbia-tools/hand-tools/columbia-mud-pans-3/,8,https://www.columbiatools.com/wp-content/uploads/2025/03/1422silvercurved-scaled.png,hand-tools/columbia-mud-pans-3/columbia-mud-pans-3_08.png,904869,438357126fa483a86b48bbadc9465c92276b4dc4c8257869b9bfb8f12bd59fbe,image/png,12-4.7-0.7-G-C,"Columbia Trowels - 12"" GOLD FINISHING TROWEL (12-4.7-0.7-G-C)",family_extra_attached_to_first_assigned_sku,hand-tools/columbia-mud-pans-3/columbia-trowels-12-inch-gold-finishing-trowel-12-4.7-0.7-G-C-08.webp
Hand Tools,Trowels,Trowels,https://www.columbiatools.com/columbia-tools/hand-tools/columbia-mud-pans-3/,9,https://www.columbiatools.com/wp-content/uploads/2025/03/1622gproflex-scaled.png,hand-tools/columbia-mud-pans-3/columbia-mud-pans-3_09.png,921843,095f1ff9ded75d6306b3ddcdd66faca576ef27b1f7d05fc0e2c9d7572cd77514,image/png,12-4.7-0.7-G-C,"Columbia Trowels - 12"" GOLD FINISHING TROWEL (12-4.7-0.7-G-C)",family_extra_attached_to_first_assigned_sku,hand-tools/columbia-mud-pans-3/columbia-trowels-12-inch-gold-finishing-trowel-12-4.7-0.7-G-C-09.webp
Hand Tools,Trowels,Trowels,https://www.columbiatools.com/columbia-tools/hand-tools/columbia-mud-pans-3/,10,https://www.columbiatools.com/wp-content/uploads/2025/03/1822-scaled.png,hand-tools/columbia-mud-pans-3/columbia-mud-pans-3_10.png,1024934,7786548fdde04a272b4474d3bc5b0686e8b689b6c5c7a13ff7c456ca0a61aaa3,image/png,12-4.7-0.7-G-C,"Columbia Trowels - 12"" GOLD FINISHING TROWEL (12-4.7-0.7-G-C)",family_extra_attached_to_first_assigned_sku,hand-tools/columbia-mud-pans-3/columbia-trowels-12-inch-gold-finishing-trowel-12-4.7-0.7-G-C-10.webp
Hand Tools,Bucket Scoops,Bucket Scoops,https://www.columbiatools.com/columbia-tools/hand-tools/three-way-knives-copy/,1,https://www.columbiatools.com/wp-content/uploads/2025/11/7-scaled.png,hand-tools/three-way-knives-copy/three-way-knives-copy_01.png,934793,be168c4bbb48dc893a7d5ca84cccef94751c3aa043161285b38ecf75accb2150,image/png,OPBS,Columbia Bucket Scoops - One Piece Bucket Scoop (OPBS),first_candidate_fallback,hand-tools/three-way-knives-copy/columbia-bucket-scoops-one-piece-bucket-scoop-OPBS-01.webp
Hand Tools,Bucket Scoops,Bucket Scoops,https://www.columbiatools.com/columbia-tools/hand-tools/three-way-knives-copy/,2,https://www.columbiatools.com/wp-content/uploads/2025/11/OB8A0261-scaled.png,hand-tools/three-way-knives-copy/three-way-knives-copy_02.png,732193,4b4c633ba0028f12d39ffca84b9682720657b63926544d5dd8c7d860827e6e70,image/png,OPBS,Columbia Bucket Scoops - One Piece Bucket Scoop (OPBS),family_extra_attached_to_first_assigned_sku,hand-tools/three-way-knives-copy/columbia-bucket-scoops-one-piece-bucket-scoop-OPBS-02.webp
Hand Tools,Bucket Scoops,Bucket Scoops,https://www.columbiatools.com/columbia-tools/hand-tools/three-way-knives-copy/,3,https://www.columbiatools.com/wp-content/uploads/2025/11/OB8A0403-scaled.png,hand-tools/three-way-knives-copy/three-way-knives-copy_03.png,706218,87d504cc173435308c7e1f9d69355bd1d99b305b5881b1335812317416f32964,image/png,OPBS,Columbia Bucket Scoops - One Piece Bucket Scoop (OPBS),family_extra_attached_to_first_assigned_sku,hand-tools/three-way-knives-copy/columbia-bucket-scoops-one-piece-bucket-scoop-OPBS-03.webp
Hand Tools,Bucket Scoops,Bucket Scoops,https://www.columbiatools.com/columbia-tools/hand-tools/three-way-knives-copy/,4,https://www.columbiatools.com/wp-content/uploads/2025/11/IMG_8996-copy-scaled.png,hand-tools/three-way-knives-copy/three-way-knives-copy_04.png,1653201,0c36c38327d61572be30552fc1c0160588616b7a083b0b80d89549c6c084c332,image/png,OPBS,Columbia Bucket Scoops - One Piece Bucket Scoop (OPBS),family_extra_attached_to_first_assigned_sku,hand-tools/three-way-knives-copy/columbia-bucket-scoops-one-piece-bucket-scoop-OPBS-04.webp
Automatic Tapers,Columbia One Predator Taper,Columbia One Predator Taper,https://www.columbiatools.com/columbia-tools/automatic-tapers/columbia-one-predator-taper/,1,https://www.columbiatools.com/wp-content/uploads/2022/03/predatorfull.jpg,automatic-tapers/columbia-one-predator-taper/columbia-one-predator-taper_01.jpg,101972,558d6aa8691079d38f91f331734c3c3a9f0d90857933ba94e864c8a6da4bdc5a,image/jpeg,PTAPER,Columbia One Predator Taper (PTAPER),single_candidate,automatic-tapers/columbia-one-predator-taper/columbia-one-predator-taper-PTAPER-01.webp
Automatic Tapers,Columbia One Predator Taper,Columbia One Predator Taper,https://www.columbiatools.com/columbia-tools/automatic-tapers/columbia-one-predator-taper/,2,https://www.columbiatools.com/wp-content/uploads/2022/03/predhead.jpg,automatic-tapers/columbia-one-predator-taper/columbia-one-predator-taper_02.jpg,212499,5af52de35aa9d8327233131b30c85e347b78730e7ccf2e96e6e18361ed03c075,image/jpeg,PTAPER,Columbia One Predator Taper (PTAPER),single_candidate,automatic-tapers/columbia-one-predator-taper/columbia-one-predator-taper-PTAPER-02.webp
Automatic Tapers,Columbia One Predator Taper,Columbia One Predator Taper,https://www.columbiatools.com/columbia-tools/automatic-tapers/columbia-one-predator-taper/,3,https://www.columbiatools.com/wp-content/uploads/2022/03/predatorhead.jpg,automatic-tapers/columbia-one-predator-taper/columbia-one-predator-taper_03.jpg,231740,9b33cb7b60f861c893be076047ffc969d026f2ada619d85079dead981e2ad769,image/jpeg,PTAPER,Columbia One Predator Taper (PTAPER),single_candidate,automatic-tapers/columbia-one-predator-taper/columbia-one-predator-taper-PTAPER-03.webp
Automatic Tapers,Columbia One Predator Taper,Columbia One Predator Taper,https://www.columbiatools.com/columbia-tools/automatic-tapers/columbia-one-predator-taper/,4,https://www.columbiatools.com/wp-content/uploads/2022/03/5yearwarrantysmall.jpg,automatic-tapers/columbia-one-predator-taper/columbia-one-predator-taper_04.jpg,111453,c373c43876b14e9fa761e291605f7a2c6db4f10bb9ef31a817d62c0118f6de91,image/jpeg,PTAPER,Columbia One Predator Taper (PTAPER),single_candidate,automatic-tapers/columbia-one-predator-taper/columbia-one-predator-taper-PTAPER-04.webp
Automatic Tapers,Automatic Taper,Automatic Taper,https://www.columbiatools.com/columbia-tools/automatic-tapers/automatic-taper/,1,https://www.columbiatools.com/wp-content/uploads/2022/03/tapersquare.jpg,automatic-tapers/automatic-taper/automatic-taper_01.jpg,75421,89af0975fba93e8a250f203e8f14f3547d0aa4d82194fc00856d19f413f8505e,image/jpeg,TAPER,Columbia Automatic Taper (TAPER),single_candidate,automatic-tapers/automatic-taper/columbia-automatic-taper-TAPER-01.webp
Automatic Tapers,Automatic Taper,Automatic Taper,https://www.columbiatools.com/columbia-tools/automatic-tapers/automatic-taper/,2,https://www.columbiatools.com/wp-content/uploads/2022/03/taper.jpg,automatic-tapers/automatic-taper/automatic-taper_02.jpg,126988,543150f48120a2e95e308b6e3555028b31371924b61a502c568a7b5615807f11,image/jpeg,TAPER,Columbia Automatic Taper (TAPER),single_candidate,automatic-tapers/automatic-taper/columbia-automatic-taper-TAPER-02.webp
Automatic Tapers,Automatic Taper,Automatic Taper,https://www.columbiatools.com/columbia-tools/automatic-tapers/automatic-taper/,3,https://www.columbiatools.com/wp-content/uploads/2022/03/taperhead.jpg,automatic-tapers/automatic-taper/automatic-taper_03.jpg,256038,fb442afdca79d4ac77796859fb68b2c629447394673c5d9248922eabc6f9aac4,image/jpeg,TAPER,Columbia Automatic Taper (TAPER),single_candidate,automatic-tapers/automatic-taper/columbia-automatic-taper-TAPER-03.webp
Automatic Tapers,Automatic Taper,Automatic Taper,https://www.columbiatools.com/columbia-tools/automatic-tapers/automatic-taper/,4,https://www.columbiatools.com/wp-content/uploads/2022/03/pumpactionsquare.jpg,automatic-tapers/automatic-taper/automatic-taper_04.jpg,110026,ac5006896561240727d78ebe352d0a3e6cfa0a0553fbc9926f269f0f3b742be7,image/jpeg,TAPER,Columbia Automatic Taper (TAPER),single_candidate,automatic-tapers/automatic-taper/columbia-automatic-taper-TAPER-04.webp
Automatic Tapers,Automatic Taper,Automatic Taper,https://www.columbiatools.com/columbia-tools/automatic-tapers/automatic-taper/,5,https://www.columbiatools.com/wp-content/uploads/2022/03/TAPER_3.jpg,automatic-tapers/automatic-taper/automatic-taper_05.jpg,52403,c30268f0f1ea7bdb6ca659d1cab46c1624a730b94e1207b425bfc8ac0dbc089b,image/jpeg,TAPER,Columbia Automatic Taper (TAPER),single_candidate,automatic-tapers/automatic-taper/columbia-automatic-taper-TAPER-05.webp
Automatic Tapers,Automatic Taper,Automatic Taper,https://www.columbiatools.com/columbia-tools/automatic-tapers/automatic-taper/,6,https://www.columbiatools.com/wp-content/uploads/2022/03/TAPER_14.jpg,automatic-tapers/automatic-taper/automatic-taper_06.jpg,22334,3336c4f5cc7ded785bfd1cef4956cebeebdee915c8134d3d93dde8c4acab4021,image/jpeg,TAPER,Columbia Automatic Taper (TAPER),single_candidate,automatic-tapers/automatic-taper/columbia-automatic-taper-TAPER-06.webp
Automatic Tapers,Sawed Off Taper,Sawed Off Taper,https://www.columbiatools.com/columbia-tools/automatic-tapers/sawed-off-taper/,1,https://www.columbiatools.com/wp-content/uploads/2022/03/sawedofftapersquare.jpg,automatic-tapers/sawed-off-taper/sawed-off-taper_01.jpg,126821,95e57ad585a9bb951518720c1dac9295d592d792f8f87e6468684ff0c0bb09d1,image/jpeg,STAPER,"Columbia Sawed Off Taper 39"" (STAPER)",first_candidate_fallback,automatic-tapers/sawed-off-taper/columbia-sawed-off-taper-39-inch-STAPER-01.webp
Automatic Tapers,Sawed Off Taper,Sawed Off Taper,https://www.columbiatools.com/columbia-tools/automatic-tapers/sawed-off-taper/,2,https://www.columbiatools.com/wp-content/uploads/2022/03/taperhead-1.jpg,automatic-tapers/sawed-off-taper/sawed-off-taper_02.jpg,256038,fb442afdca79d4ac77796859fb68b2c629447394673c5d9248922eabc6f9aac4,image/jpeg,STAPER,"Columbia Sawed Off Taper 39"" (STAPER)",family_extra_attached_to_first_assigned_sku,automatic-tapers/sawed-off-taper/columbia-sawed-off-taper-39-inch-STAPER-02.webp
Automatic Tapers,Sawed Off Taper,Sawed Off Taper,https://www.columbiatools.com/columbia-tools/automatic-tapers/sawed-off-taper/,3,https://www.columbiatools.com/wp-content/uploads/2022/03/TAPER_3-1.jpg,automatic-tapers/sawed-off-taper/sawed-off-taper_03.jpg,52403,c30268f0f1ea7bdb6ca659d1cab46c1624a730b94e1207b425bfc8ac0dbc089b,image/jpeg,STAPER,"Columbia Sawed Off Taper 39"" (STAPER)",family_extra_attached_to_first_assigned_sku,automatic-tapers/sawed-off-taper/columbia-sawed-off-taper-39-inch-STAPER-03.webp
Automatic Tapers,Sawed Off Taper,Sawed Off Taper,https://www.columbiatools.com/columbia-tools/automatic-tapers/sawed-off-taper/,4,https://www.columbiatools.com/wp-content/uploads/2022/03/TAPER_14-1.jpg,automatic-tapers/sawed-off-taper/sawed-off-taper_04.jpg,22334,3336c4f5cc7ded785bfd1cef4956cebeebdee915c8134d3d93dde8c4acab4021,image/jpeg,STAPER,"Columbia Sawed Off Taper 39"" (STAPER)",family_extra_attached_to_first_assigned_sku,automatic-tapers/sawed-off-taper/columbia-sawed-off-taper-39-inch-STAPER-04.webp
Automatic Tapers,Sawed Off Taper,Sawed Off Taper,https://www.columbiatools.com/columbia-tools/automatic-tapers/sawed-off-taper/,5,https://www.columbiatools.com/wp-content/uploads/2022/03/5yearwarrantysmall.jpg,automatic-tapers/sawed-off-taper/sawed-off-taper_05.jpg,111453,c373c43876b14e9fa761e291605f7a2c6db4f10bb9ef31a817d62c0118f6de91,image/jpeg,STAPER,"Columbia Sawed Off Taper 39"" (STAPER)",family_extra_attached_to_first_assigned_sku,automatic-tapers/sawed-off-taper/columbia-sawed-off-taper-39-inch-STAPER-05.webp
Automatic Tapers,Sawed Off Taper,Sawed Off Taper,https://www.columbiatools.com/columbia-tools/automatic-tapers/sawed-off-taper/,6,https://www.columbiatools.com/wp-content/plugins/product-video-for-woocommerce//images/video_icon.png,automatic-tapers/sawed-off-taper/sawed-off-taper_06.png,11271,bc4cc4ebfdfd10839a8c82c000a91d87bc61e8d9c8894cc54d30056c450de43c,image/png,STAPER,"Columbia Sawed Off Taper 39"" (STAPER)",family_extra_attached_to_first_assigned_sku,automatic-tapers/sawed-off-taper/columbia-sawed-off-taper-39-inch-STAPER-06.webp
Pumps,Tall Boy Mud Pump,Tall Boy Mud Pump,https://www.columbiatools.com/columbia-tools/pumps/tall-boy-mud-pump/,1,https://www.columbiatools.com/wp-content/uploads/2022/03/TallBoyPump.jpg,pumps/tall-boy-mud-pump/tall-boy-mud-pump_01.jpg,19889,0cb4b30c6a5e5c84c64b2a524d1f3a4f5ba80269a7dd60067a0cd73cece4e905,image/jpeg,TBMP,Columbia Tall Boy Mud Pump (TBMP),single_candidate,pumps/tall-boy-mud-pump/columbia-tall-boy-mud-pump-TBMP-01.webp
Pumps,Tall Boy Mud Pump,Tall Boy Mud Pump,https://www.columbiatools.com/columbia-tools/pumps/tall-boy-mud-pump/,2,https://www.columbiatools.com/wp-content/uploads/2022/03/5yearwarrantysmall.jpg,pumps/tall-boy-mud-pump/tall-boy-mud-pump_02.jpg,111453,c373c43876b14e9fa761e291605f7a2c6db4f10bb9ef31a817d62c0118f6de91,image/jpeg,TBMP,Columbia Tall Boy Mud Pump (TBMP),single_candidate,pumps/tall-boy-mud-pump/columbia-tall-boy-mud-pump-TBMP-02.webp
Pumps,Mud Pump,Mud Pump,https://www.columbiatools.com/columbia-tools/pumps/mud-pump/,1,https://www.columbiatools.com/wp-content/uploads/2022/03/TallBoyMudpumps.jpg,pumps/mud-pump/mud-pump_01.jpg,20604,4fa587d896c84a7ed838fc60f27481bf16e1cf706e8b1b65ef289b2c615264ac,image/jpeg,HMP,Columbia Mud Pump (HMP),single_candidate,pumps/mud-pump/columbia-mud-pump-HMP-01.webp
Pumps,Mud Pump,Mud Pump,https://www.columbiatools.com/columbia-tools/pumps/mud-pump/,2,https://www.columbiatools.com/wp-content/uploads/2022/03/5yearwarrantysmall.jpg,pumps/mud-pump/mud-pump_02.jpg,111453,c373c43876b14e9fa761e291605f7a2c6db4f10bb9ef31a817d62c0118f6de91,image/jpeg,HMP,Columbia Mud Pump (HMP),single_candidate,pumps/mud-pump/columbia-mud-pump-HMP-02.webp
Pumps,Gooseneck,Gooseneck,https://www.columbiatools.com/columbia-tools/pumps/gooseneck/,1,https://www.columbiatools.com/wp-content/uploads/2022/03/goosenecksquare.jpg,pumps/gooseneck/gooseneck_01.jpg,100256,0b47f6b25f6ee82718df9064cbd56de056b10ca533899a1a3beefeb96213d6b6,image/jpeg,GN,Columbia Gooseneck GN (GN),sequential_candidate_fallback,pumps/gooseneck/columbia-gooseneck-gn-GN-01.webp
Pumps,Gooseneck,Gooseneck,https://www.columbiatools.com/columbia-tools/pumps/gooseneck/,2,https://www.columbiatools.com/wp-content/uploads/2022/03/5yearwarrantysmall.jpg,pumps/gooseneck/gooseneck_02.jpg,111453,c373c43876b14e9fa761e291605f7a2c6db4f10bb9ef31a817d62c0118f6de91,image/jpeg,GN,Columbia Gooseneck GN (GN),family_extra_attached_to_first_assigned_sku,pumps/gooseneck/columbia-gooseneck-gn-GN-02.webp
Pumps,Box Filler,Box Filler,https://www.columbiatools.com/columbia-tools/pumps/box-filler/,1,https://www.columbiatools.com/wp-content/uploads/2022/03/boxfiller.jpg,pumps/box-filler/box-filler_01.jpg,178522,f8dd0c565e65f2875c1f86f1af6e3134224430f7b584b8d78618ba903b7b8710,image/jpeg,BF,Columbia Box Filler BF (BF),sequential_candidate_fallback,pumps/box-filler/columbia-box-filler-bf-BF-01.webp
Pumps,Box Filler,Box Filler,https://www.columbiatools.com/columbia-tools/pumps/box-filler/,2,https://www.columbiatools.com/wp-content/uploads/2022/03/5yearwarrantysmall.jpg,pumps/box-filler/box-filler_02.jpg,111453,c373c43876b14e9fa761e291605f7a2c6db4f10bb9ef31a817d62c0118f6de91,image/jpeg,BF,Columbia Box Filler BF (BF),family_extra_attached_to_first_assigned_sku,pumps/box-filler/columbia-box-filler-bf-BF-02.webp
Pumps,Columbia X Graco PowerFill 3.5,Columbia X Graco PowerFill 3.5,https://www.columbiatools.com/columbia-tools/pumps/columbiapowerfill/,1,https://www.columbiatools.com/wp-content/uploads/2024/11/OB8A8143-1.png,pumps/columbiapowerfill/columbiapowerfill_01.png,2264228,255c31ee2b9999d10749e5b3f72552e40e723734bfb738117af4e36f088f1748,image/png,CPFP,Columbia X Graco PowerFill 3.5 Columbia PowerFill Pump (comes with box filler) (CPFP),sequential_candidate_fallback,pumps/columbiapowerfill/columbia-x-graco-powerfill-3-5-columbia-powerfill-pump-comes-with-box-CPFP-01.webp
Pumps,Columbia X Graco PowerFill 3.5,Columbia X Graco PowerFill 3.5,https://www.columbiatools.com/columbia-tools/pumps/columbiapowerfill/,2,https://www.columbiatools.com/wp-content/uploads/2024/11/CGBUCKET-1.png,pumps/columbiapowerfill/columbiapowerfill_02.png,4061031,8bedea7a90d8718249d68bb3f8e925fd9ccbba6cfccc99857c354aad7ad0b2a2,image/png,CPFP,Columbia X Graco PowerFill 3.5 Columbia PowerFill Pump (comes with box filler) (CPFP),family_extra_attached_to_first_assigned_sku,pumps/columbiapowerfill/columbia-x-graco-powerfill-3-5-columbia-powerfill-pump-comes-with-box-CPFP-02.webp
Smoothing Blades,Fat Boy Smoothing Blades,Fat Boy Smoothing Blades,https://www.columbiatools.com/columbia-tools/smoothing-blades/fatboy-smoothing-blades/,1,https://www.columbiatools.com/wp-content/uploads/2025/12/OB8A9659-scaled.png,smoothing-blades/fatboy-smoothing-blades/fatboy-smoothing-blades_01.png,875248,93a76379a03dfefcbda26f4c57308d36f47e4a9e7d0dd549ac2019012f6a51aa,image/png,FSB7,"Columbia Fat Boy Smoothing Blades 7"" (FSB7)",first_candidate_fallback,smoothing-blades/fatboy-smoothing-blades/columbia-fat-boy-smoothing-blades-7-inch-FSB7-01.webp
Smoothing Blades,Fat Boy Smoothing Blades,Fat Boy Smoothing Blades,https://www.columbiatools.com/columbia-tools/smoothing-blades/fatboy-smoothing-blades/,2,https://www.columbiatools.com/wp-content/uploads/2025/12/Untitled-13.png,smoothing-blades/fatboy-smoothing-blades/fatboy-smoothing-blades_02.png,1210245,a88be232df76aefde91e5d8539d35e393ce919c11a609893ca6f2c9e0d6b386c,image/png,FSB7,"Columbia Fat Boy Smoothing Blades 7"" (FSB7)",family_extra_attached_to_first_assigned_sku,smoothing-blades/fatboy-smoothing-blades/columbia-fat-boy-smoothing-blades-7-inch-FSB7-02.webp
Smoothing Blades,Fat Boy Smoothing Blades,Fat Boy Smoothing Blades,https://www.columbiatools.com/columbia-tools/smoothing-blades/fatboy-smoothing-blades/,3,https://www.columbiatools.com/wp-content/uploads/2025/12/FSBA3-Rinoa-Nina-Ramirez-1-scaled.png,smoothing-blades/fatboy-smoothing-blades/fatboy-smoothing-blades_03.png,624699,720df08acbe71270e36c477cdb9a21eefded0c2ebc52b5412b9ed5e2701fe00b,image/png,FSB7,"Columbia Fat Boy Smoothing Blades 7"" (FSB7)",family_extra_attached_to_first_assigned_sku,smoothing-blades/fatboy-smoothing-blades/columbia-fat-boy-smoothing-blades-7-inch-FSB7-03.webp
Finishing Boxes,Flat Boxes,Flat Boxes,https://www.columbiatools.com/columbia-tools/finishing-boxes/flat-boxes/,1,https://www.columbiatools.com/wp-content/uploads/2022/03/2023flatbox.jpg,finishing-boxes/flat-boxes/flat-boxes_01.jpg,184031,afd98dd1ca274b80485cfba99ac37727a6c88f01e5ed719c8c3f31ea1ad7c5bb,image/jpeg,5.5FFB,"Columbia Flat Boxes 5.5"" (5.5FFB)",first_candidate_fallback,finishing-boxes/flat-boxes/columbia-flat-boxes-5-5-inch-5.5FFB-01.webp
Finishing Boxes,Flat Boxes,Flat Boxes,https://www.columbiatools.com/columbia-tools/finishing-boxes/flat-boxes/,2,https://www.columbiatools.com/wp-content/uploads/2022/03/beadwheelonbox.jpg,finishing-boxes/flat-boxes/flat-boxes_02.jpg,125707,a987d996815ba963d35dd1615d5340bb9c07b5a941f5081f94df498a9cf89210,image/jpeg,5.5FFB,"Columbia Flat Boxes 5.5"" (5.5FFB)",family_extra_attached_to_first_assigned_sku,finishing-boxes/flat-boxes/columbia-flat-boxes-5-5-inch-5.5FFB-02.webp
Finishing Boxes,Flat Boxes,Flat Boxes,https://www.columbiatools.com/columbia-tools/finishing-boxes/flat-boxes/,3,https://www.columbiatools.com/wp-content/uploads/2022/03/5yearwarrantysmall.jpg,finishing-boxes/flat-boxes/flat-boxes_03.jpg,111453,c373c43876b14e9fa761e291605f7a2c6db4f10bb9ef31a817d62c0118f6de91,image/jpeg,5.5FFB,"Columbia Flat Boxes 5.5"" (5.5FFB)",family_extra_attached_to_first_assigned_sku,finishing-boxes/flat-boxes/columbia-flat-boxes-5-5-inch-5.5FFB-03.webp
Finishing Boxes,Fat Boy Boxes,Fat Boy Boxes,https://www.columbiatools.com/columbia-tools/finishing-boxes/fat-boy-boxes/,1,https://www.columbiatools.com/wp-content/uploads/2022/03/InsideTrackBoxFrontSmall.png,finishing-boxes/fat-boy-boxes/fat-boy-boxes_01.png,432634,aa4e6578249378f312de015b0daca9e979ca7a6f0b17f63330014eaf5398c811,image/png,8FBB,"Columbia Fat Boy Boxes 8"" (8FBB)",sequential_candidate_fallback,finishing-boxes/fat-boy-boxes/columbia-fat-boy-boxes-8-inch-8FBB-01.webp
Finishing Boxes,Fat Boy Boxes,Fat Boy Boxes,https://www.columbiatools.com/columbia-tools/finishing-boxes/fat-boy-boxes/,2,https://www.columbiatools.com/wp-content/uploads/2022/03/beadwheelonbox-1.jpg,finishing-boxes/fat-boy-boxes/fat-boy-boxes_02.jpg,125707,a987d996815ba963d35dd1615d5340bb9c07b5a941f5081f94df498a9cf89210,image/jpeg,8FBB,"Columbia Fat Boy Boxes 8"" (8FBB)",family_extra_attached_to_first_assigned_sku,finishing-boxes/fat-boy-boxes/columbia-fat-boy-boxes-8-inch-8FBB-02.webp
Finishing Boxes,Fat Boy Boxes,Fat Boy Boxes,https://www.columbiatools.com/columbia-tools/finishing-boxes/fat-boy-boxes/,3,https://www.columbiatools.com/wp-content/uploads/2022/03/5yearwarrantysmall.jpg,finishing-boxes/fat-boy-boxes/fat-boy-boxes_03.jpg,111453,c373c43876b14e9fa761e291605f7a2c6db4f10bb9ef31a817d62c0118f6de91,image/jpeg,8FBB,"Columbia Fat Boy Boxes 8"" (8FBB)",family_extra_attached_to_first_assigned_sku,finishing-boxes/fat-boy-boxes/columbia-fat-boy-boxes-8-inch-8FBB-03.webp
Finishing Boxes,Inside Track Conversion Kits,Inside Track Conversion Kits,https://www.columbiatools.com/columbia-tools/finishing-boxes/inside-track-boxes/,1,https://www.columbiatools.com/wp-content/uploads/2023/05/itc-ksmall.jpg,finishing-boxes/inside-track-boxes/inside-track-boxes_01.jpg,213274,09fb66025bbd566f5616ca3d7fc79220f59097081839fb620df8d6021c6a2f23,image/jpeg,ITC-K,Columbia Inside Track Conversion Kits (ITC-K),single_candidate,finishing-boxes/inside-track-boxes/columbia-inside-track-conversion-kits-ITC-K-01.webp
Finishing Boxes,Inside Track Conversion Kits,Inside Track Conversion Kits,https://www.columbiatools.com/columbia-tools/finishing-boxes/inside-track-boxes/,2,https://www.columbiatools.com/wp-content/uploads/2022/03/InsideTrackBoxFrontSmall.png,finishing-boxes/inside-track-boxes/inside-track-boxes_02.png,432634,aa4e6578249378f312de015b0daca9e979ca7a6f0b17f63330014eaf5398c811,image/png,ITC-K,Columbia Inside Track Conversion Kits (ITC-K),single_candidate,finishing-boxes/inside-track-boxes/columbia-inside-track-conversion-kits-ITC-K-02.webp
Finishing Boxes,Inside Track Conversion Kits,Inside Track Conversion Kits,https://www.columbiatools.com/columbia-tools/finishing-boxes/inside-track-boxes/,3,https://www.columbiatools.com/wp-content/uploads/2022/03/Insidetrackboxsmall.jpg,finishing-boxes/inside-track-boxes/inside-track-boxes_03.jpg,279245,44cb4c9c5f2c65448e49c4802577af035ca2ef3a7694698341d79008be993770,image/jpeg,ITC-K,Columbia Inside Track Conversion Kits (ITC-K),single_candidate,finishing-boxes/inside-track-boxes/columbia-inside-track-conversion-kits-ITC-K-03.webp
Finishing Boxes,Inside Track Conversion Kits,Inside Track Conversion Kits,https://www.columbiatools.com/columbia-tools/finishing-boxes/inside-track-boxes/,4,https://www.columbiatools.com/wp-content/uploads/2022/03/5yearwarrantysmall-1.jpg,finishing-boxes/inside-track-boxes/inside-track-boxes_04.jpg,111453,c373c43876b14e9fa761e291605f7a2c6db4f10bb9ef31a817d62c0118f6de91,image/jpeg,ITC-K,Columbia Inside Track Conversion Kits (ITC-K),single_candidate,finishing-boxes/inside-track-boxes/columbia-inside-track-conversion-kits-ITC-K-04.webp
Finishing Boxes,Inside Track Conversion Kits,Inside Track Conversion Kits,https://www.columbiatools.com/columbia-tools/finishing-boxes/inside-track-boxes/,5,https://www.columbiatools.com/wp-content/uploads/2022/03/INSIDE.png,finishing-boxes/inside-track-boxes/inside-track-boxes_05.png,1182360,c111a8076190f1c77697754428d8c908bfa342c9b71ad146743c2f8d3655c8e3,image/png,ITC-K,Columbia Inside Track Conversion Kits (ITC-K),single_candidate,finishing-boxes/inside-track-boxes/columbia-inside-track-conversion-kits-ITC-K-05.webp
Corner Rollers,Corner Cobra,Corner Cobra,https://www.columbiatools.com/columbia-tools/corner-rollers/corner-cobra/,1,https://www.columbiatools.com/wp-content/uploads/2022/03/NEWCORNERCOBRA-scaled.png,corner-rollers/corner-cobra/corner-cobra_01.png,1201931,041c09dbcb92155f084c689a777bdb1dc47ffe723293287920937a48cde29eba,image/png,CC,Columbia Corner Cobra (CC),single_candidate,corner-rollers/corner-cobra/columbia-corner-cobra-CC-01.webp
Corner Rollers,Corner Cobra,Corner Cobra,https://www.columbiatools.com/columbia-tools/corner-rollers/corner-cobra/,2,https://www.columbiatools.com/wp-content/uploads/2022/03/5yearwarrantysmall-1.jpg,corner-rollers/corner-cobra/corner-cobra_02.jpg,111453,c373c43876b14e9fa761e291605f7a2c6db4f10bb9ef31a817d62c0118f6de91,image/jpeg,CC,Columbia Corner Cobra (CC),single_candidate,corner-rollers/corner-cobra/columbia-corner-cobra-CC-02.webp
Corner Rollers,Inside Corner Roller,Inside Corner Roller,https://www.columbiatools.com/columbia-tools/corner-rollers/inside-corner-roller/,1,https://www.columbiatools.com/wp-content/uploads/2022/03/cornerroller.jpg,corner-rollers/inside-corner-roller/inside-corner-roller_01.jpg,168238,f12ebf77f6aa97ab3ecb02702ded48d0cb32367581274ecef6e839ca834cd2ed,image/jpeg,CR,Columbia Inside Corner Roller (CR),single_candidate,corner-rollers/inside-corner-roller/columbia-inside-corner-roller-CR-01.webp
Corner Rollers,Inside Corner Roller,Inside Corner Roller,https://www.columbiatools.com/columbia-tools/corner-rollers/inside-corner-roller/,2,https://www.columbiatools.com/wp-content/uploads/2022/03/5yearwarrantysmall-1.jpg,corner-rollers/inside-corner-roller/inside-corner-roller_02.jpg,111453,c373c43876b14e9fa761e291605f7a2c6db4f10bb9ef31a817d62c0118f6de91,image/jpeg,CR,Columbia Inside Corner Roller (CR),single_candidate,corner-rollers/inside-corner-roller/columbia-inside-corner-roller-CR-02.webp
Corner Rollers,Standard Outside Corner Roller,Standard Outside Corner Roller,https://www.columbiatools.com/columbia-tools/corner-rollers/outside-corner-rollers/,1,https://www.columbiatools.com/wp-content/uploads/2022/03/COBCR.jpg,corner-rollers/outside-corner-rollers/outside-corner-rollers_01.jpg,107658,cb2e0de9bd122cda1d0e563d7d635c1b8a0c01d4ba298fdfe8a2b35693da65a5,image/jpeg,COBCR,Columbia Standard Outside Corner Roller (COBCR),single_candidate,corner-rollers/outside-corner-rollers/columbia-standard-outside-corner-roller-COBCR-01.webp
Corner Rollers,Standard Outside Corner Roller,Standard Outside Corner Roller,https://www.columbiatools.com/columbia-tools/corner-rollers/outside-corner-rollers/,2,https://www.columbiatools.com/wp-content/uploads/2022/03/5yearwarrantysmall-1.jpg,corner-rollers/outside-corner-rollers/outside-corner-rollers_02.jpg,111453,c373c43876b14e9fa761e291605f7a2c6db4f10bb9ef31a817d62c0118f6de91,image/jpeg,COBCR,Columbia Standard Outside Corner Roller (COBCR),single_candidate,corner-rollers/outside-corner-rollers/columbia-standard-outside-corner-roller-COBCR-02.webp
Corner Rollers,Bullnose Outside Corner Roller,Bullnose Outside Corner Roller,https://www.columbiatools.com/columbia-tools/corner-rollers/bullnose-outside-corner-roller/,1,https://www.columbiatools.com/wp-content/uploads/2022/03/CBNCR.jpg,corner-rollers/bullnose-outside-corner-roller/bullnose-outside-corner-roller_01.jpg,130730,5c193531f5c236c65c382668c7aed3a23051e79fae6ad12dc070351e5495cdb5,image/jpeg,CBNCR,Columbia Bullnose Outside Corner Roller (CBNCR),single_candidate,corner-rollers/bullnose-outside-corner-roller/columbia-bullnose-outside-corner-roller-CBNCR-01.webp
Corner Rollers,Wide Outside Corner Roller,Wide Outside Corner Roller,https://www.columbiatools.com/columbia-tools/corner-rollers/wide-outside-corner-roller/,1,https://www.columbiatools.com/wp-content/uploads/2022/03/COBCRW.jpg,corner-rollers/wide-outside-corner-roller/wide-outside-corner-roller_01.jpg,130817,3d9181a261c3adc09fa63b6ed5cf408964132fe70ccfacae37feed012c1b3304,image/jpeg,COBCRW,Columbia Wide Outside Corner Roller (COBCRW),single_candidate,corner-rollers/wide-outside-corner-roller/columbia-wide-outside-corner-roller-COBCRW-01.webp
Corner Rollers,Wide Outside Corner Roller,Wide Outside Corner Roller,https://www.columbiatools.com/columbia-tools/corner-rollers/wide-outside-corner-roller/,2,https://www.columbiatools.com/wp-content/uploads/2022/03/5yearwarrantysmall-1.jpg,corner-rollers/wide-outside-corner-roller/wide-outside-corner-roller_02.jpg,111453,c373c43876b14e9fa761e291605f7a2c6db4f10bb9ef31a817d62c0118f6de91,image/jpeg,COBCRW,Columbia Wide Outside Corner Roller (COBCRW),single_candidate,corner-rollers/wide-outside-corner-roller/columbia-wide-outside-corner-roller-COBCRW-02.webp
Corner Rollers,European/Micro Outside Corner Roller,European/Micro Outside Corner Roller,https://www.columbiatools.com/columbia-tools/corner-rollers/european-micro-outside-corner-roller/,1,https://www.columbiatools.com/wp-content/uploads/2022/03/COBCRE.jpg,corner-rollers/european-micro-outside-corner-roller/european-micro-outside-corner-roller_01.jpg,100945,815c13046cd37d935a8281413d7303d4fa3e4ef0b08456ca209de1f71ea8c454,image/jpeg,COBCRE,Columbia European/Micro Outside Corner Roller (COBCRE),single_candidate,corner-rollers/european-micro-outside-corner-roller/columbia-european-micro-outside-corner-roller-COBCRE-01.webp
Angleheads,2″ Anglehead,2″ Anglehead,https://www.columbiatools.com/columbia-tools/angleheads/2-anglehead/,1,https://www.columbiatools.com/wp-content/uploads/2022/03/2_Angle_Head_2CF.jpg,angleheads/2-anglehead/2-anglehead_01.jpg,42010,6fee8ca5b291fe7f2ae9b4aa7d6379219973376b4d1b910abcdca5d6fcfacfdb,image/jpeg,2AH,"Columbia 2"" Anglehead (2AH)",single_candidate,angleheads/2-anglehead/columbia-2-inch-anglehead-2AH-01.webp
Angleheads,2″ Anglehead,2″ Anglehead,https://www.columbiatools.com/columbia-tools/angleheads/2-anglehead/,2,https://www.columbiatools.com/wp-content/uploads/2022/03/angleheadbacksquare.jpg,angleheads/2-anglehead/2-anglehead_02.jpg,152693,c686d3bb839d80502862889c20ab0edd61a0c5730c6a36e83aa2134043331ced,image/jpeg,2AH,"Columbia 2"" Anglehead (2AH)",single_candidate,angleheads/2-anglehead/columbia-2-inch-anglehead-2AH-02.webp
Angleheads,2″ Anglehead,2″ Anglehead,https://www.columbiatools.com/columbia-tools/angleheads/2-anglehead/,3,https://www.columbiatools.com/wp-content/uploads/2022/03/Angle_Head_all_Sizes_AH_-1.jpg,angleheads/2-anglehead/2-anglehead_03.jpg,57802,53acb999888872efa7e399fb82548f57d89504a4e6b6ada884c0cd0159c713bb,image/jpeg,2AH,"Columbia 2"" Anglehead (2AH)",single_candidate,angleheads/2-anglehead/columbia-2-inch-anglehead-2AH-03.webp
Angleheads,2″ Anglehead,2″ Anglehead,https://www.columbiatools.com/columbia-tools/angleheads/2-anglehead/,4,https://www.columbiatools.com/wp-content/uploads/2022/03/5yearwarrantysmall-1.jpg,angleheads/2-anglehead/2-anglehead_04.jpg,111453,c373c43876b14e9fa761e291605f7a2c6db4f10bb9ef31a817d62c0118f6de91,image/jpeg,2AH,"Columbia 2"" Anglehead (2AH)",single_candidate,angleheads/2-anglehead/columbia-2-inch-anglehead-2AH-04.webp
Angleheads,2.5″ AngleHead,2.5″ AngleHead,https://www.columbiatools.com/columbia-tools/angleheads/2-5-anglehead/,1,https://www.columbiatools.com/wp-content/uploads/2022/03/2.5_Angle_Head_2.5CF.jpg,angleheads/2-5-anglehead/2-5-anglehead_01.jpg,52058,41243596107c1bc599c395ce82c3d5fe6a8bf538e56ad9602ae5d8cc2a5e9768,image/jpeg,2.5AH,"Columbia 2.5"" Anglehead (2.5AH)",single_candidate,angleheads/2-5-anglehead/columbia-2-5-inch-anglehead-2.5AH-01.webp
Angleheads,2.5″ AngleHead,2.5″ AngleHead,https://www.columbiatools.com/columbia-tools/angleheads/2-5-anglehead/,2,https://www.columbiatools.com/wp-content/uploads/2022/03/angleheadbacksquare-1.jpg,angleheads/2-5-anglehead/2-5-anglehead_02.jpg,152693,c686d3bb839d80502862889c20ab0edd61a0c5730c6a36e83aa2134043331ced,image/jpeg,2.5AH,"Columbia 2.5"" Anglehead (2.5AH)",single_candidate,angleheads/2-5-anglehead/columbia-2-5-inch-anglehead-2.5AH-02.webp
Angleheads,2.5″ AngleHead,2.5″ AngleHead,https://www.columbiatools.com/columbia-tools/angleheads/2-5-anglehead/,3,https://www.columbiatools.com/wp-content/uploads/2022/03/Angle_Head_all_Sizes_AH_-1-1.jpg,angleheads/2-5-anglehead/2-5-anglehead_03.jpg,57802,53acb999888872efa7e399fb82548f57d89504a4e6b6ada884c0cd0159c713bb,image/jpeg,2.5AH,"Columbia 2.5"" Anglehead (2.5AH)",single_candidate,angleheads/2-5-anglehead/columbia-2-5-inch-anglehead-2.5AH-03.webp
Angleheads,2.5″ AngleHead,2.5″ AngleHead,https://www.columbiatools.com/columbia-tools/angleheads/2-5-anglehead/,4,https://www.columbiatools.com/wp-content/uploads/2022/03/5yearwarrantysmall-1.jpg,angleheads/2-5-anglehead/2-5-anglehead_04.jpg,111453,c373c43876b14e9fa761e291605f7a2c6db4f10bb9ef31a817d62c0118f6de91,image/jpeg,2.5AH,"Columbia 2.5"" Anglehead (2.5AH)",single_candidate,angleheads/2-5-anglehead/columbia-2-5-inch-anglehead-2.5AH-04.webp
Angleheads,3″ Anglehead,3″ Anglehead,https://www.columbiatools.com/columbia-tools/angleheads/3-anglehead/,1,https://www.columbiatools.com/wp-content/uploads/2022/03/3_Angle_Head_3CF.jpg,angleheads/3-anglehead/3-anglehead_01.jpg,41372,b5cb8f81c5c50d7a7f07b0f597c4ccab091daf8f6240434e370eb5768f882463,image/jpeg,3AH,"Columbia 3"" Anglehead (3AH)",single_candidate,angleheads/3-anglehead/columbia-3-inch-anglehead-3AH-01.webp
Angleheads,3″ Anglehead,3″ Anglehead,https://www.columbiatools.com/columbia-tools/angleheads/3-anglehead/,2,https://www.columbiatools.com/wp-content/uploads/2022/03/angleheadbacksquare-2.jpg,angleheads/3-anglehead/3-anglehead_02.jpg,152693,c686d3bb839d80502862889c20ab0edd61a0c5730c6a36e83aa2134043331ced,image/jpeg,3AH,"Columbia 3"" Anglehead (3AH)",single_candidate,angleheads/3-anglehead/columbia-3-inch-anglehead-3AH-02.webp
Angleheads,3″ Anglehead,3″ Anglehead,https://www.columbiatools.com/columbia-tools/angleheads/3-anglehead/,3,https://www.columbiatools.com/wp-content/uploads/2022/03/Angle_Head_all_Sizes_AH_-1-2.jpg,angleheads/3-anglehead/3-anglehead_03.jpg,57802,53acb999888872efa7e399fb82548f57d89504a4e6b6ada884c0cd0159c713bb,image/jpeg,3AH,"Columbia 3"" Anglehead (3AH)",single_candidate,angleheads/3-anglehead/columbia-3-inch-anglehead-3AH-03.webp
Angleheads,3″ Anglehead,3″ Anglehead,https://www.columbiatools.com/columbia-tools/angleheads/3-anglehead/,4,https://www.columbiatools.com/wp-content/uploads/2022/03/5yearwarrantysmall-1.jpg,angleheads/3-anglehead/3-anglehead_04.jpg,111453,c373c43876b14e9fa761e291605f7a2c6db4f10bb9ef31a817d62c0118f6de91,image/jpeg,3AH,"Columbia 3"" Anglehead (3AH)",single_candidate,angleheads/3-anglehead/columbia-3-inch-anglehead-3AH-04.webp
Angleheads,3.5″ Anglehead,3.5″ Anglehead,https://www.columbiatools.com/columbia-tools/angleheads/3-5-anglehead/,1,https://www.columbiatools.com/wp-content/uploads/2022/03/3.5_Angle_Head_3.5CF.jpg,angleheads/3-5-anglehead/3-5-anglehead_01.jpg,44898,c87b51d15106ab0893893e3440365051644db42943d162b6743e1b12c9536508,image/jpeg,3.5AH,"Columbia 3.5"" Anglehead (3.5AH)",single_candidate,angleheads/3-5-anglehead/columbia-3-5-inch-anglehead-3.5AH-01.webp
Angleheads,3.5″ Anglehead,3.5″ Anglehead,https://www.columbiatools.com/columbia-tools/angleheads/3-5-anglehead/,2,https://www.columbiatools.com/wp-content/uploads/2022/03/angleheadbacksquare-1.jpg,angleheads/3-5-anglehead/3-5-anglehead_02.jpg,152693,c686d3bb839d80502862889c20ab0edd61a0c5730c6a36e83aa2134043331ced,image/jpeg,3.5AH,"Columbia 3.5"" Anglehead (3.5AH)",single_candidate,angleheads/3-5-anglehead/columbia-3-5-inch-anglehead-3.5AH-02.webp
Angleheads,3.5″ Anglehead,3.5″ Anglehead,https://www.columbiatools.com/columbia-tools/angleheads/3-5-anglehead/,3,https://www.columbiatools.com/wp-content/uploads/2022/03/Angle_Head_all_Sizes_AH_-1-1.jpg,angleheads/3-5-anglehead/3-5-anglehead_03.jpg,57802,53acb999888872efa7e399fb82548f57d89504a4e6b6ada884c0cd0159c713bb,image/jpeg,3.5AH,"Columbia 3.5"" Anglehead (3.5AH)",single_candidate,angleheads/3-5-anglehead/columbia-3-5-inch-anglehead-3.5AH-03.webp
Angleheads,3.5″ Anglehead,3.5″ Anglehead,https://www.columbiatools.com/columbia-tools/angleheads/3-5-anglehead/,4,https://www.columbiatools.com/wp-content/uploads/2022/03/5yearwarrantysmall-1.jpg,angleheads/3-5-anglehead/3-5-anglehead_04.jpg,111453,c373c43876b14e9fa761e291605f7a2c6db4f10bb9ef31a817d62c0118f6de91,image/jpeg,3.5AH,"Columbia 3.5"" Anglehead (3.5AH)",single_candidate,angleheads/3-5-anglehead/columbia-3-5-inch-anglehead-3.5AH-04.webp
Angleheads,Anglehead Adaptor,Anglehead Adaptor,https://www.columbiatools.com/columbia-tools/angleheads/anglehead-adaptor/,1,https://www.columbiatools.com/wp-content/uploads/2022/03/aha.jpg,angleheads/anglehead-adaptor/anglehead-adaptor_01.jpg,27401,31b01b6d2172e0f82525eccec5156b01ca59881ed8289da7669fd9c761db5686,image/jpeg,AHA,Columbia Anglehead Adaptor (AHA),single_candidate,angleheads/anglehead-adaptor/columbia-anglehead-adaptor-AHA-01.webp
Angleheads,Anglehead Adaptor,Anglehead Adaptor,https://www.columbiatools.com/columbia-tools/angleheads/anglehead-adaptor/,2,https://www.columbiatools.com/wp-content/uploads/2022/03/5yearwarrantysmall-1.jpg,angleheads/anglehead-adaptor/anglehead-adaptor_02.jpg,111453,c373c43876b14e9fa761e291605f7a2c6db4f10bb9ef31a817d62c0118f6de91,image/jpeg,AHA,Columbia Anglehead Adaptor (AHA),single_candidate,angleheads/anglehead-adaptor/columbia-anglehead-adaptor-AHA-02.webp
Nailspotters,2″ Nailspotter,2″ Nailspotter,https://www.columbiatools.com/columbia-tools/nailspotters/2-nailspotter/,1,https://www.columbiatools.com/wp-content/uploads/2022/03/2023Nailspotter2inch.jpg,nailspotters/2-nailspotter/2-nailspotter_01.jpg,246525,a2d370c9ade4e68c3e1537adb9ec37a6442251970d0d1ae84c22b15a7a2d4512,image/jpeg,2NS,"Columbia 2"" Nailspotter (2NS)",single_candidate,nailspotters/2-nailspotter/columbia-2-inch-nailspotter-2NS-01.webp
Nailspotters,2″ Nailspotter,2″ Nailspotter,https://www.columbiatools.com/columbia-tools/nailspotters/2-nailspotter/,2,https://www.columbiatools.com/wp-content/uploads/2022/03/5yearwarrantysmall-1.jpg,nailspotters/2-nailspotter/2-nailspotter_02.jpg,111453,c373c43876b14e9fa761e291605f7a2c6db4f10bb9ef31a817d62c0118f6de91,image/jpeg,2NS,"Columbia 2"" Nailspotter (2NS)",single_candidate,nailspotters/2-nailspotter/columbia-2-inch-nailspotter-2NS-02.webp
Nailspotters,3″ Nailspotter,3″ Nailspotter,https://www.columbiatools.com/columbia-tools/nailspotters/3-nailspotter/,1,https://www.columbiatools.com/wp-content/uploads/2022/03/2023Nailspotter3inch.jpg,nailspotters/3-nailspotter/3-nailspotter_01.jpg,280942,2af288c4c9ec87bf8b2b429caa2762572bffb3c7b1633d9fe1797812d903a429,image/jpeg,3NS,"Columbia 3"" Nailspotter (3NS)",single_candidate,nailspotters/3-nailspotter/columbia-3-inch-nailspotter-3NS-01.webp
Nailspotters,3″ Nailspotter,3″ Nailspotter,https://www.columbiatools.com/columbia-tools/nailspotters/3-nailspotter/,2,https://www.columbiatools.com/wp-content/uploads/2022/03/5yearwarrantysmall-1.jpg,nailspotters/3-nailspotter/3-nailspotter_02.jpg,111453,c373c43876b14e9fa761e291605f7a2c6db4f10bb9ef31a817d62c0118f6de91,image/jpeg,3NS,"Columbia 3"" Nailspotter (3NS)",single_candidate,nailspotters/3-nailspotter/columbia-3-inch-nailspotter-3NS-02.webp
Corner Tools,8 Inch Throttle Box,8 Inch Throttle Box,https://www.columbiatools.com/columbia-tools/corner-boxes/8-throttle-box/,1,https://www.columbiatools.com/wp-content/uploads/2022/03/throttlebox8small.jpg,corner-boxes/8-throttle-box/8-throttle-box_01.jpg,172659,e2057b54c8bfd404a3d2c1ff14bccfc8f43faece8e3635fec08ca75488044a18,image/jpeg,8CFB,"Columbia 8"" Throttle Box (8CFB)",single_candidate,corner-boxes/8-throttle-box/columbia-8-inch-throttle-box-8CFB-01.webp
Corner Tools,8 Inch Throttle Box,8 Inch Throttle Box,https://www.columbiatools.com/columbia-tools/corner-boxes/8-throttle-box/,2,https://www.columbiatools.com/wp-content/uploads/2022/03/throttleboxhandlesmall.jpg,corner-boxes/8-throttle-box/8-throttle-box_02.jpg,140901,ffd523d3bc36b99da0ffe4e4ba5a24eedfff042f773c45a3c8a4ed8ecab92f85,image/jpeg,8CFB,"Columbia 8"" Throttle Box (8CFB)",single_candidate,corner-boxes/8-throttle-box/columbia-8-inch-throttle-box-8CFB-02.webp
Corner Tools,8 Inch Throttle Box,8 Inch Throttle Box,https://www.columbiatools.com/columbia-tools/corner-boxes/8-throttle-box/,3,https://www.columbiatools.com/wp-content/uploads/2022/03/throttleboxbacksmall.jpg,corner-boxes/8-throttle-box/8-throttle-box_03.jpg,197163,6bf3a5d53d5faee0140d72339ca6df682d3de459fc91feb754e91cdbc6b911b0,image/jpeg,8CFB,"Columbia 8"" Throttle Box (8CFB)",single_candidate,corner-boxes/8-throttle-box/columbia-8-inch-throttle-box-8CFB-03.webp
Corner Tools,8 Inch Throttle Box,8 Inch Throttle Box,https://www.columbiatools.com/columbia-tools/corner-boxes/8-throttle-box/,4,https://www.columbiatools.com/wp-content/uploads/2022/03/5yearwarrantysmall-1.jpg,corner-boxes/8-throttle-box/8-throttle-box_04.jpg,111453,c373c43876b14e9fa761e291605f7a2c6db4f10bb9ef31a817d62c0118f6de91,image/jpeg,8CFB,"Columbia 8"" Throttle Box (8CFB)",single_candidate,corner-boxes/8-throttle-box/columbia-8-inch-throttle-box-8CFB-04.webp
Corner Tools,7 Inch Throttle Box,7 Inch Throttle Box,https://www.columbiatools.com/columbia-tools/corner-boxes/7-inch-throttle-box/,1,https://www.columbiatools.com/wp-content/uploads/2022/03/throttlebox7small.jpg,corner-boxes/7-inch-throttle-box/7-inch-throttle-box_01.jpg,165431,d81159b62a08dfbf2b30efa5103194e76982b4713fb4bb1fcb44cb67126236a6,image/jpeg,7CFB,"Columbia 7"" Throttle Box (7CFB)",single_candidate,corner-boxes/7-inch-throttle-box/columbia-7-inch-throttle-box-7CFB-01.webp
Corner Tools,7 Inch Throttle Box,7 Inch Throttle Box,https://www.columbiatools.com/columbia-tools/corner-boxes/7-inch-throttle-box/,2,https://www.columbiatools.com/wp-content/uploads/2022/03/throttleboxbacksmall-1.jpg,corner-boxes/7-inch-throttle-box/7-inch-throttle-box_02.jpg,197163,6bf3a5d53d5faee0140d72339ca6df682d3de459fc91feb754e91cdbc6b911b0,image/jpeg,7CFB,"Columbia 7"" Throttle Box (7CFB)",single_candidate,corner-boxes/7-inch-throttle-box/columbia-7-inch-throttle-box-7CFB-02.webp
Corner Tools,7 Inch Throttle Box,7 Inch Throttle Box,https://www.columbiatools.com/columbia-tools/corner-boxes/7-inch-throttle-box/,3,https://www.columbiatools.com/wp-content/uploads/2022/03/throttleboxhandlesmall-1.jpg,corner-boxes/7-inch-throttle-box/7-inch-throttle-box_03.jpg,140901,ffd523d3bc36b99da0ffe4e4ba5a24eedfff042f773c45a3c8a4ed8ecab92f85,image/jpeg,7CFB,"Columbia 7"" Throttle Box (7CFB)",single_candidate,corner-boxes/7-inch-throttle-box/columbia-7-inch-throttle-box-7CFB-03.webp
Corner Tools,7 Inch Throttle Box,7 Inch Throttle Box,https://www.columbiatools.com/columbia-tools/corner-boxes/7-inch-throttle-box/,4,https://www.columbiatools.com/wp-content/uploads/2022/03/5yearwarrantysmall-1.jpg,corner-boxes/7-inch-throttle-box/7-inch-throttle-box_04.jpg,111453,c373c43876b14e9fa761e291605f7a2c6db4f10bb9ef31a817d62c0118f6de91,image/jpeg,7CFB,"Columbia 7"" Throttle Box (7CFB)",single_candidate,corner-boxes/7-inch-throttle-box/columbia-7-inch-throttle-box-7CFB-04.webp
Corner Flushers,Standard Corner Flusher,Standard Corner Flusher,https://www.columbiatools.com/columbia-tools/corner-flushers/standard-corner-flusher/,1,https://www.columbiatools.com/wp-content/uploads/2022/03/3inchflusher.png,corner-flushers/standard-corner-flusher/standard-corner-flusher_01.png,7421317,d246d4558d34766311e8e10f6c956393fa861a50edce174edf0943f58b4d682a,image/png,2.5SF,"Columbia Standard Corner Flusher 2.5"" (2.5SF)",first_candidate_fallback,corner-flushers/standard-corner-flusher/columbia-standard-corner-flusher-2-5-inch-2.5SF-01.webp
Corner Flushers,Standard Corner Flusher,Standard Corner Flusher,https://www.columbiatools.com/columbia-tools/corner-flushers/standard-corner-flusher/,2,https://www.columbiatools.com/wp-content/uploads/2022/03/2.5inchflusher-e1732573761504.png,corner-flushers/standard-corner-flusher/standard-corner-flusher_02.png,7128303,b028605dd2bdd34c8e607b048a7a7ad2b9a41e3ebc364a1e5a69ae4edbef89a5,image/png,2.5SF,"Columbia Standard Corner Flusher 2.5"" (2.5SF)",family_extra_attached_to_first_assigned_sku,corner-flushers/standard-corner-flusher/columbia-standard-corner-flusher-2-5-inch-2.5SF-02.webp
Corner Flushers,Standard Corner Flusher,Standard Corner Flusher,https://www.columbiatools.com/columbia-tools/corner-flushers/standard-corner-flusher/,3,https://www.columbiatools.com/wp-content/uploads/2022/03/5yearwarrantysmall-1.jpg,corner-flushers/standard-corner-flusher/standard-corner-flusher_03.jpg,111453,c373c43876b14e9fa761e291605f7a2c6db4f10bb9ef31a817d62c0118f6de91,image/jpeg,2.5SF,"Columbia Standard Corner Flusher 2.5"" (2.5SF)",family_extra_attached_to_first_assigned_sku,corner-flushers/standard-corner-flusher/columbia-standard-corner-flusher-2-5-inch-2.5SF-03.webp
Corner Flushers,Direct Corner Flusher,Direct Corner Flusher,https://www.columbiatools.com/columbia-tools/corner-flushers/direct-corner-flusher/,1,https://www.columbiatools.com/wp-content/uploads/2022/03/2.5_Direct_Flusher_2.5DF.jpg,corner-flushers/direct-corner-flusher/direct-corner-flusher_01.jpg,56560,f23f4ddca998eb87ba609da7ac695a6018d176532abf0c375d4499f17efb4b13,image/jpeg,2.5DF,"Columbia Direct Corner Flusher 2.5"" (2.5DF)",matched_from_source_url,corner-flushers/direct-corner-flusher/columbia-direct-corner-flusher-2-5-inch-2.5DF-01.webp
Corner Flushers,Direct Corner Flusher,Direct Corner Flusher,https://www.columbiatools.com/columbia-tools/corner-flushers/direct-corner-flusher/,2,https://www.columbiatools.com/wp-content/uploads/2022/03/Wide_Track_Direct_Flusher_3WTDF.jpg,corner-flushers/direct-corner-flusher/direct-corner-flusher_02.jpg,45054,44ed1e62baaf39b738ff816c8cbc6fd28f2fdb5375bed7ee350f032b00c3dfa8,image/jpeg,3WTDF,"Columbia Direct Corner Flusher 3"" Wide Track (3WTDF)",matched_from_source_url,corner-flushers/direct-corner-flusher/columbia-direct-corner-flusher-3-inch-wide-track-3WTDF-01.webp
Corner Flushers,Direct Corner Flusher,Direct Corner Flusher,https://www.columbiatools.com/columbia-tools/corner-flushers/direct-corner-flusher/,3,https://www.columbiatools.com/wp-content/uploads/2022/03/5yearwarrantysmall-1.jpg,corner-flushers/direct-corner-flusher/direct-corner-flusher_03.jpg,111453,c373c43876b14e9fa761e291605f7a2c6db4f10bb9ef31a817d62c0118f6de91,image/jpeg,2.5DF,"Columbia Direct Corner Flusher 2.5"" (2.5DF)",family_extra_attached_to_first_assigned_sku,corner-flushers/direct-corner-flusher/columbia-direct-corner-flusher-2-5-inch-2.5DF-02.webp
Corner Flushers,Combo Flusher,Combo Flusher,https://www.columbiatools.com/columbia-tools/corner-flushers/combo-flusher/,1,https://www.columbiatools.com/wp-content/uploads/2022/03/combo_flusher.jpg,corner-flushers/combo-flusher/combo-flusher_01.jpg,34705,392f1b2d2fc5cf836384a7f1a17f19eefde2f439256d1d45865c49871a56a2a6,image/jpeg,2.5CSF,"Columbia Combo Flusher 2.5"" (2.5CSF)",first_candidate_fallback,corner-flushers/combo-flusher/columbia-combo-flusher-2-5-inch-2.5CSF-01.webp
Semi Automatic Taper,Semi Automatic Taper,Semi Automatic Taper,https://www.columbiatools.com/columbia-tools/semi-automatic-taper/semi-automatic-taper/,1,https://www.columbiatools.com/wp-content/uploads/2022/03/semiautotapersquare.jpg,semi-automatic-taper/semi-automatic-taper/semi-automatic-taper_01.jpg,173717,9ca1422038fd7596d68f22104667d1bba084ca0312a8a873b627f16cb53cde41,image/jpeg,SAT,Columbia Semi Automatic Taper (SAT),single_candidate,semi-automatic-taper/semi-automatic-taper/columbia-semi-automatic-taper-SAT-01.webp
Applicators,External Corner Applicator,External Corner Applicator,https://www.columbiatools.com/columbia-tools/applicators/external-corner-applicator/,1,https://www.columbiatools.com/wp-content/uploads/2022/03/External_90_Aplicator_CEXT90_-_FRONT.jpg,applicators/external-corner-applicator/external-corner-applicator_01.jpg,42556,c55c73053a16e6046d018d3dc8d04b062154b4125a2e10db8776541cf4d03f6d,image/jpeg,CEXT90,Columbia External Corner Applicator (CEXT90),single_candidate,applicators/external-corner-applicator/columbia-external-corner-applicator-CEXT90-01.webp
Applicators,External Corner Applicator,External Corner Applicator,https://www.columbiatools.com/columbia-tools/applicators/external-corner-applicator/,2,https://www.columbiatools.com/wp-content/uploads/2022/03/External_90_Applicator_CEXT90_-_BACK.jpg,applicators/external-corner-applicator/external-corner-applicator_02.jpg,57277,4bbee73f2004a2a01b384cef18a60059b5733c644bf6cec0a2f786b308b0af79,image/jpeg,CEXT90,Columbia External Corner Applicator (CEXT90),single_candidate,applicators/external-corner-applicator/columbia-external-corner-applicator-CEXT90-02.webp
Applicators,External Corner Applicator,External Corner Applicator,https://www.columbiatools.com/columbia-tools/applicators/external-corner-applicator/,3,https://www.columbiatools.com/wp-content/uploads/2022/03/5yearwarrantysmall-1.jpg,applicators/external-corner-applicator/external-corner-applicator_03.jpg,111453,c373c43876b14e9fa761e291605f7a2c6db4f10bb9ef31a817d62c0118f6de91,image/jpeg,CEXT90,Columbia External Corner Applicator (CEXT90),single_candidate,applicators/external-corner-applicator/columbia-external-corner-applicator-CEXT90-03.webp
Applicators,Inside Corner Applicator,Inside Corner Applicator,https://www.columbiatools.com/columbia-tools/applicators/inside-corner-applicator/,1,https://www.columbiatools.com/wp-content/uploads/2022/03/Inside_Corner_Applicator_4_Wheels_ICA1-4_-_BACK.jpg,applicators/inside-corner-applicator/inside-corner-applicator_01.jpg,48507,9c41c584d7b23ce608a997e7fd4a93c4e25ee469523f67df4d3f55f7f676ee1c,image/jpeg,ICA4-1,"Columbia Inside Corner Applicator 4"" (ICA4-1)",matched_from_source_url,applicators/inside-corner-applicator/columbia-inside-corner-applicator-4-inch-ICA4-1-01.webp
Applicators,Inside Corner Applicator,Inside Corner Applicator,https://www.columbiatools.com/columbia-tools/applicators/inside-corner-applicator/,2,https://www.columbiatools.com/wp-content/uploads/2022/03/Inside_Corner_Applicator_4_Wheels_ICA1-4_-_FRONT.jpg,applicators/inside-corner-applicator/inside-corner-applicator_02.jpg,59920,d31d8223a2fab40ea5f2f5acf5331e171163390aeec55fe03579984baea8cce0,image/jpeg,ICA4-1,"Columbia Inside Corner Applicator 4"" (ICA4-1)",matched_from_source_url,applicators/inside-corner-applicator/columbia-inside-corner-applicator-4-inch-ICA4-1-02.webp
Applicators,Inside Corner Applicator,Inside Corner Applicator,https://www.columbiatools.com/columbia-tools/applicators/inside-corner-applicator/,3,https://www.columbiatools.com/wp-content/uploads/2022/03/Inside_Corner_Applicator_2_Wheels_ICA1-2_-BACK.jpg,applicators/inside-corner-applicator/inside-corner-applicator_03.jpg,68374,923060cc495e68f6350446c005fde356db000b99e4ef55dc5b09ed2d2c0ea1a7,image/jpeg,ICA2-1,"Columbia Inside Corner Applicator 2"" (ICA2-1)",matched_from_source_url,applicators/inside-corner-applicator/columbia-inside-corner-applicator-2-inch-ICA2-1-01.webp
Applicators,Inside Corner Applicator,Inside Corner Applicator,https://www.columbiatools.com/columbia-tools/applicators/inside-corner-applicator/,4,https://www.columbiatools.com/wp-content/uploads/2022/03/Inside_Corner_Applicator_2_Wheels_ICA-4_-_FRONT.jpg,applicators/inside-corner-applicator/inside-corner-applicator_04.jpg,63438,d52d101d0b2d6dac8928959b3cb29dc20f6baf2d5d3fa78ff48976f675415de5,image/jpeg,ICA2-1,"Columbia Inside Corner Applicator 2"" (ICA2-1)",matched_from_source_url,applicators/inside-corner-applicator/columbia-inside-corner-applicator-2-inch-ICA2-1-02.webp
Applicators,Two Way Internal Corner Applicator,Two Way Internal Corner Applicator,https://www.columbiatools.com/columbia-tools/applicators/two-way-internal-corner-applicator/,1,https://www.columbiatools.com/wp-content/uploads/2022/03/Two-Way_Internal_Corner_Applicator_ICATW_-_BACK.jpg,applicators/two-way-internal-corner-applicator/two-way-internal-corner-applicator_01.jpg,43511,ffdd678a1860f73e60b33db2e1d91e1b34419b12c3a8bcb2c06454fe541a7fb1,image/jpeg,ICATW,Columbia Two Way Internal Corner Applicator (ICATW),single_candidate,applicators/two-way-internal-corner-applicator/columbia-two-way-internal-corner-applicator-ICATW-01.webp
Applicators,Two Way Internal Corner Applicator,Two Way Internal Corner Applicator,https://www.columbiatools.com/columbia-tools/applicators/two-way-internal-corner-applicator/,2,https://www.columbiatools.com/wp-content/uploads/2022/03/Two_Way_Internal_Corner_Applicator_ICATW_-_FRONT.jpg,applicators/two-way-internal-corner-applicator/two-way-internal-corner-applicator_02.jpg,57078,6b278e2b81b714bcde4a9586b00baff31332401fbf677cc1800dc2214f3ac7ed,image/jpeg,ICATW,Columbia Two Way Internal Corner Applicator (ICATW),single_candidate,applicators/two-way-internal-corner-applicator/columbia-two-way-internal-corner-applicator-ICATW-02.webp
Applicators,Flat Applicators,Flat Applicators,https://www.columbiatools.com/columbia-tools/applicators/flat-applicators/,1,https://www.columbiatools.com/wp-content/uploads/2022/03/flatapplicatorsquare.jpg,applicators/flat-applicators/flat-applicators_01.jpg,249304,0b29eb8106a879fb78eb3569db0be6c1a58df24d5f8dea705f88310dbe879d57,image/jpeg,CFLT,Columbia Flat Applicators (CFLT),single_candidate,applicators/flat-applicators/columbia-flat-applicators-CFLT-01.webp
Handles,Columbia One,Columbia One,https://www.columbiatools.com/columbia-tools/handles/columbia-one/,1,https://www.columbiatools.com/wp-content/uploads/2022/03/C1H.jpg,handles/columbia-one/columbia-one_01.jpg,25310,c4c8839c0dc80cf0a722263c09b8696a7ff7fb23d814c1566ed54e1246312698,image/jpeg,C1H,"Columbia One 1"" (C1H)",matched_from_source_url,handles/columbia-one/columbia-one-1-inch-C1H-01.webp
Handles,Columbia One,Columbia One,https://www.columbiatools.com/columbia-tools/handles/columbia-one/,2,https://www.columbiatools.com/wp-content/uploads/2022/03/columbiaonesquare.jpg,handles/columbia-one/columbia-one_02.jpg,23000,f40f85effe910db91d7599fe771b22deaef74f03f003329f9f251e5730dfff12,image/jpeg,C1H,"Columbia One 1"" (C1H)",family_extra_attached_to_first_assigned_sku,handles/columbia-one/columbia-one-1-inch-C1H-02.webp
Handles,Columbia One,Columbia One,https://www.columbiatools.com/columbia-tools/handles/columbia-one/,3,https://www.columbiatools.com/wp-content/uploads/2022/03/stubbysmall.jpg,handles/columbia-one/columbia-one_03.jpg,124940,ca70c75f224fb0faf1babaa9af31b03c66de9d9c88fc4d471c5590336585ad1d,image/jpeg,C1H,"Columbia One 1"" (C1H)",family_extra_attached_to_first_assigned_sku,handles/columbia-one/columbia-one-1-inch-C1H-03.webp
Handles,Columbia One,Columbia One,https://www.columbiatools.com/columbia-tools/handles/columbia-one/,4,https://www.columbiatools.com/wp-content/uploads/2022/03/columbiaonesquaredisplay.jpg,handles/columbia-one/columbia-one_04.jpg,738734,0a4a3e82c07eb86b7bb3519fd1f84f16ab7214c971c2b2b80805381c9d937c33,image/jpeg,C1H,"Columbia One 1"" (C1H)",family_extra_attached_to_first_assigned_sku,handles/columbia-one/columbia-one-1-inch-C1H-04.webp
Handles,Columbia One,Columbia One,https://www.columbiatools.com/columbia-tools/handles/columbia-one/,5,https://www.columbiatools.com/wp-content/uploads/2022/03/5yearwarrantysmall-2.jpg,handles/columbia-one/columbia-one_05.jpg,111453,c373c43876b14e9fa761e291605f7a2c6db4f10bb9ef31a817d62c0118f6de91,image/jpeg,C1H,"Columbia One 1"" (C1H)",family_extra_attached_to_first_assigned_sku,handles/columbia-one/columbia-one-1-inch-C1H-05.webp
Handles,The Matrix Box Handles,The Matrix Box Handles,https://www.columbiatools.com/columbia-tools/handles/the-matrix-box-handles/,1,https://www.columbiatools.com/wp-content/uploads/2022/03/matrixsquare.jpg,handles/the-matrix-box-handles/the-matrix-box-handles_01.jpg,52295,a5042709e1172f567e6ed4d91afdd4d7bfa0cd274dd7507e00f480dac1d05eb7,image/jpeg,MHS,"Columbia The Matrix Box Handles 29"" (MHS)",first_candidate_fallback,handles/the-matrix-box-handles/columbia-the-matrix-box-handles-29-inch-MHS-01.webp
Handles,The Matrix Box Handles,The Matrix Box Handles,https://www.columbiatools.com/columbia-tools/handles/the-matrix-box-handles/,2,https://www.columbiatools.com/wp-content/uploads/2022/03/Untitled-1-1.jpg,handles/the-matrix-box-handles/the-matrix-box-handles_02.jpg,177815,d3f4bad09aea19e6006c885332306a933afd4718bc4ad8a528fcf79fd194033b,image/jpeg,MHS,"Columbia The Matrix Box Handles 29"" (MHS)",family_extra_attached_to_first_assigned_sku,handles/the-matrix-box-handles/columbia-the-matrix-box-handles-29-inch-MHS-02.webp
Handles,The Matrix Box Handles,The Matrix Box Handles,https://www.columbiatools.com/columbia-tools/handles/the-matrix-box-handles/,3,https://www.columbiatools.com/wp-content/uploads/2022/03/matrix2.jpg,handles/the-matrix-box-handles/the-matrix-box-handles_03.jpg,176319,52f5e04f38fda68918d5383041c1c3883b64c41e1ee57e2e004dea8bc1dc887b,image/jpeg,MHS,"Columbia The Matrix Box Handles 29"" (MHS)",family_extra_attached_to_first_assigned_sku,handles/the-matrix-box-handles/columbia-the-matrix-box-handles-29-inch-MHS-03.webp
Handles,The Matrix Box Handles,The Matrix Box Handles,https://www.columbiatools.com/columbia-tools/handles/the-matrix-box-handles/,4,https://www.columbiatools.com/wp-content/uploads/2022/03/matrix4.jpg,handles/the-matrix-box-handles/the-matrix-box-handles_04.jpg,62232,4cb3deb830619663c4d390b7ffac5dc15edf78e48d07b873de685ab58850c9ca,image/jpeg,MHS,"Columbia The Matrix Box Handles 29"" (MHS)",family_extra_attached_to_first_assigned_sku,handles/the-matrix-box-handles/columbia-the-matrix-box-handles-29-inch-MHS-04.webp
Handles,The Matrix Box Handles,The Matrix Box Handles,https://www.columbiatools.com/columbia-tools/handles/the-matrix-box-handles/,5,https://www.columbiatools.com/wp-content/uploads/2022/03/matrix3.jpg,handles/the-matrix-box-handles/the-matrix-box-handles_05.jpg,142528,df83c6833e7a6bb7e16d53d1fb7902a40e33bd363151dbe5a5beaf2a024b96ff,image/jpeg,MHS,"Columbia The Matrix Box Handles 29"" (MHS)",family_extra_attached_to_first_assigned_sku,handles/the-matrix-box-handles/columbia-the-matrix-box-handles-29-inch-MHS-05.webp
Handles,The Matrix Box Handles,The Matrix Box Handles,https://www.columbiatools.com/columbia-tools/handles/the-matrix-box-handles/,6,https://www.columbiatools.com/wp-content/uploads/2022/03/5yearwarrantysmall-1-1.jpg,handles/the-matrix-box-handles/the-matrix-box-handles_06.jpg,111453,c373c43876b14e9fa761e291605f7a2c6db4f10bb9ef31a817d62c0118f6de91,image/jpeg,MHS,"Columbia The Matrix Box Handles 29"" (MHS)",family_extra_attached_to_first_assigned_sku,handles/the-matrix-box-handles/columbia-the-matrix-box-handles-29-inch-MHS-06.webp
Handles,Long Extendible Handle,Long Extendible Handle,https://www.columbiatools.com/columbia-tools/handles/long-extendible-handle/,1,https://www.columbiatools.com/wp-content/uploads/2022/03/corner_roller_handle_extendible_copy.jpg,handles/long-extendible-handle/long-extendible-handle_01.jpg,73814,c29796b4c4238500b6919c06ca94a8a667af9be8f434c4985ac3e8cc5f2fa0e8,image/jpeg,CHXL,Columbia Long Extendible Handle (CHXL),single_candidate,handles/long-extendible-handle/columbia-long-extendible-handle-CHXL-01.webp
Handles,Long Extendible Handle,Long Extendible Handle,https://www.columbiatools.com/columbia-tools/handles/long-extendible-handle/,2,https://www.columbiatools.com/wp-content/uploads/2022/03/5yearwarrantysmall-2-1.jpg,handles/long-extendible-handle/long-extendible-handle_02.jpg,111453,c373c43876b14e9fa761e291605f7a2c6db4f10bb9ef31a817d62c0118f6de91,image/jpeg,CHXL,Columbia Long Extendible Handle (CHXL),single_candidate,handles/long-extendible-handle/columbia-long-extendible-handle-CHXL-02.webp
Handles,Twist Lock Handle,Twist Lock Handle,https://www.columbiatools.com/columbia-tools/handles/twist-lock-handle/,1,https://www.columbiatools.com/wp-content/uploads/2022/03/twistlocksquare.jpg,handles/twist-lock-handle/twist-lock-handle_01.jpg,80587,2470147224182244209f705916b0a458a461855869836711ffe114459de8aca4,image/jpeg,TL3-8,Columbia Twist Lock Handle (TL3-8),single_candidate,handles/twist-lock-handle/columbia-twist-lock-handle-TL3-8-01.webp
Handles,Twist Lock Handle,Twist Lock Handle,https://www.columbiatools.com/columbia-tools/handles/twist-lock-handle/,2,https://www.columbiatools.com/wp-content/uploads/2022/03/twistlockheadsquare.jpg,handles/twist-lock-handle/twist-lock-handle_02.jpg,106035,1906c8baa78e1f2b3eeee927a63ed8a21da6c9bcf260baf8edd2b3ca147ec0d7,image/jpeg,TL3-8,Columbia Twist Lock Handle (TL3-8),single_candidate,handles/twist-lock-handle/columbia-twist-lock-handle-TL3-8-02.webp
Compound Tubes,Compound Tubes,Compound Tubes,https://www.columbiatools.com/columbia-tools/compound-tubes/compound-tubes/,1,https://www.columbiatools.com/wp-content/uploads/2022/03/compoundtubesquare.jpg,compound-tubes/compound-tubes/compound-tubes_01.jpg,78389,93ebe97758f3bc175d10b78c8b8f2e43e65a9b6dd2e5f2f08710a1de4b7713b7,image/jpeg,CMT24,"Columbia Compound Tubes 24"" (CMT24)",first_candidate_fallback,compound-tubes/compound-tubes/columbia-compound-tubes-24-inch-CMT24-01.webp
Compound Tubes,Compound Tubes,Compound Tubes,https://www.columbiatools.com/columbia-tools/compound-tubes/compound-tubes/,2,https://www.columbiatools.com/wp-content/uploads/2022/03/5yearwarrantysmall-1.jpg,compound-tubes/compound-tubes/compound-tubes_02.jpg,111453,c373c43876b14e9fa761e291605f7a2c6db4f10bb9ef31a817d62c0118f6de91,image/jpeg,CMT24,"Columbia Compound Tubes 24"" (CMT24)",family_extra_attached_to_first_assigned_sku,compound-tubes/compound-tubes/columbia-compound-tubes-24-inch-CMT24-02.webp
Compound Tubes,Cam Lock Tube,Cam Lock Tube,https://www.columbiatools.com/columbia-tools/compound-tubes/cam-lock-tube/,1,https://www.columbiatools.com/wp-content/uploads/2022/03/camlocktubesquare.jpg,compound-tubes/cam-lock-tube/cam-lock-tube_01.jpg,80141,895f343b83f8e636584cc678e362e0a99bd6b3b7968705cdb6cf5e60845d53ca,image/jpeg,CLT24,"Columbia Cam Lock Tube 24"" (CLT24)",first_candidate_fallback,compound-tubes/cam-lock-tube/columbia-cam-lock-tube-24-inch-CLT24-01.webp
Compound Tubes,Cam Lock Tube,Cam Lock Tube,https://www.columbiatools.com/columbia-tools/compound-tubes/cam-lock-tube/,2,https://www.columbiatools.com/wp-content/uploads/2022/03/camlocktubesquare2.jpg,compound-tubes/cam-lock-tube/cam-lock-tube_02.jpg,188554,554d432c28d255f41f8874297339d3087eff7aea80f1d304a81f9856051e88e4,image/jpeg,CLT24,"Columbia Cam Lock Tube 24"" (CLT24)",family_extra_attached_to_first_assigned_sku,compound-tubes/cam-lock-tube/columbia-cam-lock-tube-24-inch-CLT24-02.webp
Compound Tubes,Cam Lock Tube,Cam Lock Tube,https://www.columbiatools.com/columbia-tools/compound-tubes/cam-lock-tube/,3,https://www.columbiatools.com/wp-content/uploads/2022/03/5yearwarrantysmall-1.jpg,compound-tubes/cam-lock-tube/cam-lock-tube_03.jpg,111453,c373c43876b14e9fa761e291605f7a2c6db4f10bb9ef31a817d62c0118f6de91,image/jpeg,CLT24,"Columbia Cam Lock Tube 24"" (CLT24)",family_extra_attached_to_first_assigned_sku,compound-tubes/cam-lock-tube/columbia-cam-lock-tube-24-inch-CLT24-03.webp
Compound Tubes,Cam Lock Tube Box Filler,Cam Lock Tube Box Filler,https://www.columbiatools.com/columbia-tools/compound-tubes/cam-lock-tube-box-filler/,1,https://www.columbiatools.com/wp-content/uploads/2022/03/boxfillerattachment4smallsquare.jpg,compound-tubes/cam-lock-tube-box-filler/cam-lock-tube-box-filler_01.jpg,99456,d67305272ad12402fab53a7b08909ae19d647aa862100f0519737780fe94618f,image/jpeg,CLTBF,Columbia Cam Lock Tube Box Filler (CLTBF),single_candidate,compound-tubes/cam-lock-tube-box-filler/columbia-cam-lock-tube-box-filler-CLTBF-01.webp
Compound Tubes,Cam Lock Tube Box Filler,Cam Lock Tube Box Filler,https://www.columbiatools.com/columbia-tools/compound-tubes/cam-lock-tube-box-filler/,2,https://www.columbiatools.com/wp-content/uploads/2022/03/boxfillerattachmentsmallsquare.jpg,compound-tubes/cam-lock-tube-box-filler/cam-lock-tube-box-filler_02.jpg,186806,58949d609cd847c1b0b8df236e0974a4c1a59c2ed1479f33d873583efd4f7f13,image/jpeg,CLTBF,Columbia Cam Lock Tube Box Filler (CLTBF),single_candidate,compound-tubes/cam-lock-tube-box-filler/columbia-cam-lock-tube-box-filler-CLTBF-02.webp
Compound Tubes,Cam Lock Tube Box Filler,Cam Lock Tube Box Filler,https://www.columbiatools.com/columbia-tools/compound-tubes/cam-lock-tube-box-filler/,3,https://www.columbiatools.com/wp-content/uploads/2022/03/boxfillerattachment2smallsquare.jpg,compound-tubes/cam-lock-tube-box-filler/cam-lock-tube-box-filler_03.jpg,162499,cf220dd9937eb2b253f30f773f6f894c5638fc7d09b9980eceb340e35a97c721,image/jpeg,CLTBF,Columbia Cam Lock Tube Box Filler (CLTBF),single_candidate,compound-tubes/cam-lock-tube-box-filler/columbia-cam-lock-tube-box-filler-CLTBF-03.webp
Compound Tubes,Cam Lock Tube Box Filler,Cam Lock Tube Box Filler,https://www.columbiatools.com/columbia-tools/compound-tubes/cam-lock-tube-box-filler/,4,https://www.columbiatools.com/wp-content/uploads/2022/03/boxfillerattachment3smallsquare.jpg,compound-tubes/cam-lock-tube-box-filler/cam-lock-tube-box-filler_04.jpg,139301,edc745f438ddb1481c0282f87190bb9eec530defdf783a6e056aa514ec1c43c1,image/jpeg,CLTBF,Columbia Cam Lock Tube Box Filler (CLTBF),single_candidate,compound-tubes/cam-lock-tube-box-filler/columbia-cam-lock-tube-box-filler-CLTBF-04.webp
Compound Tubes,Cam Lock Tube Box Filler,Cam Lock Tube Box Filler,https://www.columbiatools.com/columbia-tools/compound-tubes/cam-lock-tube-box-filler/,5,https://www.columbiatools.com/wp-content/uploads/2022/03/5yearwarrantysmall-1.jpg,compound-tubes/cam-lock-tube-box-filler/cam-lock-tube-box-filler_05.jpg,111453,c373c43876b14e9fa761e291605f7a2c6db4f10bb9ef31a817d62c0118f6de91,image/jpeg,CLTBF,Columbia Cam Lock Tube Box Filler (CLTBF),single_candidate,compound-tubes/cam-lock-tube-box-filler/columbia-cam-lock-tube-box-filler-CLTBF-05.webp
Grooved Mud Heads,Inside 90 Grooved Mud Heads,Inside 90 Grooved Mud Heads,https://www.columbiatools.com/columbia-tools/grooved-mud-heads/inside-90-grooved-mud-heads/,1,https://www.columbiatools.com/wp-content/uploads/2022/03/mudheadsquare.jpg,grooved-mud-heads/inside-90-grooved-mud-heads/inside-90-grooved-mud-heads_01.jpg,107747,4c11c40c022e089c3c1bf26c66c1d0171e55d29c89e65fd42e94fa13010e5f24,image/jpeg,IA90,Columbia Inside 90 Grooved Mud Heads (IA90),single_candidate,grooved-mud-heads/inside-90-grooved-mud-heads/columbia-inside-90-grooved-mud-heads-IA90-01.webp
Grooved Mud Heads,Flat Grooved Mud Heads,Flat Grooved Mud Heads,https://www.columbiatools.com/columbia-tools/grooved-mud-heads/flat-grooved-mud-heads/,1,https://www.columbiatools.com/wp-content/uploads/2022/03/FMH.jpg,grooved-mud-heads/flat-grooved-mud-heads/flat-grooved-mud-heads_01.jpg,15406,1514c18748bc0eba5d766ec22799e0d2cf21a2122acf3b41c839456e3d9443f9,image/jpeg,FMH,Columbia Flat Grooved Mud Heads (FMH),single_candidate,grooved-mud-heads/flat-grooved-mud-heads/columbia-flat-grooved-mud-heads-FMH-01.webp
