"old_parent_sku","old_variation_sku","old_variation_name","new_simple_parent_sku","new_simple_sku","new_simple_name","available"
"COL-COLUMBIA-180-GRIP-BOX-HANDLE-REPAIR-PARTS","BH1__COLUMBIA-180-GRIP-BOX-HANDLE-REPAIR-PARTS","BH1 - Mounting Plate","COL-BH1-MOUNTING-PLATE","BH1__COLUMBIA-180-GRIP-BOX-HANDLE-REPAIR-PARTS","BH1 - Mounting Plate","true"
"COL-COLUMBIA-180-GRIP-BOX-HANDLE-REPAIR-PARTS","BH11","BH11 - Strap Connecting Pin","COL-BH11-STRAP-CONNECTING-PIN","BH11","BH11 - Strap Connecting Pin","true"
"COL-COLUMBIA-180-GRIP-BOX-HANDLE-REPAIR-PARTS","BH2","BH2 - Plate","COL-BH2-PLATE","BH2","BH2 - Plate","true"
"COL-COLUMBIA-180-GRIP-BOX-HANDLE-REPAIR-PARTS","BH24A","BH24A - Bearing Sleeve","COL-BH24A-BEARING-SLEEVE","BH24A","BH24A - Bearing Sleeve","true"
"COL-COLUMBIA-180-GRIP-BOX-HANDLE-REPAIR-PARTS","BH26","BH26 - Cam","COL-BH26-CAM","BH26","BH26 - Cam","true"
"COL-COLUMBIA-180-GRIP-BOX-HANDLE-REPAIR-PARTS","BH3","BH3 - Lower Mounting Bracket","COL-BH3-LOWER-MOUNTING-BRACKET","BH3","BH3 - Lower Mounting Bracket","true"
"COL-COLUMBIA-180-GRIP-BOX-HANDLE-REPAIR-PARTS","BH4","BH4 - Lower Brake Lever","COL-BH4-LOWER-BRAKE-LEVER","BH4","BH4 - Lower Brake Lever","true"
"COL-COLUMBIA-180-GRIP-BOX-HANDLE-REPAIR-PARTS","BH5__COLUMBIA-180-GRIP-BOX-HANDLE-REPAIR-PARTS","BH5 - Upper Mounting Bracket","COL-BH5-UPPER-MOUNTING-BRACKET","BH5__COLUMBIA-180-GRIP-BOX-HANDLE-REPAIR-PARTS","BH5 - Upper Mounting Bracket","true"
"COL-COLUMBIA-180-GRIP-BOX-HANDLE-REPAIR-PARTS","BH6__COLUMBIA-180-GRIP-BOX-HANDLE-REPAIR-PARTS","BH6 - Hinge Pin","COL-BH6-HINGE-PIN","BH6__COLUMBIA-180-GRIP-BOX-HANDLE-REPAIR-PARTS","BH6 - Hinge Pin","true"
"COL-COLUMBIA-180-GRIP-BOX-HANDLE-REPAIR-PARTS","BH7","BH7 - Cam Follower","COL-BH7-CAM-FOLLOWER","BH7","BH7 - Cam Follower","true"
"COL-COLUMBIA-180-GRIP-BOX-HANDLE-REPAIR-PARTS","BH9-3","BH9-3 - Brake Connecting Strap - 3'","COL-BH9-3-BRAKE-CONNECTING-STRAP-3","BH9-3","BH9-3 - Brake Connecting Strap - 3'","false"
"COL-COLUMBIA-180-GRIP-BOX-HANDLE-REPAIR-PARTS","BH9-4","BH9-4 - Brake Connecting Strap - 4'","COL-BH9-4-BRAKE-CONNECTING-STRAP-4","BH9-4","BH9-4 - Brake Connecting Strap - 4'","true"
"COL-COLUMBIA-180-GRIP-BOX-HANDLE-REPAIR-PARTS","BH9-42","BH9-42 - Brake Connecing Strap - 42""","COL-BH9-42-BRAKE-CONNECING-STRAP-42","BH9-42","BH9-42 - Brake Connecing Strap - 42""","true"
"COL-COLUMBIA-180-GRIP-BOX-HANDLE-REPAIR-PARTS","BH9-5","BH9-5 - Brake Connecting Strap - 5'","COL-BH9-5-BRAKE-CONNECTING-STRAP-5","BH9-5","BH9-5 - Brake Connecting Strap - 5'","true"
"COL-COLUMBIA-180-GRIP-BOX-HANDLE-REPAIR-PARTS","BH9-6","BH9-6 - Brake Connecting Strap -6'","COL-BH9-6-BRAKE-CONNECTING-STRAP-6","BH9-6","BH9-6 - Brake Connecting Strap -6'","true"
"COL-COLUMBIA-180-GRIP-BOX-HANDLE-REPAIR-PARTS","FA202","FA202 - 1/16 X 1/2"" Cotter Pin","COL-FA202-1-16-X-1-2-COTTER-PIN","FA202","FA202 - 1/16 X 1/2"" Cotter Pin","true"
"COL-COLUMBIA-180-GRIP-BOX-HANDLE-REPAIR-PARTS","FA257__COLUMBIA-180-GRIP-BOX-HANDLE-REPAIR-PARTS","FA257 - 8-32 X 1/4"" Fillister Slot","COL-FA257-8-32-X-1-4-FILLISTER-SLOT","FA257__COLUMBIA-180-GRIP-BOX-HANDLE-REPAIR-PARTS","FA257 - 8-32 X 1/4"" Fillister Slot","true"
"COL-COLUMBIA-180-GRIP-BOX-HANDLE-REPAIR-PARTS","FA260__COLUMBIA-180-GRIP-BOX-HANDLE-REPAIR-PARTS","FA260 - 8-32 x 3/8"" Pan Slot","COL-FA260-8-32-X-3-8-PAN-SLOT","FA260__COLUMBIA-180-GRIP-BOX-HANDLE-REPAIR-PARTS","FA260 - 8-32 x 3/8"" Pan Slot","true"
"COL-COLUMBIA-180-GRIP-BOX-HANDLE-REPAIR-PARTS","FA265__COLUMBIA-180-GRIP-BOX-HANDLE-REPAIR-PARTS","FA265 - 8-32 X 3/4"" Truss Slot","COL-FA265-8-32-X-3-4-TRUSS-SLOT","FA265__COLUMBIA-180-GRIP-BOX-HANDLE-REPAIR-PARTS","FA265 - 8-32 X 3/4"" Truss Slot","true"
"COL-COLUMBIA-180-GRIP-BOX-HANDLE-REPAIR-PARTS","FA268__COLUMBIA-180-GRIP-BOX-HANDLE-REPAIR-PARTS","FA268 - #10 Flat Washer","COL-FA268-10-FLAT-WASHER","FA268__COLUMBIA-180-GRIP-BOX-HANDLE-REPAIR-PARTS","FA268 - #10 Flat Washer","true"
"COL-COLUMBIA-180-GRIP-BOX-HANDLE-REPAIR-PARTS","FA276","FA276 - 10-24 x 7/8"" Pan Slot","COL-FA276-10-24-X-7-8-PAN-SLOT","FA276","FA276 - 10-24 x 7/8"" Pan Slot","true"
"COL-COLUMBIA-180-GRIP-BOX-HANDLE-REPAIR-PARTS","FA302","FA302 - 1/4-28 x 1/4"" Set Screw","COL-FA302-1-4-28-X-1-4-SET-SCREW","FA302","FA302 - 1/4-28 x 1/4"" Set Screw","true"
"COL-COLUMBIA-180-GRIP-BOX-HANDLE-REPAIR-PARTS","FA311__COLUMBIA-180-GRIP-BOX-HANDLE-REPAIR-PARTS","FA311 1/4-28 X 1/2"" Socket Head","COL-FA311-1-4-28-X-1-2-SOCKET-HEAD","FA311__COLUMBIA-180-GRIP-BOX-HANDLE-REPAIR-PARTS","FA311 1/4-28 X 1/2"" Socket Head","true"
"COL-COLUMBIA-180-GRIP-BOX-HANDLE-REPAIR-PARTS","FA312__COLUMBIA-180-GRIP-BOX-HANDLE-REPAIR-PARTS","FA312 - 10-24 X 1/4"" Socket Hand Set","COL-FA312-10-24-X-1-4-SOCKET-HAND-SET","FA312__COLUMBIA-180-GRIP-BOX-HANDLE-REPAIR-PARTS","FA312 - 10-24 X 1/4"" Socket Hand Set","true"
"COL-COLUMBIA-ANGLE-HEAD-BLADE-REPAIR-KIT","AHR-BK-2","Columbia Angle Head Blade Maintenance Kit - 2""","COL-COLUMBIA-ANGLE-HEAD-BLADE-MAINTENANCE-KIT-2","AHR-BK-2","Columbia Angle Head Blade Maintenance Kit - 2""","true"
"COL-COLUMBIA-ANGLE-HEAD-BLADE-REPAIR-KIT","AHR-BK-2.5","Columbia Angle Head Blade Maintenance Kit - 2.5""","COL-COLUMBIA-ANGLE-HEAD-BLADE-MAINTENANCE-KIT-2-5","AHR-BK-2.5","Columbia Angle Head Blade Maintenance Kit - 2.5""","true"
"COL-COLUMBIA-ANGLE-HEAD-BLADE-REPAIR-KIT","AHR-BK-3","Columbia Angle Head Blade Maintenance Kit - 3""","COL-COLUMBIA-ANGLE-HEAD-BLADE-MAINTENANCE-KIT-3","AHR-BK-3","Columbia Angle Head Blade Maintenance Kit - 3""","true"
"COL-COLUMBIA-ANGLE-HEAD-BLADE-REPAIR-KIT","AHR-BK-3.5","Columbia Angle Head Blade Maintenance Kit - 3.5""","COL-COLUMBIA-ANGLE-HEAD-BLADE-MAINTENANCE-KIT-3-5","AHR-BK-3.5","Columbia Angle Head Blade Maintenance Kit - 3.5""","true"
"COL-COLUMBIA-ANGLE-HEAD-REPAIR-PARTS","AH1-2","AH1-2 - Head Casting -2""","COL-AH1-2-HEAD-CASTING-2","AH1-2","AH1-2 - Head Casting -2""","true"
"COL-COLUMBIA-ANGLE-HEAD-REPAIR-PARTS","AH1-2.5","AH1-2.5 - Head Casting- 2.5""","COL-AH1-2-5-HEAD-CASTING-2-5","AH1-2.5","AH1-2.5 - Head Casting- 2.5""","true"
"COL-COLUMBIA-ANGLE-HEAD-REPAIR-PARTS","AH1-3","AH1-3 - Head Casting -3""","COL-AH1-3-HEAD-CASTING-3","AH1-3","AH1-3 - Head Casting -3""","true"
"COL-COLUMBIA-ANGLE-HEAD-REPAIR-PARTS","AH1-3.5","AH1-3.5 - Head Casting - 3.5""","COL-AH1-3-5-HEAD-CASTING-3-5","AH1-3.5","AH1-3.5 - Head Casting - 3.5""","false"
"COL-COLUMBIA-ANGLE-HEAD-REPAIR-PARTS","AH1A","AH1A - Spring Housing","COL-AH1A-SPRING-HOUSING","AH1A","AH1A - Spring Housing","true"
"COL-COLUMBIA-ANGLE-HEAD-REPAIR-PARTS","AH1B","AH1B - Return Spring","COL-AH1B-RETURN-SPRING","AH1B","AH1B - Return Spring","true"
"COL-COLUMBIA-ANGLE-HEAD-REPAIR-PARTS","AH3-2","AH3-2 - 2"" Top Blade","COL-AH3-2-2-TOP-BLADE","AH3-2","AH3-2 - 2"" Top Blade","true"
"COL-COLUMBIA-ANGLE-HEAD-REPAIR-PARTS","AH3-2.5","AH3-2.5 - 2.5"" Top Blade","COL-AH3-2-5-2-5-TOP-BLADE","AH3-2.5","AH3-2.5 - 2.5"" Top Blade","true"
"COL-COLUMBIA-ANGLE-HEAD-REPAIR-PARTS","AH3-3","AH3-3 - 3"" Top Blade","COL-AH3-3-3-TOP-BLADE","AH3-3","AH3-3 - 3"" Top Blade","true"
"COL-COLUMBIA-ANGLE-HEAD-REPAIR-PARTS","AH3-3.5","AH3-3.5 - 3.5"" Top Blade","COL-AH3-3-5-3-5-TOP-BLADE","AH3-3.5","AH3-3.5 - 3.5"" Top Blade","true"
"COL-COLUMBIA-ANGLE-HEAD-REPAIR-PARTS","AH4","AH4 - Side Blade","COL-AH4-SIDE-BLADE","AH4","AH4 - Side Blade","true"
"COL-COLUMBIA-ANGLE-HEAD-REPAIR-PARTS","AH5","AH5 - Frame Retainer Clip","COL-AH5-FRAME-RETAINER-CLIP","AH5","AH5 - Frame Retainer Clip","true"
"COL-COLUMBIA-ANGLE-HEAD-REPAIR-PARTS","AH6A","AH6A - Funnel Retainer Clip","COL-AH6A-FUNNEL-RETAINER-CLIP","AH6A","AH6A - Funnel Retainer Clip","true"
"COL-COLUMBIA-ANGLE-HEAD-REPAIR-PARTS","AH7-2","AH7-2 - Frame Tension Spring- 2""","COL-AH7-2-FRAME-TENSION-SPRING-2","AH7-2","AH7-2 - Frame Tension Spring- 2""","true"
"COL-COLUMBIA-ANGLE-HEAD-REPAIR-PARTS","AH7-2.5","AH7-2.5 - Frame Tension Spring- 2.5""","COL-AH7-2-5-FRAME-TENSION-SPRING-2-5","AH7-2.5","AH7-2.5 - Frame Tension Spring- 2.5""","true"
"COL-COLUMBIA-ANGLE-HEAD-REPAIR-PARTS","AH7-3","AH7-3 - Framer Tention Spring- 3""","COL-AH7-3-FRAMER-TENTION-SPRING-3","AH7-3","AH7-3 - Framer Tention Spring- 3""","true"
"COL-COLUMBIA-ANGLE-HEAD-REPAIR-PARTS","AH7-3.5","AH7-3.5 - Frame Tension Spring- 3.5""","COL-AH7-3-5-FRAME-TENSION-SPRING-3-5","AH7-3.5","AH7-3.5 - Frame Tension Spring- 3.5""","true"
"COL-COLUMBIA-ANGLE-HEAD-REPAIR-PARTS","AH8","AH8 - Top Retainer Corner Clip","COL-AH8-TOP-RETAINER-CORNER-CLIP","AH8","AH8 - Top Retainer Corner Clip","true"
"COL-COLUMBIA-ANGLE-HEAD-REPAIR-PARTS","AH8A","AH8A - Top Retainer Corner Clip- 3.5"" or All Sizes Post 2014","COL-AH8A-TOP-RETAINER-CORNER-CLIP-3-5-OR-ALL-SIZES-POST-2014","AH8A","AH8A - Top Retainer Corner Clip- 3.5"" or All Sizes Post 2014","true"
"COL-COLUMBIA-ANGLE-HEAD-REPAIR-PARTS","AH9","AH9 - Bottom Retainer Corner Clip","COL-AH9-BOTTOM-RETAINER-CORNER-CLIP","AH9","AH9 - Bottom Retainer Corner Clip","true"
"COL-COLUMBIA-ANGLE-HEAD-REPAIR-PARTS","AH9A","AH9A - Bottom Retainer Corner Clip - 3.5"" or All Sizes Post 2014","COL-AH9A-BOTTOM-RETAINER-CORNER-CLIP-3-5-OR-ALL-SIZES-POST-2014","AH9A","AH9A - Bottom Retainer Corner Clip - 3.5"" or All Sizes Post 2014","true"
"COL-COLUMBIA-ANGLE-HEAD-REPAIR-PARTS","AH18","AH18 - Socket Wear Cap","COL-AH18-SOCKET-WEAR-CAP","AH18","AH18 - Socket Wear Cap","true"
"COL-COLUMBIA-ANGLE-HEAD-REPAIR-PARTS","FA227","FA227 - 6-32 X 1/4"" Flat Slot","COL-FA227-6-32-X-1-4-FLAT-SLOT","FA227","FA227 - 6-32 X 1/4"" Flat Slot","true"
"COL-COLUMBIA-ANGLE-HEAD-REPAIR-PARTS","FA235","FA235 - 6-32 X 1/8"" Set Screw","COL-FA235-6-32-X-1-8-SET-SCREW","FA235","FA235 - 6-32 X 1/8"" Set Screw","true"
"COL-COLUMBIA-ANGLE-HEAD-REPAIR-PARTS","FA236","FA236 - 6-32 X 1/8"" Binder Slot","COL-FA236-6-32-X-1-8-BINDER-SLOT","FA236","FA236 - 6-32 X 1/8"" Binder Slot","true"
"COL-COLUMBIA-ANGLE-HEAD-REPAIR-PARTS","FA245__COLUMBIA-ANGLE-HEAD-REPAIR-PARTS","FA245 - 6-32 X 1/2"" Fillister Slot","COL-FA245-6-32-X-1-2-FILLISTER-SLOT","FA245__COLUMBIA-ANGLE-HEAD-REPAIR-PARTS","FA245 - 6-32 X 1/2"" Fillister Slot","true"
"COL-COLUMBIA-ANGLE-HEAD-REPAIR-PARTS","FA258__COLUMBIA-ANGLE-HEAD-REPAIR-PARTS","FA258 - 8-32X 1/4 Half Dog Set","COL-FA258-8-32X-1-4-HALF-DOG-SET","FA258__COLUMBIA-ANGLE-HEAD-REPAIR-PARTS","FA258 - 8-32X 1/4 Half Dog Set","true"
"COL-COLUMBIA-ANGLE-HEAD-SPRING-REPAIR-KIT","AHR-2-2","Columbia Angle Head Spring Repair Kit - 2""","COL-COLUMBIA-ANGLE-HEAD-SPRING-REPAIR-KIT-2","AHR-2-2","Columbia Angle Head Spring Repair Kit - 2""","false"
"COL-COLUMBIA-ANGLE-HEAD-SPRING-REPAIR-KIT","AHR-2-2.5","Columbia Angle Head Spring Repair Kit - 2.5""","COL-COLUMBIA-ANGLE-HEAD-SPRING-REPAIR-KIT-2-5","AHR-2-2.5","Columbia Angle Head Spring Repair Kit - 2.5""","false"
"COL-COLUMBIA-ANGLE-HEAD-SPRING-REPAIR-KIT","AHR-2-3","Columbia Angle Head Spring Repair Kit - 3""","COL-COLUMBIA-ANGLE-HEAD-SPRING-REPAIR-KIT-3","AHR-2-3","Columbia Angle Head Spring Repair Kit - 3""","false"
"COL-COLUMBIA-ANGLE-HEAD-SPRING-REPAIR-KIT","AHR-2-3.5","Columbia Angle Head Spring Repair Kit - 3.5""","COL-COLUMBIA-ANGLE-HEAD-SPRING-REPAIR-KIT-3-5","AHR-2-3.5","Columbia Angle Head Spring Repair Kit - 3.5""","false"
"COL-COLUMBIA-AUTOMATIC-TAPER-BODY-REPAIR-PARTS","CT72__COLUMBIA-AUTOMATIC-TAPER-BODY-REPAIR-PARTS","CT72 - Cable","COL-CT72-CABLE","CT72__COLUMBIA-AUTOMATIC-TAPER-BODY-REPAIR-PARTS","CT72 - Cable","true"
"COL-COLUMBIA-AUTOMATIC-TAPER-BODY-REPAIR-PARTS","CT103","CT103 - Barrel- Main Body","COL-CT103-BARREL-MAIN-BODY","CT103","CT103 - Barrel- Main Body","true"
"COL-COLUMBIA-AUTOMATIC-TAPER-BODY-REPAIR-PARTS","CT104","CT104 - Connection Strap","COL-CT104-CONNECTION-STRAP","CT104","CT104 - Connection Strap","true"
"COL-COLUMBIA-AUTOMATIC-TAPER-BODY-REPAIR-PARTS","CT105","CT105 - Crimper Lever","COL-CT105-CRIMPER-LEVER","CT105","CT105 - Crimper Lever","true"
"COL-COLUMBIA-AUTOMATIC-TAPER-BODY-REPAIR-PARTS","CT107","CT107 - Piston Body","COL-CT107-PISTON-BODY","CT107","CT107 - Piston Body","true"
"COL-COLUMBIA-AUTOMATIC-TAPER-BODY-REPAIR-PARTS","CT109","CT109 - 1/4 - 20 Hex Nut","COL-CT109-1-4-20-HEX-NUT","CT109","CT109 - 1/4 - 20 Hex Nut","true"
"COL-COLUMBIA-AUTOMATIC-TAPER-BODY-REPAIR-PARTS","CT111","CT111 - Piston Cup","COL-CT111-PISTON-CUP","CT111","CT111 - Piston Cup","true"
"COL-COLUMBIA-AUTOMATIC-TAPER-BODY-REPAIR-PARTS","CT112","CT112 - Connecting Stud","COL-CT112-CONNECTING-STUD","CT112","CT112 - Connecting Stud","true"
"COL-COLUMBIA-AUTOMATIC-TAPER-BODY-REPAIR-PARTS","CT115","CT115 - Guard Ring","COL-CT115-GUARD-RING","CT115","CT115 - Guard Ring","true"
"COL-COLUMBIA-AUTOMATIC-TAPER-BODY-REPAIR-PARTS","CT116A","CT116A - Strap","COL-CT116A-STRAP","CT116A","CT116A - Strap","true"
"COL-COLUMBIA-AUTOMATIC-TAPER-BODY-REPAIR-PARTS","CT119","CT119 - Spool Retaining Spring","COL-CT119-SPOOL-RETAINING-SPRING","CT119","CT119 - Spool Retaining Spring","true"
"COL-COLUMBIA-AUTOMATIC-TAPER-BODY-REPAIR-PARTS","CT120","CT120 - Tape Spool","COL-CT120-TAPE-SPOOL","CT120","CT120 - Tape Spool","true"
"COL-COLUMBIA-AUTOMATIC-TAPER-BODY-REPAIR-PARTS","CT121A","CT121A - O-Ring","COL-CT121A-O-RING","CT121A","CT121A - O-Ring","true"
"COL-COLUMBIA-AUTOMATIC-TAPER-BODY-REPAIR-PARTS","CT124","CT124 - Hand Grip Guard Ring","COL-CT124-HAND-GRIP-GUARD-RING","CT124","CT124 - Hand Grip Guard Ring","false"
"COL-COLUMBIA-AUTOMATIC-TAPER-BODY-REPAIR-PARTS","CT125","CT125 - Rollers","COL-CT125-ROLLERS","CT125","CT125 - Rollers","true"
"COL-COLUMBIA-AUTOMATIC-TAPER-BODY-REPAIR-PARTS","CT125A","CT125A - Bearing","COL-CT125A-BEARING","CT125A","CT125A - Bearing","true"
"COL-COLUMBIA-AUTOMATIC-TAPER-BODY-REPAIR-PARTS","CT126","CT126 - Hand Grip Body","COL-CT126-HAND-GRIP-BODY","CT126","CT126 - Hand Grip Body","true"
"COL-COLUMBIA-AUTOMATIC-TAPER-BODY-REPAIR-PARTS","CT127","CT127 - Extension Shaft Bracket","COL-CT127-EXTENSION-SHAFT-BRACKET","CT127","CT127 - Extension Shaft Bracket","true"
"COL-COLUMBIA-AUTOMATIC-TAPER-BODY-REPAIR-PARTS","CT130","CT130 - Extension Shaft","COL-CT130-EXTENSION-SHAFT","CT130","CT130 - Extension Shaft","true"
"COL-COLUMBIA-AUTOMATIC-TAPER-BODY-REPAIR-PARTS","CT132","CT132 - Connecting Link","COL-CT132-CONNECTING-LINK","CT132","CT132 - Connecting Link","true"
"COL-COLUMBIA-AUTOMATIC-TAPER-BODY-REPAIR-PARTS","FA207__COLUMBIA-AUTOMATIC-TAPER-BODY-REPAIR-PARTS","FA207 - 4-40 Nyloc Nut","COL-FA207-4-40-NYLOC-NUT","FA207__COLUMBIA-AUTOMATIC-TAPER-BODY-REPAIR-PARTS","FA207 - 4-40 Nyloc Nut","true"
"COL-COLUMBIA-AUTOMATIC-TAPER-BODY-REPAIR-PARTS","FA208__COLUMBIA-AUTOMATIC-TAPER-BODY-REPAIR-PARTS","FA208 - 4-40 x 1/8"" Binder Slot","COL-FA208-4-40-X-1-8-BINDER-SLOT","FA208__COLUMBIA-AUTOMATIC-TAPER-BODY-REPAIR-PARTS","FA208 - 4-40 x 1/8"" Binder Slot","true"
"COL-COLUMBIA-AUTOMATIC-TAPER-BODY-REPAIR-PARTS","FA219__COLUMBIA-AUTOMATIC-TAPER-BODY-REPAIR-PARTS","FA219 - 4-40 x 1/2"" Fillister Slot","COL-FA219-4-40-X-1-2-FILLISTER-SLOT","FA219__COLUMBIA-AUTOMATIC-TAPER-BODY-REPAIR-PARTS","FA219 - 4-40 x 1/2"" Fillister Slot","true"
"COL-COLUMBIA-AUTOMATIC-TAPER-BODY-REPAIR-PARTS","FA220__COLUMBIA-AUTOMATIC-TAPER-BODY-REPAIR-PARTS","FA220 - 4-40 x 3/4"" Hex Bolt","COL-FA220-4-40-X-3-4-HEX-BOLT","FA220__COLUMBIA-AUTOMATIC-TAPER-BODY-REPAIR-PARTS","FA220 - 4-40 x 3/4"" Hex Bolt","true"
"COL-COLUMBIA-AUTOMATIC-TAPER-BODY-REPAIR-PARTS","FA225","FA225 - 1/8"" x 3/8"" Rivet Shoulder Washer","COL-FA225-1-8-X-3-8-RIVET-SHOULDER-WASHER","FA225","FA225 - 1/8"" x 3/8"" Rivet Shoulder Washer","true"
"COL-COLUMBIA-AUTOMATIC-TAPER-BODY-REPAIR-PARTS","FA239__COLUMBIA-AUTOMATIC-TAPER-BODY-REPAIR-PARTS","FA239 - 6-32 x 1/4"" Binder Slot","COL-FA239-6-32-X-1-4-BINDER-SLOT","FA239__COLUMBIA-AUTOMATIC-TAPER-BODY-REPAIR-PARTS","FA239 - 6-32 x 1/4"" Binder Slot","true"
"COL-COLUMBIA-AUTOMATIC-TAPER-BODY-REPAIR-PARTS","FA249__COLUMBIA-AUTOMATIC-TAPER-BODY-REPAIR-PARTS","FA249 - 8-32 x 3/16"" Set Screw","COL-FA249-8-32-X-3-16-SET-SCREW","FA249__COLUMBIA-AUTOMATIC-TAPER-BODY-REPAIR-PARTS","FA249 - 8-32 x 3/16"" Set Screw","true"
"COL-COLUMBIA-AUTOMATIC-TAPER-BODY-REPAIR-PARTS","FA291","FA291 - 1/4-20 Hex Nut","COL-FA291-1-4-20-HEX-NUT","FA291","FA291 - 1/4-20 Hex Nut","true"
"COL-COLUMBIA-AUTOMATIC-TAPER-BODY-REPAIR-PARTS","FA292__COLUMBIA-AUTOMATIC-TAPER-BODY-REPAIR-PARTS","FA292 - 1/4-20 Nyloc Jam Nut","COL-FA292-1-4-20-NYLOC-JAM-NUT","FA292__COLUMBIA-AUTOMATIC-TAPER-BODY-REPAIR-PARTS","FA292 - 1/4-20 Nyloc Jam Nut","true"
"COL-COLUMBIA-AUTOMATIC-TAPER-BODY-REPAIR-PARTS","FA295","FA295 - 1/4 x 1/2"" Flathead Socket","COL-FA295-1-4-X-1-2-FLATHEAD-SOCKET","FA295","FA295 - 1/4 x 1/2"" Flathead Socket","true"
"COL-COLUMBIA-AUTOMATIC-TAPER-BODY-REPAIR-PARTS","FA298","FA298 - 1/4-20 x 7/8"" Flat Socket","COL-FA298-1-4-20-X-7-8-FLAT-SOCKET","FA298","FA298 - 1/4-20 x 7/8"" Flat Socket","true"
"COL-COLUMBIA-AUTOMATIC-TAPER-HEAD-REPAIR-PARTS","CT2","CT2 - Insert Bushing for CT#7A","COL-CT2-INSERT-BUSHING-FOR-CT-7A","CT2","CT2 - Insert Bushing for CT#7A","true"
"COL-COLUMBIA-AUTOMATIC-TAPER-HEAD-REPAIR-PARTS","CT3","CT3 - Right Insert Bushing (includes CT4)","COL-CT3-RIGHT-INSERT-BUSHING-INCLUDES-CT4","CT3","CT3 - Right Insert Bushing (includes CT4)","true"
"COL-COLUMBIA-AUTOMATIC-TAPER-HEAD-REPAIR-PARTS","CT3A","CT3A - Left Insert Bushing","COL-CT3A-LEFT-INSERT-BUSHING","CT3A","CT3A - Left Insert Bushing","true"
"COL-COLUMBIA-AUTOMATIC-TAPER-HEAD-REPAIR-PARTS","CT4","CT4 - Left Wafer Bushing","COL-CT4-LEFT-WAFER-BUSHING","CT4","CT4 - Left Wafer Bushing","true"
"COL-COLUMBIA-AUTOMATIC-TAPER-HEAD-REPAIR-PARTS","CT5","CT5 - Right Wafer Bushing","COL-CT5-RIGHT-WAFER-BUSHING","CT5","CT5 - Right Wafer Bushing","true"
"COL-COLUMBIA-AUTOMATIC-TAPER-HEAD-REPAIR-PARTS","CT6A","CT6A - Stainless Steel Side Plate - Left","COL-CT6A-STAINLESS-STEEL-SIDE-PLATE-LEFT","CT6A","CT6A - Stainless Steel Side Plate - Left","true"
"COL-COLUMBIA-AUTOMATIC-TAPER-HEAD-REPAIR-PARTS","CT7A","CT7A - Side Plate Hub","COL-CT7A-SIDE-PLATE-HUB","CT7A","CT7A - Side Plate Hub","true"
"COL-COLUMBIA-AUTOMATIC-TAPER-HEAD-REPAIR-PARTS","CT10A","CT10A - Crimping Arm Shaft Bushing - L","COL-CT10A-CRIMPING-ARM-SHAFT-BUSHING-L","CT10A","CT10A - Crimping Arm Shaft Bushing - L","true"
"COL-COLUMBIA-AUTOMATIC-TAPER-HEAD-REPAIR-PARTS","CT13","CT13 - Dog Base Bracket","COL-CT13-DOG-BASE-BRACKET","CT13","CT13 - Dog Base Bracket","true"
"COL-COLUMBIA-AUTOMATIC-TAPER-HEAD-REPAIR-PARTS","CT14A","CT14A - Taper Adjustable Brake","COL-CT14A-TAPER-ADJUSTABLE-BRAKE","CT14A","CT14A - Taper Adjustable Brake","true"
"COL-COLUMBIA-AUTOMATIC-TAPER-HEAD-REPAIR-PARTS","CT15","CT15 - Ratchet Rod for Adjustable Brake","COL-CT15-RATCHET-ROD-FOR-ADJUSTABLE-BRAKE","CT15","CT15 - Ratchet Rod for Adjustable Brake","true"
"COL-COLUMBIA-AUTOMATIC-TAPER-HEAD-REPAIR-PARTS","CT16","CT16 - Brake Dog","COL-CT16-BRAKE-DOG","CT16","CT16 - Brake Dog","true"
"COL-COLUMBIA-AUTOMATIC-TAPER-HEAD-REPAIR-PARTS","CT19","CT19 - Paper Feed Guide","COL-CT19-PAPER-FEED-GUIDE","CT19","CT19 - Paper Feed Guide","true"
"COL-COLUMBIA-AUTOMATIC-TAPER-HEAD-REPAIR-PARTS","CT20","CT20 - Hinge Block","COL-CT20-HINGE-BLOCK","CT20","CT20 - Hinge Block","true"
"COL-COLUMBIA-AUTOMATIC-TAPER-HEAD-REPAIR-PARTS","CT25","CT25 - Knife Guide Square Tube","COL-CT25-KNIFE-GUIDE-SQUARE-TUBE","CT25","CT25 - Knife Guide Square Tube","true"
"COL-COLUMBIA-AUTOMATIC-TAPER-HEAD-REPAIR-PARTS","CT27","CT27 - Knife Guide Bracket - Left","COL-CT27-KNIFE-GUIDE-BRACKET-LEFT","CT27","CT27 - Knife Guide Bracket - Left","true"
"COL-COLUMBIA-AUTOMATIC-TAPER-HEAD-REPAIR-PARTS","CT28","CT28 - Roller Bushing","COL-CT28-ROLLER-BUSHING","CT28","CT28 - Roller Bushing","true"
"COL-COLUMBIA-AUTOMATIC-TAPER-HEAD-REPAIR-PARTS","CT29","CT29 - Right Nylatron Chain Roller (small)","COL-CT29-RIGHT-NYLATRON-CHAIN-ROLLER-SMALL","CT29","CT29 - Right Nylatron Chain Roller (small)","true"
"COL-COLUMBIA-AUTOMATIC-TAPER-HEAD-REPAIR-PARTS","CT29A","CT29A - Left Nylatron Chain Roller (large)","COL-CT29A-LEFT-NYLATRON-CHAIN-ROLLER-LARGE","CT29A","CT29A - Left Nylatron Chain Roller (large)","false"
"COL-COLUMBIA-AUTOMATIC-TAPER-HEAD-REPAIR-PARTS","CT31","CT31 - Chain Tension & Guide Bracket","COL-CT31-CHAIN-TENSION-GUIDE-BRACKET","CT31","CT31 - Chain Tension & Guide Bracket","true"
"COL-COLUMBIA-AUTOMATIC-TAPER-HEAD-REPAIR-PARTS","CT35","CT35 - Cap Reinforcing Tab","COL-CT35-CAP-REINFORCING-TAB","CT35","CT35 - Cap Reinforcing Tab","true"
"COL-COLUMBIA-AUTOMATIC-TAPER-HEAD-REPAIR-PARTS","CT36","CT36 - Return Spring Tube","COL-CT36-RETURN-SPRING-TUBE","CT36","CT36 - Return Spring Tube","true"
"COL-COLUMBIA-AUTOMATIC-TAPER-HEAD-REPAIR-PARTS","CT40","CT40 - Return Spring Ring","COL-CT40-RETURN-SPRING-RING","CT40","CT40 - Return Spring Ring","true"
"COL-COLUMBIA-AUTOMATIC-TAPER-HEAD-REPAIR-PARTS","CT41","CT41 - Knife Retainer Block","COL-CT41-KNIFE-RETAINER-BLOCK","CT41","CT41 - Knife Retainer Block","true"
"COL-COLUMBIA-AUTOMATIC-TAPER-HEAD-REPAIR-PARTS","CT41A","CT41A - Knife Retainer Cap","COL-CT41A-KNIFE-RETAINER-CAP","CT41A","CT41A - Knife Retainer Cap","true"
"COL-COLUMBIA-AUTOMATIC-TAPER-HEAD-REPAIR-PARTS","CT42A","CT42A - Diamond Blade","COL-CT42A-DIAMOND-BLADE","CT42A","CT42A - Diamond Blade","true"
"COL-COLUMBIA-AUTOMATIC-TAPER-HEAD-REPAIR-PARTS","CT43","CT43 - Micro Chain","COL-CT43-MICRO-CHAIN","CT43","CT43 - Micro Chain","true"
"COL-COLUMBIA-AUTOMATIC-TAPER-HEAD-REPAIR-PARTS","CT45","CT45 - Connecting Rod","COL-CT45-CONNECTING-ROD","CT45","CT45 - Connecting Rod","true"
"COL-COLUMBIA-AUTOMATIC-TAPER-HEAD-REPAIR-PARTS","CT47","CT47 - Crimping Wheel","COL-CT47-CRIMPING-WHEEL","CT47","CT47 - Crimping Wheel","true"
"COL-COLUMBIA-AUTOMATIC-TAPER-HEAD-REPAIR-PARTS","CT50","CT50 - Crimping Wheel Bushing","COL-CT50-CRIMPING-WHEEL-BUSHING","CT50","CT50 - Crimping Wheel Bushing","true"
"COL-COLUMBIA-AUTOMATIC-TAPER-HEAD-REPAIR-PARTS","CT53","CT53 - Toe Kicker","COL-CT53-TOE-KICKER","CT53","CT53 - Toe Kicker","true"
"COL-COLUMBIA-AUTOMATIC-TAPER-HEAD-REPAIR-PARTS","CT54","CT54 - Return Spring","COL-CT54-RETURN-SPRING","CT54","CT54 - Return Spring","true"
"COL-COLUMBIA-AUTOMATIC-TAPER-HEAD-REPAIR-PARTS","CT55","CT55 - Carriage Guide Rod","COL-CT55-CARRIAGE-GUIDE-ROD","CT55","CT55 - Carriage Guide Rod","true"
"COL-COLUMBIA-AUTOMATIC-TAPER-HEAD-REPAIR-PARTS","CT56","CT56 - Carriage Guide Rod Stop","COL-CT56-CARRIAGE-GUIDE-ROD-STOP","CT56","CT56 - Carriage Guide Rod Stop","true"
"COL-COLUMBIA-AUTOMATIC-TAPER-HEAD-REPAIR-PARTS","CT57","CT57 - Tape Advance Carriage","COL-CT57-TAPE-ADVANCE-CARRIAGE","CT57","CT57 - Tape Advance Carriage","true"
"COL-COLUMBIA-AUTOMATIC-TAPER-HEAD-REPAIR-PARTS","CT58","CT58 - Guide Rod Bushing","COL-CT58-GUIDE-ROD-BUSHING","CT58","CT58 - Guide Rod Bushing","true"
"COL-COLUMBIA-AUTOMATIC-TAPER-HEAD-REPAIR-PARTS","CT62","CT62 - Needle Holding Shaft","COL-CT62-NEEDLE-HOLDING-SHAFT","CT62","CT62 - Needle Holding Shaft","true"
"COL-COLUMBIA-AUTOMATIC-TAPER-HEAD-REPAIR-PARTS","CT63","CT63 - Needle","COL-CT63-NEEDLE","CT63","CT63 - Needle","true"
"COL-COLUMBIA-AUTOMATIC-TAPER-HEAD-REPAIR-PARTS","CT64","CT64 - Needle Return Shaft","COL-CT64-NEEDLE-RETURN-SHAFT","CT64","CT64 - Needle Return Shaft","true"
"COL-COLUMBIA-AUTOMATIC-TAPER-HEAD-REPAIR-PARTS","CT65","CT65 - Needle Return Spring","COL-CT65-NEEDLE-RETURN-SPRING","CT65","CT65 - Needle Return Spring","true"
"COL-COLUMBIA-AUTOMATIC-TAPER-HEAD-REPAIR-PARTS","CT67","CT67 - Ratchet Gear","COL-CT67-RATCHET-GEAR","CT67","CT67 - Ratchet Gear","true"
"COL-COLUMBIA-AUTOMATIC-TAPER-HEAD-REPAIR-PARTS","CT68","CT68 - Hub","COL-CT68-HUB","CT68","CT68 - Hub","true"
"COL-COLUMBIA-AUTOMATIC-TAPER-HEAD-REPAIR-PARTS","CT70","CT70 - Drive Shaft","COL-CT70-DRIVE-SHAFT","CT70","CT70 - Drive Shaft","true"
"COL-COLUMBIA-AUTOMATIC-TAPER-HEAD-REPAIR-PARTS","CT71","CT71 - Drive Sprocket - Small","COL-CT71-DRIVE-SPROCKET-SMALL","CT71","CT71 - Drive Sprocket - Small","true"
"COL-COLUMBIA-AUTOMATIC-TAPER-HEAD-REPAIR-PARTS","CT72__COLUMBIA-AUTOMATIC-TAPER-HEAD-REPAIR-PARTS","CT72 - Cable","COL-CT72-CABLE-CT72-COLUMBIA-AUTOMATIC-","CT72__COLUMBIA-AUTOMATIC-TAPER-HEAD-REPAIR-PARTS","CT72 - Cable","true"
"COL-COLUMBIA-AUTOMATIC-TAPER-HEAD-REPAIR-PARTS","CT73","CT73 - Cable Drum","COL-CT73-CABLE-DRUM","CT73","CT73 - Cable Drum","true"
"COL-COLUMBIA-AUTOMATIC-TAPER-HEAD-REPAIR-PARTS","CT76","CT76 - Nylatron Washer","COL-CT76-NYLATRON-WASHER","CT76","CT76 - Nylatron Washer","true"
"COL-COLUMBIA-AUTOMATIC-TAPER-HEAD-REPAIR-PARTS","CT77","CT77 - Drive Sprocket - Large","COL-CT77-DRIVE-SPROCKET-LARGE","CT77","CT77 - Drive Sprocket - Large","true"
"COL-COLUMBIA-AUTOMATIC-TAPER-HEAD-REPAIR-PARTS","CT78","CT78 - Drive Chain","COL-CT78-DRIVE-CHAIN","CT78","CT78 - Drive Chain","true"
"COL-COLUMBIA-AUTOMATIC-TAPER-HEAD-REPAIR-PARTS","CT79","CT79 - Hollow Shaft","COL-CT79-HOLLOW-SHAFT","CT79","CT79 - Hollow Shaft","true"
"COL-COLUMBIA-AUTOMATIC-TAPER-HEAD-REPAIR-PARTS","CT80","CT80 - Manual Drive Grip","COL-CT80-MANUAL-DRIVE-GRIP","CT80","CT80 - Manual Drive Grip","true"
"COL-COLUMBIA-AUTOMATIC-TAPER-HEAD-REPAIR-PARTS","CT81","CT81 - Clutch Return Spring","COL-CT81-CLUTCH-RETURN-SPRING","CT81","CT81 - Clutch Return Spring","true"
"COL-COLUMBIA-AUTOMATIC-TAPER-HEAD-REPAIR-PARTS","CT82","CT82 - Clutch Lever","COL-CT82-CLUTCH-LEVER","CT82","CT82 - Clutch Lever","false"
"COL-COLUMBIA-AUTOMATIC-TAPER-HEAD-REPAIR-PARTS","CT83","CT83 - Clutch Dog","COL-CT83-CLUTCH-DOG","CT83","CT83 - Clutch Dog","true"
"COL-COLUMBIA-AUTOMATIC-TAPER-HEAD-REPAIR-PARTS","CT85","CT85 - Clutch Release Shaft","COL-CT85-CLUTCH-RELEASE-SHAFT","CT85","CT85 - Clutch Release Shaft","true"
"COL-COLUMBIA-AUTOMATIC-TAPER-HEAD-REPAIR-PARTS","CT86","CT86 – Toe Kicker Cable","COL-CT86-TOE-KICKER-CABLE","CT86","CT86 – Toe Kicker Cable","true"
"COL-COLUMBIA-AUTOMATIC-TAPER-HEAD-REPAIR-PARTS","CT87","CT87 - Engraved Cover Plate Cap","COL-CT87-ENGRAVED-COVER-PLATE-CAP","CT87","CT87 - Engraved Cover Plate Cap","false"
"COL-COLUMBIA-AUTOMATIC-TAPER-HEAD-REPAIR-PARTS","CT88","CT88 - Clutch Release Rod","COL-CT88-CLUTCH-RELEASE-ROD","CT88","CT88 - Clutch Release Rod","true"
"COL-COLUMBIA-AUTOMATIC-TAPER-HEAD-REPAIR-PARTS","CT87A","CT87A - Bracket Brace","COL-CT87A-BRACKET-BRACE","CT87A","CT87A - Bracket Brace","true"
"COL-COLUMBIA-AUTOMATIC-TAPER-HEAD-REPAIR-PARTS","CT87-CS","CT87-CS - Rubber Seal","COL-CT87-CS-RUBBER-SEAL","CT87-CS","CT87-CS - Rubber Seal","true"
"COL-COLUMBIA-AUTOMATIC-TAPER-HEAD-REPAIR-PARTS","CT89","CT89 - Release Rod Sleeve","COL-CT89-RELEASE-ROD-SLEEVE","CT89","CT89 - Release Rod Sleeve","true"
"COL-COLUMBIA-AUTOMATIC-TAPER-HEAD-REPAIR-PARTS","CT90","CT90 - Rod Sleeve Housing","COL-CT90-ROD-SLEEVE-HOUSING","CT90","CT90 - Rod Sleeve Housing","true"
"COL-COLUMBIA-AUTOMATIC-TAPER-HEAD-REPAIR-PARTS","CT92","CT92 - Release Clip Bushing","COL-CT92-RELEASE-CLIP-BUSHING","CT92","CT92 - Release Clip Bushing","true"
"COL-COLUMBIA-AUTOMATIC-TAPER-HEAD-REPAIR-PARTS","CT92A","CT92A - Toe Kicker Caple Retainer Clip","COL-CT92A-TOE-KICKER-CAPLE-RETAINER-CLIP","CT92A","CT92A - Toe Kicker Caple Retainer Clip","true"
"COL-COLUMBIA-AUTOMATIC-TAPER-HEAD-REPAIR-PARTS","CT96","CT96 - Mud Shut-Off Gasket","COL-CT96-MUD-SHUT-OFF-GASKET","CT96","CT96 - Mud Shut-Off Gasket","true"
"COL-COLUMBIA-AUTOMATIC-TAPER-HEAD-REPAIR-PARTS","CT97","CT97 - Mud Supply Valve Body","COL-CT97-MUD-SUPPLY-VALVE-BODY","CT97","CT97 - Mud Supply Valve Body","false"
"COL-COLUMBIA-AUTOMATIC-TAPER-HEAD-REPAIR-PARTS","CT98","CT98 - Mud Supply Seal Plate & Shaft","COL-CT98-MUD-SUPPLY-SEAL-PLATE-SHAFT","CT98","CT98 - Mud Supply Seal Plate & Shaft","true"
"COL-COLUMBIA-AUTOMATIC-TAPER-HEAD-REPAIR-PARTS","CT101","CT101 - Return Spring","COL-CT101-RETURN-SPRING","CT101","CT101 - Return Spring","true"
"COL-COLUMBIA-AUTOMATIC-TAPER-HEAD-REPAIR-PARTS","FA199","FA199 - 2-56 x 3/16"" Binder Slot","COL-FA199-2-56-X-3-16-BINDER-SLOT","FA199","FA199 - 2-56 x 3/16"" Binder Slot","true"
"COL-COLUMBIA-AUTOMATIC-TAPER-HEAD-REPAIR-PARTS","FA200","FA200 - 1/16 x 1/4"" Split Pin","COL-FA200-1-16-X-1-4-SPLIT-PIN","FA200","FA200 - 1/16 x 1/4"" Split Pin","true"
"COL-COLUMBIA-AUTOMATIC-TAPER-HEAD-REPAIR-PARTS","FA203","FA203 - 1/16 x 3/4"" Cotter Pin","COL-FA203-1-16-X-3-4-COTTER-PIN","FA203","FA203 - 1/16 x 3/4"" Cotter Pin","true"
"COL-COLUMBIA-AUTOMATIC-TAPER-HEAD-REPAIR-PARTS","FA206","FA206 - 4-40 Hex Nut","COL-FA206-4-40-HEX-NUT","FA206","FA206 - 4-40 Hex Nut","true"
"COL-COLUMBIA-AUTOMATIC-TAPER-HEAD-REPAIR-PARTS","FA207__COLUMBIA-AUTOMATIC-TAPER-HEAD-REPAIR-PARTS","FA207 - 4-40 Nyloc Nut","COL-FA207-4-40-NYLOC-NUT-FA207-COLUMBIA-AUTOMATIC","FA207__COLUMBIA-AUTOMATIC-TAPER-HEAD-REPAIR-PARTS","FA207 - 4-40 Nyloc Nut","true"
"COL-COLUMBIA-AUTOMATIC-TAPER-HEAD-REPAIR-PARTS","FA208__COLUMBIA-AUTOMATIC-TAPER-HEAD-REPAIR-PARTS","FA208 - 4-40 x 1/8"" Binder Slot","COL-FA208-4-40-X-1-8-BINDER-SLOT-FA208-COLUMBIA-AUTOMATIC","FA208__COLUMBIA-AUTOMATIC-TAPER-HEAD-REPAIR-PARTS","FA208 - 4-40 x 1/8"" Binder Slot","true"
"COL-COLUMBIA-AUTOMATIC-TAPER-HEAD-REPAIR-PARTS","FA210","FA210 - 4-40 x 3/16"" Binder Slot","COL-FA210-4-40-X-3-16-BINDER-SLOT","FA210","FA210 - 4-40 x 3/16"" Binder Slot","true"
"COL-COLUMBIA-AUTOMATIC-TAPER-HEAD-REPAIR-PARTS","FA212","FA212 - 4-40 x 3/16"" Truss Slot","COL-FA212-4-40-X-3-16-TRUSS-SLOT","FA212","FA212 - 4-40 x 3/16"" Truss Slot","true"
"COL-COLUMBIA-AUTOMATIC-TAPER-HEAD-REPAIR-PARTS","FA213__COLUMBIA-AUTOMATIC-TAPER-HEAD-REPAIR-PARTS","FA213 - 4-40 x 1/4"" Binder Slot","COL-FA213-4-40-X-1-4-BINDER-SLOT","FA213__COLUMBIA-AUTOMATIC-TAPER-HEAD-REPAIR-PARTS","FA213 - 4-40 x 1/4"" Binder Slot","true"
"COL-COLUMBIA-AUTOMATIC-TAPER-HEAD-REPAIR-PARTS","FA214","FA214 - 4-40 x 1/4"" Flat Slot","COL-FA214-4-40-X-1-4-FLAT-SLOT","FA214","FA214 - 4-40 x 1/4"" Flat Slot","true"
"COL-COLUMBIA-AUTOMATIC-TAPER-HEAD-REPAIR-PARTS","FA215","FA215 - 4-40 x 5/16"" Binder Slot","COL-FA215-4-40-X-5-16-BINDER-SLOT","FA215","FA215 - 4-40 x 5/16"" Binder Slot","true"
"COL-COLUMBIA-AUTOMATIC-TAPER-HEAD-REPAIR-PARTS","FA219__COLUMBIA-AUTOMATIC-TAPER-HEAD-REPAIR-PARTS","FA219 - 4-40 x 1/2"" Fillister Slot","COL-FA219-4-40-X-1-2-FILLISTER-SLOT-FA219-COLUMBIA-AUTOMATIC","FA219__COLUMBIA-AUTOMATIC-TAPER-HEAD-REPAIR-PARTS","FA219 - 4-40 x 1/2"" Fillister Slot","true"
"COL-COLUMBIA-AUTOMATIC-TAPER-HEAD-REPAIR-PARTS","FA220__COLUMBIA-AUTOMATIC-TAPER-HEAD-REPAIR-PARTS","FA220 - 4-40 x 3/4"" Hex Bolt","COL-FA220-4-40-X-3-4-HEX-BOLT-FA220-COLUMBIA-AUTOMATIC","FA220__COLUMBIA-AUTOMATIC-TAPER-HEAD-REPAIR-PARTS","FA220 - 4-40 x 3/4"" Hex Bolt","true"
"COL-COLUMBIA-AUTOMATIC-TAPER-HEAD-REPAIR-PARTS","FA224","FA224 - 1/8"" x 3/8"" Split Pin","COL-FA224-1-8-X-3-8-SPLIT-PIN","FA224","FA224 - 1/8"" x 3/8"" Split Pin","true"
"COL-COLUMBIA-AUTOMATIC-TAPER-HEAD-REPAIR-PARTS","FA228__COLUMBIA-AUTOMATIC-TAPER-HEAD-REPAIR-PARTS","FA228 - #6 Flat Washer","COL-FA228-6-FLAT-WASHER","FA228__COLUMBIA-AUTOMATIC-TAPER-HEAD-REPAIR-PARTS","FA228 - #6 Flat Washer","true"
"COL-COLUMBIA-AUTOMATIC-TAPER-HEAD-REPAIR-PARTS","FA229__COLUMBIA-AUTOMATIC-TAPER-HEAD-REPAIR-PARTS","FA229 - #6 Lock Washer","COL-FA229-6-LOCK-WASHER","FA229__COLUMBIA-AUTOMATIC-TAPER-HEAD-REPAIR-PARTS","FA229 - #6 Lock Washer","true"
"COL-COLUMBIA-AUTOMATIC-TAPER-HEAD-REPAIR-PARTS","FA230","FA230 - #6 Star Washer","COL-FA230-6-STAR-WASHER","FA230","FA230 - #6 Star Washer","true"
"COL-COLUMBIA-AUTOMATIC-TAPER-HEAD-REPAIR-PARTS","FA233__COLUMBIA-AUTOMATIC-TAPER-HEAD-REPAIR-PARTS","FA233 - 6-32 Nyloc Nut","COL-FA233-6-32-NYLOC-NUT","FA233__COLUMBIA-AUTOMATIC-TAPER-HEAD-REPAIR-PARTS","FA233 - 6-32 Nyloc Nut","true"
"COL-COLUMBIA-AUTOMATIC-TAPER-HEAD-REPAIR-PARTS","FA234","FA234 - 6-32 Nyloc Jam Nut","COL-FA234-6-32-NYLOC-JAM-NUT","FA234","FA234 - 6-32 Nyloc Jam Nut","true"
"COL-COLUMBIA-AUTOMATIC-TAPER-HEAD-REPAIR-PARTS","FA238__COLUMBIA-AUTOMATIC-TAPER-HEAD-REPAIR-PARTS","FA238 - 6-32 x 3/16"" Fillister Slot","COL-FA238-6-32-X-3-16-FILLISTER-SLOT","FA238__COLUMBIA-AUTOMATIC-TAPER-HEAD-REPAIR-PARTS","FA238 - 6-32 x 3/16"" Fillister Slot","true"
"COL-COLUMBIA-AUTOMATIC-TAPER-HEAD-REPAIR-PARTS","FA239__COLUMBIA-AUTOMATIC-TAPER-HEAD-REPAIR-PARTS","FA239 - 6-32 x 1/4"" Binder Slot","COL-FA239-6-32-X-1-4-BINDER-SLOT-FA239-COLUMBIA-AUTOMATIC","FA239__COLUMBIA-AUTOMATIC-TAPER-HEAD-REPAIR-PARTS","FA239 - 6-32 x 1/4"" Binder Slot","true"
"COL-COLUMBIA-AUTOMATIC-TAPER-HEAD-REPAIR-PARTS","FA241__COLUMBIA-AUTOMATIC-TAPER-HEAD-REPAIR-PARTS","FA241 - 6-32 x 3/8"" Binder Slot","COL-FA241-6-32-X-3-8-BINDER-SLOT","FA241__COLUMBIA-AUTOMATIC-TAPER-HEAD-REPAIR-PARTS","FA241 - 6-32 x 3/8"" Binder Slot","true"
"COL-COLUMBIA-AUTOMATIC-TAPER-HEAD-REPAIR-PARTS","FA243","FA243 - 6-32 x 3/8"" Flat Slot","COL-FA243-6-32-X-3-8-FLAT-SLOT","FA243","FA243 - 6-32 x 3/8"" Flat Slot","true"
"COL-COLUMBIA-AUTOMATIC-TAPER-HEAD-REPAIR-PARTS","FA244","FA244 - 6-32 x 1/2"" Pan Slot","COL-FA244-6-32-X-1-2-PAN-SLOT","FA244","FA244 - 6-32 x 1/2"" Pan Slot","true"
"COL-COLUMBIA-AUTOMATIC-TAPER-HEAD-REPAIR-PARTS","FA245__COLUMBIA-AUTOMATIC-TAPER-HEAD-REPAIR-PARTS","FA245 - 6-32 x 1/2"" Fillister Slot","COL-FA245-6-32-X-1-2-FILLISTER-SLOT-FA245-COLUMBIA-AUTOMATIC","FA245__COLUMBIA-AUTOMATIC-TAPER-HEAD-REPAIR-PARTS","FA245 - 6-32 x 1/2"" Fillister Slot","true"
"COL-COLUMBIA-AUTOMATIC-TAPER-HEAD-REPAIR-PARTS","FA253__COLUMBIA-AUTOMATIC-TAPER-HEAD-REPAIR-PARTS","FA253 - #8 Flat Washer","COL-FA253-8-FLAT-WASHER","FA253__COLUMBIA-AUTOMATIC-TAPER-HEAD-REPAIR-PARTS","FA253 - #8 Flat Washer","true"
"COL-COLUMBIA-AUTOMATIC-TAPER-HEAD-REPAIR-PARTS","FA254__COLUMBIA-AUTOMATIC-TAPER-HEAD-REPAIR-PARTS","FA254 - 8-32 Nyloc Nut","COL-FA254-8-32-NYLOC-NUT","FA254__COLUMBIA-AUTOMATIC-TAPER-HEAD-REPAIR-PARTS","FA254 - 8-32 Nyloc Nut","true"
"COL-COLUMBIA-AUTOMATIC-TAPER-HEAD-REPAIR-PARTS","FA257__COLUMBIA-AUTOMATIC-TAPER-HEAD-REPAIR-PARTS","FA257 - 8-32 x 1/4"" Fillister Slot","COL-FA257-8-32-X-1-4-FILLISTER-SLOT-FA257-COLUMBIA-AUTOMATIC","FA257__COLUMBIA-AUTOMATIC-TAPER-HEAD-REPAIR-PARTS","FA257 - 8-32 x 1/4"" Fillister Slot","true"
"COL-COLUMBIA-AUTOMATIC-TAPER-HEAD-REPAIR-PARTS","FA258__COLUMBIA-AUTOMATIC-TAPER-HEAD-REPAIR-PARTS","FA258 - 8-32 X 1/4"" Half Dog Set","COL-FA258-8-32-X-1-4-HALF-DOG-SET","FA258__COLUMBIA-AUTOMATIC-TAPER-HEAD-REPAIR-PARTS","FA258 - 8-32 X 1/4"" Half Dog Set","true"
"COL-COLUMBIA-AUTOMATIC-TAPER-HEAD-REPAIR-PARTS","FA264","FA264 - 8-32 x 5/8"" Truss Slot","COL-FA264-8-32-X-5-8-TRUSS-SLOT","FA264","FA264 - 8-32 x 5/8"" Truss Slot","true"
"COL-COLUMBIA-AUTOMATIC-TAPER-HEAD-REPAIR-PARTS","FA265__COLUMBIA-AUTOMATIC-TAPER-HEAD-REPAIR-PARTS","FA265 - 8-32 x 3/4"" Truss Slot","COL-FA265-8-32-X-3-4-TRUSS-SLOT-FA265-COLUMBIA-AUTOMATIC","FA265__COLUMBIA-AUTOMATIC-TAPER-HEAD-REPAIR-PARTS","FA265 - 8-32 x 3/4"" Truss Slot","true"
"COL-COLUMBIA-AUTOMATIC-TAPER-HEAD-REPAIR-PARTS","FA267","FA267 - 8-32 x 1 1/2"" Pan Slot","COL-FA267-8-32-X-1-1-2-PAN-SLOT","FA267","FA267 - 8-32 x 1 1/2"" Pan Slot","true"
"COL-COLUMBIA-BEAD-WHEEL-CONVERSION-KIT","FFBR-40-8","Columbia Bead Wheel Conversion Kit - 8""","COL-COLUMBIA-BEAD-WHEEL-CONVERSION-KIT-8","FFBR-40-8","Columbia Bead Wheel Conversion Kit - 8""","true"
"COL-COLUMBIA-BEAD-WHEEL-CONVERSION-KIT","FFBR-40-10","Columbia Bead Wheel Conversion Kit - 10""","COL-COLUMBIA-BEAD-WHEEL-CONVERSION-KIT-10","FFBR-40-10","Columbia Bead Wheel Conversion Kit - 10""","true"
"COL-COLUMBIA-BEAD-WHEEL-CONVERSION-KIT","FFBR-40-12","Columbia Bead Wheel Conversion Kit - 12""","COL-COLUMBIA-BEAD-WHEEL-CONVERSION-KIT-12","FFBR-40-12","Columbia Bead Wheel Conversion Kit - 12""","true"
"COL-COLUMBIA-BEAD-WHEEL-CONVERSION-KIT","FFBR40-14","Columbia Bead Wheel Conversion Kit - 14""","COL-COLUMBIA-BEAD-WHEEL-CONVERSION-KIT-14","FFBR40-14","Columbia Bead Wheel Conversion Kit - 14""","false"
"COL-COLUMBIA-BOX-BLADE-BAR-REPAIR-KIT-7-14","FFBR-2-7","Columbia Box Blade Bar Repair Kit - 7""","COL-COLUMBIA-BOX-BLADE-BAR-REPAIR-KIT-7","FFBR-2-7","Columbia Box Blade Bar Repair Kit - 7""","false"
"COL-COLUMBIA-BOX-BLADE-BAR-REPAIR-KIT-7-14","FFBR-2-8","Columbia Box Blade Bar Repair Kit - 8""","COL-COLUMBIA-BOX-BLADE-BAR-REPAIR-KIT-8","FFBR-2-8","Columbia Box Blade Bar Repair Kit - 8""","false"
"COL-COLUMBIA-BOX-BLADE-BAR-REPAIR-KIT-7-14","FFBR-2-10","Columbia Box Blade Bar Repair Kit - 10""","COL-COLUMBIA-BOX-BLADE-BAR-REPAIR-KIT-10","FFBR-2-10","Columbia Box Blade Bar Repair Kit - 10""","false"
"COL-COLUMBIA-BOX-BLADE-BAR-REPAIR-KIT-7-14","FFBR-2-12","Columbia Box Blade Bar Repair Kit - 12""","COL-COLUMBIA-BOX-BLADE-BAR-REPAIR-KIT-12","FFBR-2-12","Columbia Box Blade Bar Repair Kit - 12""","false"
"COL-COLUMBIA-BOX-BLADE-BAR-REPAIR-KIT-7-14","FFBR-2-14","Columbia Box Blade Bar Repair Kit - 14""","COL-COLUMBIA-BOX-BLADE-BAR-REPAIR-KIT-14","FFBR-2-14","Columbia Box Blade Bar Repair Kit - 14""","false"
"COL-COLUMBIA-BOX-BLADE-MAINTENANCE-KIT","FFBR-9-5.5","Columbia Box Blade Maintenance Kit - 5.5""","COL-COLUMBIA-BOX-BLADE-MAINTENANCE-KIT-5-5","FFBR-9-5.5","Columbia Box Blade Maintenance Kit - 5.5""","true"
"COL-COLUMBIA-BOX-BLADE-MAINTENANCE-KIT","FFBR-9-7","Columbia Box Blade Maintenance Kit - 7""","COL-COLUMBIA-BOX-BLADE-MAINTENANCE-KIT-7","FFBR-9-7","Columbia Box Blade Maintenance Kit - 7""","true"
"COL-COLUMBIA-BOX-BLADE-MAINTENANCE-KIT","FFBR-9-8","Columbia Box Blade Maintenance Kit - 8""","COL-COLUMBIA-BOX-BLADE-MAINTENANCE-KIT-8","FFBR-9-8","Columbia Box Blade Maintenance Kit - 8""","true"
"COL-COLUMBIA-BOX-BLADE-MAINTENANCE-KIT","FFBR-9-10","Columbia Box Blade Maintenance Kit - 10""","COL-COLUMBIA-BOX-BLADE-MAINTENANCE-KIT-10","FFBR-9-10","Columbia Box Blade Maintenance Kit - 10""","true"
"COL-COLUMBIA-BOX-BLADE-MAINTENANCE-KIT","FFBR-9-12","Columbia Box Blade Maintenance Kit - 12""","COL-COLUMBIA-BOX-BLADE-MAINTENANCE-KIT-12","FFBR-9-12","Columbia Box Blade Maintenance Kit - 12""","true"
"COL-COLUMBIA-BOX-BLADE-MAINTENANCE-KIT","FFBR-9-14","Columbia Box Blade Maintenance Kit - 14""","COL-COLUMBIA-BOX-BLADE-MAINTENANCE-KIT-14","FFBR-9-14","Columbia Box Blade Maintenance Kit - 14""","true"
"COL-COLUMBIA-BOX-FILLER-ADAPTOR-PARTS","MP9","MP9 - Standard Fitting","COL-MP9-STANDARD-FITTING","MP9","MP9 - Standard Fitting","true"
"COL-COLUMBIA-BOX-FILLER-ADAPTOR-PARTS","MP9A","MP9A - Connecting Chain","COL-MP9A-CONNECTING-CHAIN","MP9A","MP9A - Connecting Chain","true"
"COL-COLUMBIA-BOX-FILLER-ADAPTOR-PARTS","MP9C","MP9C - S-Hook","COL-MP9C-S-HOOK","MP9C","MP9C - S-Hook","true"
"COL-COLUMBIA-BOX-FILLER-ADAPTOR-PARTS","MP23A__COLUMBIA-BOX-FILLER-ADAPTOR-PARTS","MP23A - O-Ring","COL-MP23A-O-RING","MP23A__COLUMBIA-BOX-FILLER-ADAPTOR-PARTS","MP23A - O-Ring","true"
"COL-COLUMBIA-BOX-FILLER-ADAPTOR-PARTS","MP34","MP34 - Pump Adaptor","COL-MP34-PUMP-ADAPTOR","MP34","MP34 - Pump Adaptor","false"
"COL-COLUMBIA-CAM-LOCK-TAPER-CAP-ASSEMBLY","CPTA87-CL","Columbia Cam Lock Taper Cap Assembly - Predator","COL-COLUMBIA-CAM-LOCK-TAPER-CAP-ASSEMBLY-PREDATOR","CPTA87-CL","Columbia Cam Lock Taper Cap Assembly - Predator","true"
"COL-COLUMBIA-CAM-LOCK-TAPER-CAP-ASSEMBLY","CTA87-CL","Columbia Cam Lock Taper Cap Assembly - Regular Taper","COL-COLUMBIA-CAM-LOCK-TAPER-CAP-ASSEMBLY-REGULAR-TAPER","CTA87-CL","Columbia Cam Lock Taper Cap Assembly - Regular Taper","true"
"COL-COLUMBIA-CORNER-FLUSHER-BOX-REPAIR-PARTS","CFB3-7","CFB3-7 - Side Plate 7""","COL-CFB3-7-SIDE-PLATE-7","CFB3-7","CFB3-7 - Side Plate 7""","true"
"COL-COLUMBIA-CORNER-FLUSHER-BOX-REPAIR-PARTS","CFB3-8","CFB3-8 - Side Plate 8""","COL-CFB3-8-SIDE-PLATE-8","CFB3-8","CFB3-8 - Side Plate 8""","true"
"COL-COLUMBIA-CORNER-FLUSHER-BOX-REPAIR-PARTS","CFB4-7","CFB4-7 - Door 7""","COL-CFB4-7-DOOR-7","CFB4-7","CFB4-7 - Door 7""","true"
"COL-COLUMBIA-CORNER-FLUSHER-BOX-REPAIR-PARTS","CFB4-8","CFB4-8 - Door 8""","COL-CFB4-8-DOOR-8","CFB4-8","CFB4-8 - Door 8""","true"
"COL-COLUMBIA-CORNER-FLUSHER-BOX-REPAIR-PARTS","CFB5B__COLUMBIA-CORNER-FLUSHER-BOX-REPAIR-PARTS","CFB5B - Cone Ball","COL-CFB5B-CONE-BALL","CFB5B__COLUMBIA-CORNER-FLUSHER-BOX-REPAIR-PARTS","CFB5B - Cone Ball","true"
"COL-COLUMBIA-CORNER-FLUSHER-BOX-REPAIR-PARTS","CFB6","CFB6 - Mud Supply Valve Unit","COL-CFB6-MUD-SUPPLY-VALVE-UNIT","CFB6","CFB6 - Mud Supply Valve Unit","true"
"COL-COLUMBIA-CORNER-FLUSHER-BOX-REPAIR-PARTS","CFB7-7","CFB7-7 - Door Gasket 7""","COL-CFB7-7-DOOR-GASKET-7","CFB7-7","CFB7-7 - Door Gasket 7""","true"
"COL-COLUMBIA-CORNER-FLUSHER-BOX-REPAIR-PARTS","CFB7-8","CFB7-8 - Door Gasket 8""","COL-CFB7-8-DOOR-GASKET-8","CFB7-8","CFB7-8 - Door Gasket 8""","true"
"COL-COLUMBIA-CORNER-FLUSHER-BOX-REPAIR-PARTS","CFB8","CFB8 - Box Mount","COL-CFB8-BOX-MOUNT","CFB8","CFB8 - Box Mount","true"
"COL-COLUMBIA-CORNER-FLUSHER-BOX-REPAIR-PARTS","CFB10","CFB10 - 5/16-18 x 3/4"" Thumb Screw","COL-CFB10-5-16-18-X-3-4-THUMB-SCREW","CFB10","CFB10 - 5/16-18 x 3/4"" Thumb Screw","true"
"COL-COLUMBIA-CORNER-FLUSHER-BOX-REPAIR-PARTS","CFB11A","CFB11A - Door Stop","COL-CFB11A-DOOR-STOP","CFB11A","CFB11A - Door Stop","true"
"COL-COLUMBIA-CORNER-FLUSHER-BOX-REPAIR-PARTS","CFB15","CFB15 - Door Hinge","COL-CFB15-DOOR-HINGE","CFB15","CFB15 - Door Hinge","true"
"COL-COLUMBIA-CORNER-FLUSHER-BOX-REPAIR-PARTS","CFB15A","CFB15A - Hinge Bushing (Plastic Washer)","COL-CFB15A-HINGE-BUSHING-PLASTIC-WASHER","CFB15A","CFB15A - Hinge Bushing (Plastic Washer)","true"
"COL-COLUMBIA-CORNER-FLUSHER-BOX-REPAIR-PARTS","CFB16","CFB16 - Bearing Sleeve","COL-CFB16-BEARING-SLEEVE","CFB16","CFB16 - Bearing Sleeve","true"
"COL-COLUMBIA-CORNER-FLUSHER-BOX-REPAIR-PARTS","FA213__COLUMBIA-CORNER-FLUSHER-BOX-REPAIR-PARTS","FA213 - 4-40 x 1/4"" Binder Slot","COL-FA213-4-40-X-1-4-BINDER-SLOT-FA213-COLUMBIA-CORNER-FL","FA213__COLUMBIA-CORNER-FLUSHER-BOX-REPAIR-PARTS","FA213 - 4-40 x 1/4"" Binder Slot","true"
"COL-COLUMBIA-CORNER-FLUSHER-BOX-REPAIR-PARTS","FA219__COLUMBIA-CORNER-FLUSHER-BOX-REPAIR-PARTS","FA219 - 4-40 X 1/2"" Fillister Slot","COL-FA219-4-40-X-1-2-FILLISTER-SLOT-FA219-COLUMBIA-CORNER-FL","FA219__COLUMBIA-CORNER-FLUSHER-BOX-REPAIR-PARTS","FA219 - 4-40 X 1/2"" Fillister Slot","true"
"COL-COLUMBIA-CORNER-FLUSHER-BOX-REPAIR-PARTS","FA228__COLUMBIA-CORNER-FLUSHER-BOX-REPAIR-PARTS","FA228 - #6 Flat Washer","COL-FA228-6-FLAT-WASHER-FA228-COLUMBIA-CORNER-FL","FA228__COLUMBIA-CORNER-FLUSHER-BOX-REPAIR-PARTS","FA228 - #6 Flat Washer","true"
"COL-COLUMBIA-CORNER-FLUSHER-BOX-REPAIR-PARTS","FA231__COLUMBIA-CORNER-FLUSHER-BOX-REPAIR-PARTS","FA231 - 6-32 x 3/8"" Hex Bolt","COL-FA231-6-32-X-3-8-HEX-BOLT","FA231__COLUMBIA-CORNER-FLUSHER-BOX-REPAIR-PARTS","FA231 - 6-32 x 3/8"" Hex Bolt","true"
"COL-COLUMBIA-CORNER-FLUSHER-BOX-REPAIR-PARTS","FA232__COLUMBIA-CORNER-FLUSHER-BOX-REPAIR-PARTS","FA232 - 6-32 Hex Nut","COL-FA232-6-32-HEX-NUT","FA232__COLUMBIA-CORNER-FLUSHER-BOX-REPAIR-PARTS","FA232 - 6-32 Hex Nut","true"
"COL-COLUMBIA-CORNER-FLUSHER-BOX-REPAIR-PARTS","FA238__COLUMBIA-CORNER-FLUSHER-BOX-REPAIR-PARTS","FA238 - 6-32 X 3/16"" Fillister Slot","COL-FA238-6-32-X-3-16-FILLISTER-SLOT-FA238-COLUMBIA-CORNER-FL","FA238__COLUMBIA-CORNER-FLUSHER-BOX-REPAIR-PARTS","FA238 - 6-32 X 3/16"" Fillister Slot","true"
"COL-COLUMBIA-CORNER-FLUSHER-BOX-REPAIR-PARTS","FA241__COLUMBIA-CORNER-FLUSHER-BOX-REPAIR-PARTS","FA241 - 6-32 X 3/8"" Binder Slot","COL-FA241-6-32-X-3-8-BINDER-SLOT-FA241-COLUMBIA-CORNER-FL","FA241__COLUMBIA-CORNER-FLUSHER-BOX-REPAIR-PARTS","FA241 - 6-32 X 3/8"" Binder Slot","true"
"COL-COLUMBIA-CORNER-FLUSHER-BOX-REPAIR-PARTS","FA247__COLUMBIA-CORNER-FLUSHER-BOX-REPAIR-PARTS","FA247 - 6-32 X 5/8"" Hex Bolt","COL-FA247-6-32-X-5-8-HEX-BOLT","FA247__COLUMBIA-CORNER-FLUSHER-BOX-REPAIR-PARTS","FA247 - 6-32 X 5/8"" Hex Bolt","true"
"COL-COLUMBIA-CORNER-FLUSHER-BOX-REPAIR-PARTS","FA253__COLUMBIA-CORNER-FLUSHER-BOX-REPAIR-PARTS","FA253 - #8 Flat Washer","COL-FA253-8-FLAT-WASHER-FA253-COLUMBIA-CORNER-FL","FA253__COLUMBIA-CORNER-FLUSHER-BOX-REPAIR-PARTS","FA253 - #8 Flat Washer","true"
"COL-COLUMBIA-CORNER-FLUSHER-BOX-REPAIR-PARTS","FA258__COLUMBIA-CORNER-FLUSHER-BOX-REPAIR-PARTS","FA258 - 8-32X 1/4 Half Dog Set","COL-FA258-8-32X-1-4-HALF-DOG-SET-FA258-COLUMBIA-CORNER-FL","FA258__COLUMBIA-CORNER-FLUSHER-BOX-REPAIR-PARTS","FA258 - 8-32X 1/4 Half Dog Set","true"
"COL-COLUMBIA-CORNER-FLUSHER-BOX-REPAIR-PARTS","FA261","FA261 - 8-32 X 3/8"" Socket Screw","COL-FA261-8-32-X-3-8-SOCKET-SCREW","FA261","FA261 - 8-32 X 3/8"" Socket Screw","true"
"COL-COLUMBIA-CORNER-FLUSHER-BOX-REPAIR-PARTS","FA262__COLUMBIA-CORNER-FLUSHER-BOX-REPAIR-PARTS","FA262 - 8-32 x 1/2"" Socket","COL-FA262-8-32-X-1-2-SOCKET","FA262__COLUMBIA-CORNER-FLUSHER-BOX-REPAIR-PARTS","FA262 - 8-32 x 1/2"" Socket","true"
"COL-COLUMBIA-CORNER-FLUSHER-BOX-REPAIR-PARTS","FA280__COLUMBIA-CORNER-FLUSHER-BOX-REPAIR-PARTS","FA280 - #10 Belleville Washer","COL-FA280-10-BELLEVILLE-WASHER","FA280__COLUMBIA-CORNER-FLUSHER-BOX-REPAIR-PARTS","FA280 - #10 Belleville Washer","true"
"COL-COLUMBIA-CORNER-FLUSHER-BOX-REPAIR-PARTS","FA296","FA296 - 1/4 -20 x 1/2"" Hex Bolt","COL-FA296-1-4-20-X-1-2-HEX-BOLT","FA296","FA296 - 1/4 -20 x 1/2"" Hex Bolt","true"
"COL-COLUMBIA-CORNER-FLUSHER-BOX-REPAIR-PARTS","FFB32__COLUMBIA-CORNER-FLUSHER-BOX-REPAIR-PARTS","FFB32 - Door Stop","COL-FFB32-DOOR-STOP","FFB32__COLUMBIA-CORNER-FLUSHER-BOX-REPAIR-PARTS","FFB32 - Door Stop","true"
"COL-COLUMBIA-CORNER-FLUSHER-BOX-REPAIR-PARTS","FFB32A__COLUMBIA-CORNER-FLUSHER-BOX-REPAIR-PARTS","FFB32A - Thumb Release Clip Screw","COL-FFB32A-THUMB-RELEASE-CLIP-SCREW","FFB32A__COLUMBIA-CORNER-FLUSHER-BOX-REPAIR-PARTS","FFB32A - Thumb Release Clip Screw","true"
"COL-COLUMBIA-CORNER-ROLLER-REPAIR-PARTS","CR1","CR1 - Head Casting","COL-CR1-HEAD-CASTING","CR1","CR1 - Head Casting","false"
"COL-COLUMBIA-CORNER-ROLLER-REPAIR-PARTS","CR2","CR2 - Roller (2 piece - nylatron/steel)","COL-CR2-ROLLER-2-PIECE-NYLATRON-STEEL","CR2","CR2 - Roller (2 piece - nylatron/steel)","true"
"COL-COLUMBIA-CORNER-ROLLER-REPAIR-PARTS","CR-3","CR3 - Bearing Sleeve","COL-CR3-BEARING-SLEEVE","CR-3","CR3 - Bearing Sleeve","false"
"COL-COLUMBIA-CORNER-ROLLER-REPAIR-PARTS","CR4","CR4 - Cut Washer","COL-CR4-CUT-WASHER","CR4","CR4 - Cut Washer","false"
"COL-COLUMBIA-CORNER-ROLLER-REPAIR-PARTS","CR6","CR6 - Handle Mounting Swivel","COL-CR6-HANDLE-MOUNTING-SWIVEL","CR6","CR6 - Handle Mounting Swivel","false"
"COL-COLUMBIA-CORNER-ROLLER-REPAIR-PARTS","CR11","CR11 - Handle Connecting Link","COL-CR11-HANDLE-CONNECTING-LINK","CR11","CR11 - Handle Connecting Link","false"
"COL-COLUMBIA-CORNER-ROLLER-REPAIR-PARTS","CR12","CR12 - Swivel Coupling Pin","COL-CR12-SWIVEL-COUPLING-PIN","CR12","CR12 - Swivel Coupling Pin","true"
"COL-COLUMBIA-CORNER-ROLLER-REPAIR-PARTS","FA262__COLUMBIA-CORNER-ROLLER-REPAIR-PARTS","FA262 - 8-32 x 1/2"" Socket","COL-FA262-8-32-X-1-2-SOCKET-FA262-COLUMBIA-CORNER-RO","FA262__COLUMBIA-CORNER-ROLLER-REPAIR-PARTS","FA262 - 8-32 x 1/2"" Socket","true"
"COL-COLUMBIA-CORNER-ROLLER-REPAIR-PARTS","FA288","FA288 - 1/4"" X 3/4"" Split Pin","COL-FA288-1-4-X-3-4-SPLIT-PIN","FA288","FA288 - 1/4"" X 3/4"" Split Pin","true"
"COL-COLUMBIA-CORNER-ROLLER-REPAIR-PARTS","FA299","FA299 - 1/4-20 x 1 1/2"" Pan Phillips","COL-FA299-1-4-20-X-1-1-2-PAN-PHILLIPS","FA299","FA299 - 1/4-20 x 1 1/2"" Pan Phillips","true"
"COL-COLUMBIA-FAT-BOY-HINGE-BOX-END-PLATE-NEW-STYLE","HFBB3","Columbia Fat Boy Hinge Box End Plate (New Style) - Left Side","COL-COLUMBIA-FAT-BOY-HINGE-BOX-END-PLATE-NEW-STYLE-LEFT-SIDE","HFBB3","Columbia Fat Boy Hinge Box End Plate (New Style) - Left Side","true"
"COL-COLUMBIA-FAT-BOY-HINGE-BOX-END-PLATE-NEW-STYLE","HFBB3A","Columbia Fat Boy Hinge Box End Plate (New Style) - Right Side","COL-COLUMBIA-FAT-BOY-HINGE-BOX-END-PLATE-NEW-STYLE-RIGHT-SIDE","HFBB3A","Columbia Fat Boy Hinge Box End Plate (New Style) - Right Side","false"
"COL-COLUMBIA-FLAT-FINISHING-BOX-REPAIR-PARTS","FA216","FA216 - 4-40 X 3/8” Fillister Slot","COL-FA216-4-40-X-3-8-FILLISTER-SLOT","FA216","FA216 - 4-40 X 3/8” Fillister Slot","false"
"COL-COLUMBIA-FLAT-FINISHING-BOX-REPAIR-PARTS","FA231__COLUMBIA-FLAT-FINISHING-BOX-REPAIR-PARTS","FA231 - 6-32 x 3/8"" Hex Bolt","COL-FA231-6-32-X-3-8-HEX-BOLT-FA231-COLUMBIA-FLAT-FINI","FA231__COLUMBIA-FLAT-FINISHING-BOX-REPAIR-PARTS","FA231 - 6-32 x 3/8"" Hex Bolt","true"
"COL-COLUMBIA-FLAT-FINISHING-BOX-REPAIR-PARTS","FA232__COLUMBIA-FLAT-FINISHING-BOX-REPAIR-PARTS","FA232 - 6-32 Hex Nut","COL-FA232-6-32-HEX-NUT-FA232-COLUMBIA-FLAT-FINI","FA232__COLUMBIA-FLAT-FINISHING-BOX-REPAIR-PARTS","FA232 - 6-32 Hex Nut","true"
"COL-COLUMBIA-FLAT-FINISHING-BOX-REPAIR-PARTS","FA233__COLUMBIA-FLAT-FINISHING-BOX-REPAIR-PARTS","FA233 - 6-32 Nyloc Nut","COL-FA233-6-32-NYLOC-NUT-FA233-COLUMBIA-FLAT-FINI","FA233__COLUMBIA-FLAT-FINISHING-BOX-REPAIR-PARTS","FA233 - 6-32 Nyloc Nut","true"
"COL-COLUMBIA-FLAT-FINISHING-BOX-REPAIR-PARTS","FA238__COLUMBIA-FLAT-FINISHING-BOX-REPAIR-PARTS","FA238 - 6-32 X 3/16"" Fillister Slot","COL-FA238-6-32-X-3-16-FILLISTER-SLOT-FA238-COLUMBIA-FLAT-FINI","FA238__COLUMBIA-FLAT-FINISHING-BOX-REPAIR-PARTS","FA238 - 6-32 X 3/16"" Fillister Slot","true"
"COL-COLUMBIA-FLAT-FINISHING-BOX-REPAIR-PARTS","FA239__COLUMBIA-FLAT-FINISHING-BOX-REPAIR-PARTS","FA239 - 6-32 X 1/4"" Binder Slot","COL-FA239-6-32-X-1-4-BINDER-SLOT-FA239-COLUMBIA-FLAT-FINI","FA239__COLUMBIA-FLAT-FINISHING-BOX-REPAIR-PARTS","FA239 - 6-32 X 1/4"" Binder Slot","true"
"COL-COLUMBIA-FLAT-FINISHING-BOX-REPAIR-PARTS","FA241__COLUMBIA-FLAT-FINISHING-BOX-REPAIR-PARTS","FA241 - 6-32 X 3/8"" Binder Slot","COL-FA241-6-32-X-3-8-BINDER-SLOT-FA241-COLUMBIA-FLAT-FINI","FA241__COLUMBIA-FLAT-FINISHING-BOX-REPAIR-PARTS","FA241 - 6-32 X 3/8"" Binder Slot","true"
"COL-COLUMBIA-FLAT-FINISHING-BOX-REPAIR-PARTS","FA247__COLUMBIA-FLAT-FINISHING-BOX-REPAIR-PARTS","FA247 - 6-32 X 5/8"" Hex Bolt","COL-FA247-6-32-X-5-8-HEX-BOLT-FA247-COLUMBIA-FLAT-FINI","FA247__COLUMBIA-FLAT-FINISHING-BOX-REPAIR-PARTS","FA247 - 6-32 X 5/8"" Hex Bolt","true"
"COL-COLUMBIA-FLAT-FINISHING-BOX-REPAIR-PARTS","FA258__COLUMBIA-FLAT-FINISHING-BOX-REPAIR-PARTS","FA258 - 8-32X 1/4 Half Dog Set","COL-FA258-8-32X-1-4-HALF-DOG-SET-FA258-COLUMBIA-FLAT-FINI","FA258__COLUMBIA-FLAT-FINISHING-BOX-REPAIR-PARTS","FA258 - 8-32X 1/4 Half Dog Set","true"
"COL-COLUMBIA-FLAT-FINISHING-BOX-REPAIR-PARTS","FA268__COLUMBIA-FLAT-FINISHING-BOX-REPAIR-PARTS","FA268 - #10 Flat Washer","COL-FA268-10-FLAT-WASHER-FA268-COLUMBIA-FLAT-FINI","FA268__COLUMBIA-FLAT-FINISHING-BOX-REPAIR-PARTS","FA268 - #10 Flat Washer","true"
"COL-COLUMBIA-FLAT-FINISHING-BOX-REPAIR-PARTS","FA271__COLUMBIA-FLAT-FINISHING-BOX-REPAIR-PARTS","FA271 - 10-24 Nyloc Nut","COL-FA271-10-24-NYLOC-NUT","FA271__COLUMBIA-FLAT-FINISHING-BOX-REPAIR-PARTS","FA271 - 10-24 Nyloc Nut","true"
"COL-COLUMBIA-FLAT-FINISHING-BOX-REPAIR-PARTS","FA272","FA272 - 10-24 Wing Nut","COL-FA272-10-24-WING-NUT","FA272","FA272 - 10-24 Wing Nut","true"
"COL-COLUMBIA-FLAT-FINISHING-BOX-REPAIR-PARTS","FA275","FA275 - 10-24 x 7/8"" Hex Bolt","COL-FA275-10-24-X-7-8-HEX-BOLT","FA275","FA275 - 10-24 x 7/8"" Hex Bolt","true"
"COL-COLUMBIA-FLAT-FINISHING-BOX-REPAIR-PARTS","FA280__COLUMBIA-FLAT-FINISHING-BOX-REPAIR-PARTS","FA280 - #10 Belleville Washer","COL-FA280-10-BELLEVILLE-WASHER-FA280-COLUMBIA-FLAT-FINI","FA280__COLUMBIA-FLAT-FINISHING-BOX-REPAIR-PARTS","FA280 - #10 Belleville Washer","true"
"COL-COLUMBIA-FLAT-FINISHING-BOX-REPAIR-PARTS","FFB4A","FFB4A - Stainless Steel Washer","COL-FFB4A-STAINLESS-STEEL-WASHER","FFB4A","FFB4A - Stainless Steel Washer","true"
"COL-COLUMBIA-FLAT-FINISHING-BOX-REPAIR-PARTS","FFB4B","FFB4B - Stainless Steel Backing Washer","COL-FFB4B-STAINLESS-STEEL-BACKING-WASHER","FFB4B","FFB4B - Stainless Steel Backing Washer","true"
"COL-COLUMBIA-FLAT-FINISHING-BOX-REPAIR-PARTS","FFB5-7","FFB5-7 - Axle - 7""","COL-FFB5-7-AXLE-7","FFB5-7","FFB5-7 - Axle - 7""","true"
"COL-COLUMBIA-FLAT-FINISHING-BOX-REPAIR-PARTS","FFB5-8","FFB5-8 - Axle - 8""","COL-FFB5-8-AXLE-8","FFB5-8","FFB5-8 - Axle - 8""","true"
"COL-COLUMBIA-FLAT-FINISHING-BOX-REPAIR-PARTS","FFB5-10","FFB5-10 - Axle - 10""","COL-FFB5-10-AXLE-10","FFB5-10","FFB5-10 - Axle - 10""","true"
"COL-COLUMBIA-FLAT-FINISHING-BOX-REPAIR-PARTS","FFB5-12","FFB5-12 - Axle - 12""","COL-FFB5-12-AXLE-12","FFB5-12","FFB5-12 - Axle - 12""","true"
"COL-COLUMBIA-FLAT-FINISHING-BOX-REPAIR-PARTS","FFB5-14","FFB5-14 - Axle - 14""","COL-FFB5-14-AXLE-14","FFB5-14","FFB5-14 - Axle - 14""","false"
"COL-COLUMBIA-FLAT-FINISHING-BOX-REPAIR-PARTS","FFB5A","FFB5A - Axel Bushing","COL-FFB5A-AXEL-BUSHING","FFB5A","FFB5A - Axel Bushing","true"
"COL-COLUMBIA-FLAT-FINISHING-BOX-REPAIR-PARTS","FFB7","FFB7 - Shoe - Right","COL-FFB7-SHOE-RIGHT","FFB7","FFB7 - Shoe - Right","true"
"COL-COLUMBIA-FLAT-FINISHING-BOX-REPAIR-PARTS","FFB7A","FFB7A - Shoe - Left","COL-FFB7A-SHOE-LEFT","FFB7A","FFB7A - Shoe - Left","true"
"COL-COLUMBIA-FLAT-FINISHING-BOX-REPAIR-PARTS","FFB8","FFB8 - Bar Retainer Clip","COL-FFB8-BAR-RETAINER-CLIP","FFB8","FFB8 - Bar Retainer Clip","false"
"COL-COLUMBIA-FLAT-FINISHING-BOX-REPAIR-PARTS","FFB9-5.5","FFB9-5.5 - Blade 5.5""","COL-FFB9-5-5-BLADE-5-5","FFB9-5.5","FFB9-5.5 - Blade 5.5""","true"
"COL-COLUMBIA-FLAT-FINISHING-BOX-REPAIR-PARTS","FFB9-7","FFB9-7 - Blade - 7""","COL-FFB9-7-BLADE-7","FFB9-7","FFB9-7 - Blade - 7""","true"
"COL-COLUMBIA-FLAT-FINISHING-BOX-REPAIR-PARTS","FFB9-8","FFB9-8 - Blade - 8""","COL-FFB9-8-BLADE-8","FFB9-8","FFB9-8 - Blade - 8""","true"
"COL-COLUMBIA-FLAT-FINISHING-BOX-REPAIR-PARTS","FFB9-10","FFB9-10 - Blade - 10""","COL-FFB9-10-BLADE-10","FFB9-10","FFB9-10 - Blade - 10""","true"
"COL-COLUMBIA-FLAT-FINISHING-BOX-REPAIR-PARTS","FFB9-12","FFB9-12 - Blade - 12""","COL-FFB9-12-BLADE-12","FFB9-12","FFB9-12 - Blade - 12""","true"
"COL-COLUMBIA-FLAT-FINISHING-BOX-REPAIR-PARTS","FFB9-14","FFB9-14 - Blade 14""","COL-FFB9-14-BLADE-14","FFB9-14","FFB9-14 - Blade 14""","true"
"COL-COLUMBIA-FLAT-FINISHING-BOX-REPAIR-PARTS","FFB11-8","FFB11-8 - Adjuster Spring - 8""","COL-FFB11-8-ADJUSTER-SPRING-8","FFB11-8","FFB11-8 - Adjuster Spring - 8""","true"
"COL-COLUMBIA-FLAT-FINISHING-BOX-REPAIR-PARTS","FFB11-10","FFB11-10 - Adjuster Spring - 10""","COL-FFB11-10-ADJUSTER-SPRING-10","FFB11-10","FFB11-10 - Adjuster Spring - 10""","false"
"COL-COLUMBIA-FLAT-FINISHING-BOX-REPAIR-PARTS","FFB11-12","FFB11-12 - Adjuster Spring - 12""","COL-FFB11-12-ADJUSTER-SPRING-12","FFB11-12","FFB11-12 - Adjuster Spring - 12""","true"
"COL-COLUMBIA-FLAT-FINISHING-BOX-REPAIR-PARTS","FFB16","FFB16 - Door Spring Nut","COL-FFB16-DOOR-SPRING-NUT","FFB16","FFB16 - Door Spring Nut","true"
"COL-COLUMBIA-FLAT-FINISHING-BOX-REPAIR-PARTS","FFB17","FFB17 - Door Spring","COL-FFB17-DOOR-SPRING","FFB17","FFB17 - Door Spring","false"
"COL-COLUMBIA-FLAT-FINISHING-BOX-REPAIR-PARTS","FFB25-10","FFB25-10 - 10"" Rubber Gasket Retainer","COL-FFB25-10-10-RUBBER-GASKET-RETAINER","FFB25-10","FFB25-10 - 10"" Rubber Gasket Retainer","true"
"COL-COLUMBIA-FLAT-FINISHING-BOX-REPAIR-PARTS","FFB25-12","FFB25-12 - 12"" Rubber Gasket Retainer","COL-FFB25-12-12-RUBBER-GASKET-RETAINER","FFB25-12","FFB25-12 - 12"" Rubber Gasket Retainer","true"
"COL-COLUMBIA-FLAT-FINISHING-BOX-REPAIR-PARTS","FFB32__COLUMBIA-FLAT-FINISHING-BOX-REPAIR-PARTS","FFB32 - Door Stop","COL-FFB32-DOOR-STOP-FFB32-COLUMBIA-FLAT-FINI","FFB32__COLUMBIA-FLAT-FINISHING-BOX-REPAIR-PARTS","FFB32 - Door Stop","true"
"COL-COLUMBIA-FLAT-FINISHING-BOX-REPAIR-PARTS","FFB32A__COLUMBIA-FLAT-FINISHING-BOX-REPAIR-PARTS","FFB32A - Thumb Release Clip Screw","COL-FFB32A-THUMB-RELEASE-CLIP-SCREW-FFB32A-COLUMBIA-FLAT-FIN","FFB32A__COLUMBIA-FLAT-FINISHING-BOX-REPAIR-PARTS","FFB32A - Thumb Release Clip Screw","true"
"COL-COLUMBIA-FLAT-FINISHING-BOX-REPAIR-PARTS","FFB36","FFB36 - Box Wheel","COL-FFB36-BOX-WHEEL","FFB36","FFB36 - Box Wheel","true"
"COL-COLUMBIA-FLAT-FINISHING-BOX-REPAIR-PARTS","FFB37","FFB37 - Rubber for Box Wheel","COL-FFB37-RUBBER-FOR-BOX-WHEEL","FFB37","FFB37 - Rubber for Box Wheel","false"
"COL-COLUMBIA-FLAT-FINISHING-BOX-REPAIR-PARTS","FFB38","FFB38 - Nyliner Bearing","COL-FFB38-NYLINER-BEARING","FFB38","FFB38 - Nyliner Bearing","true"
"COL-COLUMBIA-FLAT-FINISHING-BOX-REPAIR-PARTS","FFB39","FFB39 - Hex Bolt","COL-FFB39-HEX-BOLT","FFB39","FFB39 - Hex Bolt","true"
"COL-COLUMBIA-FLAT-FINISHING-BOX-REPAIR-PARTS","HFFB1A-10","HFFB1A-10 - Mud Seal Strip - 10""","COL-HFFB1A-10-MUD-SEAL-STRIP-10","HFFB1A-10","HFFB1A-10 - Mud Seal Strip - 10""","false"
"COL-COLUMBIA-FLAT-FINISHING-BOX-REPAIR-PARTS","HFFB3","HFFB3 - Hinge Box End Plate-Right","COL-HFFB3-HINGE-BOX-END-PLATE-RIGHT","HFFB3","HFFB3 - Hinge Box End Plate-Right","true"
"COL-COLUMBIA-FLAT-FINISHING-BOX-REPAIR-PARTS","HFFB3A","HFFB3A - Hinge Box End Plate- Left","COL-HFFB3A-HINGE-BOX-END-PLATE-LEFT","HFFB3A","HFFB3A - Hinge Box End Plate- Left","true"
"COL-COLUMBIA-FLAT-FINISHING-BOX-REPAIR-PARTS","HFFB4D","HFFB4D - Nylatron Bushing","COL-HFFB4D-NYLATRON-BUSHING","HFFB4D","HFFB4D - Nylatron Bushing","false"
"COL-COLUMBIA-FLAT-FINISHING-BOX-REPAIR-PARTS","HFFB14-8","HFFB14-8 - 8"" Flat Box Hinged Door Gasket","COL-HFFB14-8-8-FLAT-BOX-HINGED-DOOR-GASKET","HFFB14-8","HFFB14-8 - 8"" Flat Box Hinged Door Gasket","true"
"COL-COLUMBIA-FLAT-FINISHING-BOX-REPAIR-PARTS","HFFB14-10","HFFB14-10 - 10"" Flat Box Hinged Door Gasket","COL-HFFB14-10-10-FLAT-BOX-HINGED-DOOR-GASKET","HFFB14-10","HFFB14-10 - 10"" Flat Box Hinged Door Gasket","true"
"COL-COLUMBIA-FLAT-FINISHING-BOX-REPAIR-PARTS","HFFB14-12","HFFB14-12 - 12"" Flat Box Hinged Door Gasket","COL-HFFB14-12-12-FLAT-BOX-HINGED-DOOR-GASKET","HFFB14-12","HFFB14-12 - 12"" Flat Box Hinged Door Gasket","true"
"COL-COLUMBIA-FLAT-FINISHING-BOX-REPAIR-PARTS","HFFB14-14","HFFB14-14 - 14"" Flat Box Hinged Door Gasket","COL-HFFB14-14-14-FLAT-BOX-HINGED-DOOR-GASKET","HFFB14-14","HFFB14-14 - 14"" Flat Box Hinged Door Gasket","true"
"COL-COLUMBIA-HINGED-NAIL-SPOTTER-WHEEL-CONVERSION-KIT","HNSA-5-2","Columbia Hinged Nail Spotter Wheel Conversion Kit - 2""","COL-COLUMBIA-HINGED-NAIL-SPOTTER-WHEEL-CONVERSION-KIT-2","HNSA-5-2","Columbia Hinged Nail Spotter Wheel Conversion Kit - 2""","true"
"COL-COLUMBIA-HINGED-NAIL-SPOTTER-WHEEL-CONVERSION-KIT","HNSA-5-3","Columbia Hinged Nail Spotter Wheel Conversion Kit - 3""","COL-COLUMBIA-HINGED-NAIL-SPOTTER-WHEEL-CONVERSION-KIT-3","HNSA-5-3","Columbia Hinged Nail Spotter Wheel Conversion Kit - 3""","true"
"COL-COLUMBIA-HINGED-NAILSPOTTER-REPAIR-PARTS","FA218","FA218 - 4-40 x 3/8"" Flat Slot","COL-FA218-4-40-X-3-8-FLAT-SLOT","FA218","FA218 - 4-40 x 3/8"" Flat Slot","true"
"COL-COLUMBIA-HINGED-NAILSPOTTER-REPAIR-PARTS","FA228__COLUMBIA-HINGED-NAILSPOTTER-REPAIR-PARTS","FA228 - #6 Flat Washer","COL-FA228-6-FLAT-WASHER-FA228-COLUMBIA-HINGED-NA","FA228__COLUMBIA-HINGED-NAILSPOTTER-REPAIR-PARTS","FA228 - #6 Flat Washer","true"
"COL-COLUMBIA-HINGED-NAILSPOTTER-REPAIR-PARTS","FA231__COLUMBIA-HINGED-NAILSPOTTER-REPAIR-PARTS","FA231 - 6-32 x 3/8"" Hex Bolt","COL-FA231-6-32-X-3-8-HEX-BOLT-FA231-COLUMBIA-HINGED-NA","FA231__COLUMBIA-HINGED-NAILSPOTTER-REPAIR-PARTS","FA231 - 6-32 x 3/8"" Hex Bolt","true"
"COL-COLUMBIA-HINGED-NAILSPOTTER-REPAIR-PARTS","FA241__COLUMBIA-HINGED-NAILSPOTTER-REPAIR-PARTS","FA241 - 6-32 X 3/8"" Binder Slot","COL-FA241-6-32-X-3-8-BINDER-SLOT-FA241-COLUMBIA-HINGED-NA","FA241__COLUMBIA-HINGED-NAILSPOTTER-REPAIR-PARTS","FA241 - 6-32 X 3/8"" Binder Slot","true"
"COL-COLUMBIA-HINGED-NAILSPOTTER-REPAIR-PARTS","FA247__COLUMBIA-HINGED-NAILSPOTTER-REPAIR-PARTS","FA247 - 6-32 X 5/8"" Hex Bolt","COL-FA247-6-32-X-5-8-HEX-BOLT-FA247-COLUMBIA-HINGED-NA","FA247__COLUMBIA-HINGED-NAILSPOTTER-REPAIR-PARTS","FA247 - 6-32 X 5/8"" Hex Bolt","true"
"COL-COLUMBIA-HINGED-NAILSPOTTER-REPAIR-PARTS","FA252__COLUMBIA-HINGED-NAILSPOTTER-REPAIR-PARTS","FA252 - #8 Star Washer","COL-FA252-8-STAR-WASHER","FA252__COLUMBIA-HINGED-NAILSPOTTER-REPAIR-PARTS","FA252 - #8 Star Washer","true"
"COL-COLUMBIA-HINGED-NAILSPOTTER-REPAIR-PARTS","FA254__COLUMBIA-HINGED-NAILSPOTTER-REPAIR-PARTS","FA254 - 8-32 Nyloc Nut","COL-FA254-8-32-NYLOC-NUT-FA254-COLUMBIA-HINGED-NA","FA254__COLUMBIA-HINGED-NAILSPOTTER-REPAIR-PARTS","FA254 - 8-32 Nyloc Nut","true"
"COL-COLUMBIA-HINGED-NAILSPOTTER-REPAIR-PARTS","FA260__COLUMBIA-HINGED-NAILSPOTTER-REPAIR-PARTS","FA260 - 8-32 x 3/8"" Pan Slot","COL-FA260-8-32-X-3-8-PAN-SLOT-FA260-COLUMBIA-HINGED-NA","FA260__COLUMBIA-HINGED-NAILSPOTTER-REPAIR-PARTS","FA260 - 8-32 x 3/8"" Pan Slot","true"
"COL-COLUMBIA-HINGED-NAILSPOTTER-REPAIR-PARTS","FA271__COLUMBIA-HINGED-NAILSPOTTER-REPAIR-PARTS","FA271 - 10-24 Nyloc Nut","COL-FA271-10-24-NYLOC-NUT-FA271-COLUMBIA-HINGED-NA","FA271__COLUMBIA-HINGED-NAILSPOTTER-REPAIR-PARTS","FA271 - 10-24 Nyloc Nut","true"
"COL-COLUMBIA-HINGED-NAILSPOTTER-REPAIR-PARTS","FA280__COLUMBIA-HINGED-NAILSPOTTER-REPAIR-PARTS","FA280 - #10 Belleville Washer","COL-FA280-10-BELLEVILLE-WASHER-FA280-COLUMBIA-HINGED-NA","FA280__COLUMBIA-HINGED-NAILSPOTTER-REPAIR-PARTS","FA280 - #10 Belleville Washer","true"
"COL-COLUMBIA-HINGED-NAILSPOTTER-REPAIR-PARTS","FFB32__COLUMBIA-HINGED-NAILSPOTTER-REPAIR-PARTS","FFB32 - Door Stop","COL-FFB32-DOOR-STOP-FFB32-COLUMBIA-HINGED-NA","FFB32__COLUMBIA-HINGED-NAILSPOTTER-REPAIR-PARTS","FFB32 - Door Stop","true"
"COL-COLUMBIA-HINGED-NAILSPOTTER-REPAIR-PARTS","FFB32A__COLUMBIA-HINGED-NAILSPOTTER-REPAIR-PARTS","FFB32A - Thumb Release Clip Screw","COL-FFB32A-THUMB-RELEASE-CLIP-SCREW-FFB32A-COLUMBIA-HINGED-N","FFB32A__COLUMBIA-HINGED-NAILSPOTTER-REPAIR-PARTS","FFB32A - Thumb Release Clip Screw","true"
"COL-COLUMBIA-HINGED-NAILSPOTTER-REPAIR-PARTS","HNS4-2","HNS4-2 - Door 2""","COL-HNS4-2-DOOR-2","HNS4-2","HNS4-2 - Door 2""","true"
"COL-COLUMBIA-HINGED-NAILSPOTTER-REPAIR-PARTS","HNS4-3","HNS4-3 - Door 3""","COL-HNS4-3-DOOR-3","HNS4-3","HNS4-3 - Door 3""","false"
"COL-COLUMBIA-HINGED-NAILSPOTTER-REPAIR-PARTS","HNS7-2","HNS7-2 - Blade 2""","COL-HNS7-2-BLADE-2","HNS7-2","HNS7-2 - Blade 2""","true"
"COL-COLUMBIA-HINGED-NAILSPOTTER-REPAIR-PARTS","HNS7-3","HNS7-3 - Blade 3""","COL-HNS7-3-BLADE-3","HNS7-3","HNS7-3 - Blade 3""","true"
"COL-COLUMBIA-HINGED-NAILSPOTTER-REPAIR-PARTS","HNS8-2","HNS8-2 - Blade Holder 2""","COL-HNS8-2-BLADE-HOLDER-2","HNS8-2","HNS8-2 - Blade Holder 2""","true"
"COL-COLUMBIA-HINGED-NAILSPOTTER-REPAIR-PARTS","HNS8-3","HNS8-3 - Blade Holder 3""","COL-HNS8-3-BLADE-HOLDER-3","HNS8-3","HNS8-3 - Blade Holder 3""","true"
"COL-COLUMBIA-HINGED-NAILSPOTTER-REPAIR-PARTS","HNS10","HNS10 - Door Spring Long","COL-HNS10-DOOR-SPRING-LONG","HNS10","HNS10 - Door Spring Long","true"
"COL-COLUMBIA-HINGED-NAILSPOTTER-REPAIR-PARTS","HNS10A","HNS10A - Door Spring Short","COL-HNS10A-DOOR-SPRING-SHORT","HNS10A","HNS10A - Door Spring Short","true"
"COL-COLUMBIA-HINGED-NAILSPOTTER-REPAIR-PARTS","HNS12","HNS12 - Handle Clamp","COL-HNS12-HANDLE-CLAMP","HNS12","HNS12 - Handle Clamp","true"
"COL-COLUMBIA-HINGED-NAILSPOTTER-REPAIR-PARTS","HNS12A","HNS12A - Roll Pin","COL-HNS12A-ROLL-PIN","HNS12A","HNS12A - Roll Pin","true"
"COL-COLUMBIA-HINGED-NAILSPOTTER-REPAIR-PARTS","HNS13","HNS13 - Roll Pin Bushing","COL-HNS13-ROLL-PIN-BUSHING","HNS13","HNS13 - Roll Pin Bushing","true"
"COL-COLUMBIA-HINGED-NAILSPOTTER-REPAIR-PARTS","HNSA-14","HNSA14 - Handle Link Assembly","COL-HNSA14-HANDLE-LINK-ASSEMBLY","HNSA-14","HNSA14 - Handle Link Assembly","true"
"COL-COLUMBIA-HINGED-NAILSPOTTER-REPAIR-PARTS","HNS15-2","HNS15-2 - Door Gasket 2""","COL-HNS15-2-DOOR-GASKET-2","HNS15-2","HNS15-2 - Door Gasket 2""","true"
"COL-COLUMBIA-HINGED-NAILSPOTTER-REPAIR-PARTS","HNS15-3","HNS15-3 - Door Gasket 3""","COL-HNS15-3-DOOR-GASKET-3","HNS15-3","HNS15-3 - Door Gasket 3""","true"
"COL-COLUMBIA-HINGED-NAILSPOTTER-REPAIR-PARTS","HNS17A","HNS17A - Nail Spotter Handle Tightness Screw","COL-HNS17A-NAIL-SPOTTER-HANDLE-TIGHTNESS-SCREW","HNS17A","HNS17A - Nail Spotter Handle Tightness Screw","false"
"COL-COLUMBIA-HINGED-NAILSPOTTER-REPAIR-PARTS","HNS18","HNS18 - Pivot","COL-HNS18-PIVOT","HNS18","HNS18 - Pivot","true"
"COL-COLUMBIA-HINGED-NAILSPOTTER-REPAIR-PARTS","HNS20","HNS20 - Wedge","COL-HNS20-WEDGE","HNS20","HNS20 - Wedge","false"
"COL-COLUMBIA-HOT-MUD-PUMP-REPAIR-PARTS","FA249__COLUMBIA-HOT-MUD-PUMP-REPAIR-PARTS","FA249 - 8-32X3/16"" Set Screw","COL-FA249-8-32X3-16-SET-SCREW","FA249__COLUMBIA-HOT-MUD-PUMP-REPAIR-PARTS","FA249 - 8-32X3/16"" Set Screw","true"
"COL-COLUMBIA-HOT-MUD-PUMP-REPAIR-PARTS","FA256__COLUMBIA-HOT-MUD-PUMP-REPAIR-PARTS","FA256 - 8-32 X 3/16"" Pan Slot","COL-FA256-8-32-X-3-16-PAN-SLOT","FA256__COLUMBIA-HOT-MUD-PUMP-REPAIR-PARTS","FA256 - 8-32 X 3/16"" Pan Slot","true"
"COL-COLUMBIA-HOT-MUD-PUMP-REPAIR-PARTS","FA260__COLUMBIA-HOT-MUD-PUMP-REPAIR-PARTS","FA260 - 8-32 x 3/8"" Pan Slot","COL-FA260-8-32-X-3-8-PAN-SLOT-FA260-COLUMBIA-HOT-MUD-P","FA260__COLUMBIA-HOT-MUD-PUMP-REPAIR-PARTS","FA260 - 8-32 x 3/8"" Pan Slot","true"
"COL-COLUMBIA-HOT-MUD-PUMP-REPAIR-PARTS","FA270","FA270 - #10 x 3/4"" Fender Washer","COL-FA270-10-X-3-4-FENDER-WASHER","FA270","FA270 - #10 x 3/4"" Fender Washer","true"
"COL-COLUMBIA-HOT-MUD-PUMP-REPAIR-PARTS","FA271__COLUMBIA-HOT-MUD-PUMP-REPAIR-PARTS","FA271 - 10-24 Nyloc Nut","COL-FA271-10-24-NYLOC-NUT-FA271-COLUMBIA-HOT-MUD-P","FA271__COLUMBIA-HOT-MUD-PUMP-REPAIR-PARTS","FA271 - 10-24 Nyloc Nut","true"
"COL-COLUMBIA-HOT-MUD-PUMP-REPAIR-PARTS","FA273","FA273 - 10-24 x 1"" Hex Bolt","COL-FA273-10-24-X-1-HEX-BOLT","FA273","FA273 - 10-24 x 1"" Hex Bolt","true"
"COL-COLUMBIA-HOT-MUD-PUMP-REPAIR-PARTS","FA274","FA274 - 10-24 x 3/8"" Socket","COL-FA274-10-24-X-3-8-SOCKET","FA274","FA274 - 10-24 x 3/8"" Socket","true"
"COL-COLUMBIA-HOT-MUD-PUMP-REPAIR-PARTS","FA286","FA286 - 1/4"" x 1/2"" Flat Washer","COL-FA286-1-4-X-1-2-FLAT-WASHER","FA286","FA286 - 1/4"" x 1/2"" Flat Washer","true"
"COL-COLUMBIA-HOT-MUD-PUMP-REPAIR-PARTS","FA292__COLUMBIA-HOT-MUD-PUMP-REPAIR-PARTS","FA292 1/4-20 Nyloc Jam Nut","COL-FA292-1-4-20-NYLOC-JAM-NUT-FA292-COLUMBIA-HOT-MUD-P","FA292__COLUMBIA-HOT-MUD-PUMP-REPAIR-PARTS","FA292 1/4-20 Nyloc Jam Nut","true"
"COL-COLUMBIA-HOT-MUD-PUMP-REPAIR-PARTS","FA294","FA294 - 1/4-20 x 38"" Socket","COL-FA294-1-4-20-X-38-SOCKET","FA294","FA294 - 1/4-20 x 38"" Socket","true"
"COL-COLUMBIA-HOT-MUD-PUMP-REPAIR-PARTS","FA297","FA297 - 1/4-20 x 5/8"" Socket","COL-FA297-1-4-20-X-5-8-SOCKET","FA297","FA297 - 1/4-20 x 5/8"" Socket","true"
"COL-COLUMBIA-HOT-MUD-PUMP-REPAIR-PARTS","FA300","FA300 - 1/4-20 x 2"" Hex Bolt","COL-FA300-1-4-20-X-2-HEX-BOLT","FA300","FA300 - 1/4-20 x 2"" Hex Bolt","true"
"COL-COLUMBIA-HOT-MUD-PUMP-REPAIR-PARTS","FA301","FA301 - 1/4-20 x 2 1/4"" Hex Bolt","COL-FA301-1-4-20-X-2-1-4-HEX-BOLT","FA301","FA301 - 1/4-20 x 2 1/4"" Hex Bolt","false"
"COL-COLUMBIA-HOT-MUD-PUMP-REPAIR-PARTS","FA303","FA303 - 5-16 Flat Washer","COL-FA303-5-16-FLAT-WASHER","FA303","FA303 - 5-16 Flat Washer","true"
"COL-COLUMBIA-HOT-MUD-PUMP-REPAIR-PARTS","FA305","FA305 - 5/16 -18 x 3/4"" Hex Bolt","COL-FA305-5-16-18-X-3-4-HEX-BOLT","FA305","FA305 - 5/16 -18 x 3/4"" Hex Bolt","true"
"COL-COLUMBIA-HOT-MUD-PUMP-REPAIR-PARTS","FA306","FA306 - 5/16-18 x 1 1/4"" Hex Bolt","COL-FA306-5-16-18-X-1-1-4-HEX-BOLT","FA306","FA306 - 5/16-18 x 1 1/4"" Hex Bolt","true"
"COL-COLUMBIA-HOT-MUD-PUMP-REPAIR-PARTS","FA307","FA307 - 5-16 x 24 Jam Nut","COL-FA307-5-16-X-24-JAM-NUT","FA307","FA307 - 5-16 x 24 Jam Nut","true"
"COL-COLUMBIA-HOT-MUD-PUMP-REPAIR-PARTS","FA308","FA308 - 1/2"" x 7/8"" Flat Washer","COL-FA308-1-2-X-7-8-FLAT-WASHER","FA308","FA308 - 1/2"" x 7/8"" Flat Washer","true"
"COL-COLUMBIA-HOT-MUD-PUMP-REPAIR-PARTS","FA313","FA313 - 1/4-20 X 1/4 Socket Head Set Screw","COL-FA313-1-4-20-X-1-4-SOCKET-HEAD-SET-SCREW","FA313","FA313 - 1/4-20 X 1/4 Socket Head Set Screw","true"
"COL-COLUMBIA-HOT-MUD-PUMP-REPAIR-PARTS","HP1","HP1 - Pump Cylinder","COL-HP1-PUMP-CYLINDER","HP1","HP1 - Pump Cylinder","true"
"COL-COLUMBIA-HOT-MUD-PUMP-REPAIR-PARTS","HP44","HP44 - Collar O-Ring","COL-HP44-COLLAR-O-RING","HP44","HP44 - Collar O-Ring","true"
"COL-COLUMBIA-HOT-MUD-PUMP-REPAIR-PARTS","HP45","HP45 - O Ring Enclosure","COL-HP45-O-RING-ENCLOSURE","HP45","HP45 - O Ring Enclosure","true"
"COL-COLUMBIA-HOT-MUD-PUMP-REPAIR-PARTS","HP46","HP46 - Latch Keeper","COL-HP46-LATCH-KEEPER","HP46","HP46 - Latch Keeper","true"
"COL-COLUMBIA-HOT-MUD-PUMP-REPAIR-PARTS","HP47","HP47 - Latch Clamp Assembly","COL-HP47-LATCH-CLAMP-ASSEMBLY","HP47","HP47 - Latch Clamp Assembly","true"
"COL-COLUMBIA-HOT-MUD-PUMP-REPAIR-PARTS","HPA-48","HPA48 - Handle Pin Assembly","COL-HPA48-HANDLE-PIN-ASSEMBLY","HPA-48","HPA48 - Handle Pin Assembly","true"
"COL-COLUMBIA-HOT-MUD-PUMP-REPAIR-PARTS","MP2","MP2 - Foot Valve Casting","COL-MP2-FOOT-VALVE-CASTING","MP2","MP2 - Foot Valve Casting","true"
"COL-COLUMBIA-HOT-MUD-PUMP-REPAIR-PARTS","MP3","MP3 - Pump Flapper Valve","COL-MP3-PUMP-FLAPPER-VALVE","MP3","MP3 - Pump Flapper Valve","true"
"COL-COLUMBIA-HOT-MUD-PUMP-REPAIR-PARTS","MP5","MP5 - Head Bushing","COL-MP5-HEAD-BUSHING","MP5","MP5 - Head Bushing","true"
"COL-COLUMBIA-HOT-MUD-PUMP-REPAIR-PARTS","MP6","MP6 - Handle Link","COL-MP6-HANDLE-LINK","MP6","MP6 - Handle Link","true"
"COL-COLUMBIA-HOT-MUD-PUMP-REPAIR-PARTS","MP7","MP7 - Pump Handle","COL-MP7-PUMP-HANDLE","MP7","MP7 - Pump Handle","true"
"COL-COLUMBIA-HOT-MUD-PUMP-REPAIR-PARTS","MP8","MP8 - Leg","COL-MP8-LEG","MP8","MP8 - Leg","true"
"COL-COLUMBIA-HOT-MUD-PUMP-REPAIR-PARTS","MP11","MP11 - Piston Shaft","COL-MP11-PISTON-SHAFT","MP11","MP11 - Piston Shaft","true"
"COL-COLUMBIA-HOT-MUD-PUMP-REPAIR-PARTS","MP13","MP13 - Piston Backing Washer (Large)","COL-MP13-PISTON-BACKING-WASHER-LARGE","MP13","MP13 - Piston Backing Washer (Large)","false"
"COL-COLUMBIA-HOT-MUD-PUMP-REPAIR-PARTS","MP13A","MP13A - Piston Backing Washer (Small)","COL-MP13A-PISTON-BACKING-WASHER-SMALL","MP13A","MP13A - Piston Backing Washer (Small)","false"
"COL-COLUMBIA-HOT-MUD-PUMP-REPAIR-PARTS","MP14","MP14 - Piston Cup","COL-MP14-PISTON-CUP","MP14","MP14 - Piston Cup","true"
"COL-COLUMBIA-HOT-MUD-PUMP-REPAIR-PARTS","MP23","MP23 - Mud Pump Seal","COL-MP23-MUD-PUMP-SEAL","MP23","MP23 - Mud Pump Seal","true"
"COL-COLUMBIA-HOT-MUD-PUMP-REPAIR-PARTS","MP23A__COLUMBIA-HOT-MUD-PUMP-REPAIR-PARTS","MP23A - O-Ring","COL-MP23A-O-RING-MP23A-COLUMBIA-HOT-MUD-P","MP23A__COLUMBIA-HOT-MUD-PUMP-REPAIR-PARTS","MP23A - O-Ring","true"
"COL-COLUMBIA-HOT-MUD-PUMP-REPAIR-PARTS","MP24","MP24 - Mud Pump Screen","COL-MP24-MUD-PUMP-SCREEN","MP24","MP24 - Mud Pump Screen","false"
"COL-COLUMBIA-HOT-MUD-PUMP-REPAIR-PARTS","MP25","MP25 - Filler Studs","COL-MP25-FILLER-STUDS","MP25","MP25 - Filler Studs","true"
"COL-COLUMBIA-HOT-MUD-PUMP-REPAIR-PARTS","MP28","MP28 - Filler Nut","COL-MP28-FILLER-NUT","MP28","MP28 - Filler Nut","true"
"COL-COLUMBIA-HOT-MUD-PUMP-REPAIR-PARTS","MP32","MP32 - Backing Washer Locator","COL-MP32-BACKING-WASHER-LOCATOR","MP32","MP32 - Backing Washer Locator","true"
"COL-COLUMBIA-HOT-MUD-PUMP-REPAIR-PARTS","MP33","MP33 - Filler Gasket","COL-MP33-FILLER-GASKET","MP33","MP33 - Filler Gasket","true"
"COL-COLUMBIA-HOT-MUD-PUMP-REPAIR-PARTS","MP36","MP36 - Nylatron Bushing","COL-MP36-NYLATRON-BUSHING","MP36","MP36 - Nylatron Bushing","true"
"COL-COLUMBIA-HOT-MUD-PUMP-REPAIR-PARTS","MP39","MP39 - Sleeve","COL-MP39-SLEEVE","MP39","MP39 - Sleeve","true"
"COL-COLUMBIA-HYDRA-REACH-BOX-HANDLE-REPAIR-PARTS","BH1__COLUMBIA-HYDRA-REACH-BOX-HANDLE-REPAIR-PARTS","BH1 - Mounting Plate","COL-BH1-MOUNTING-PLATE-BH1-COLUMBIA-HYDRA-REACH","BH1__COLUMBIA-HYDRA-REACH-BOX-HANDLE-REPAIR-PARTS","BH1 - Mounting Plate","true"
"COL-COLUMBIA-HYDRA-REACH-BOX-HANDLE-REPAIR-PARTS","BH5__COLUMBIA-HYDRA-REACH-BOX-HANDLE-REPAIR-PARTS","BH5 - Upper Mounting Bracket","COL-BH5-UPPER-MOUNTING-BRACKET-BH5-COLUMBIA-HYDRA-REACH","BH5__COLUMBIA-HYDRA-REACH-BOX-HANDLE-REPAIR-PARTS","BH5 - Upper Mounting Bracket","true"
"COL-COLUMBIA-HYDRA-REACH-BOX-HANDLE-REPAIR-PARTS","BH6__COLUMBIA-HYDRA-REACH-BOX-HANDLE-REPAIR-PARTS","BH6 - Hinge Pin","COL-BH6-HINGE-PIN-BH6-COLUMBIA-HYDRA-REACH","BH6__COLUMBIA-HYDRA-REACH-BOX-HANDLE-REPAIR-PARTS","BH6 - Hinge Pin","true"
"COL-COLUMBIA-HYDRA-REACH-BOX-HANDLE-REPAIR-PARTS","FA252__COLUMBIA-HYDRA-REACH-BOX-HANDLE-REPAIR-PARTS","FA252 - #8 Star Washer","COL-FA252-8-STAR-WASHER-FA252-COLUMBIA-HYDRA-REA","FA252__COLUMBIA-HYDRA-REACH-BOX-HANDLE-REPAIR-PARTS","FA252 - #8 Star Washer","true"
"COL-COLUMBIA-HYDRA-REACH-BOX-HANDLE-REPAIR-PARTS","FA256__COLUMBIA-HYDRA-REACH-BOX-HANDLE-REPAIR-PARTS","FA256 - 8-32 X 3/16"" Pan Slot","COL-FA256-8-32-X-3-16-PAN-SLOT-FA256-COLUMBIA-HYDRA-REA","FA256__COLUMBIA-HYDRA-REACH-BOX-HANDLE-REPAIR-PARTS","FA256 - 8-32 X 3/16"" Pan Slot","true"
"COL-COLUMBIA-HYDRA-REACH-BOX-HANDLE-REPAIR-PARTS","FA259","FA259 8-32 X 5/16"" Binder Slot","COL-FA259-8-32-X-5-16-BINDER-SLOT","FA259","FA259 8-32 X 5/16"" Binder Slot","true"
"COL-COLUMBIA-HYDRA-REACH-BOX-HANDLE-REPAIR-PARTS","FA311__COLUMBIA-HYDRA-REACH-BOX-HANDLE-REPAIR-PARTS","FA311 - 1/4-28 X 1/2"" Socket Head","COL-FA311-1-4-28-X-1-2-SOCKET-HEAD-FA311-COLUMBIA-HYDRA-REA","FA311__COLUMBIA-HYDRA-REACH-BOX-HANDLE-REPAIR-PARTS","FA311 - 1/4-28 X 1/2"" Socket Head","true"
"COL-COLUMBIA-HYDRA-REACH-BOX-HANDLE-REPAIR-PARTS","FA312__COLUMBIA-HYDRA-REACH-BOX-HANDLE-REPAIR-PARTS","FA312 - 10-24 X 1/4"" Socket Hand Set","COL-FA312-10-24-X-1-4-SOCKET-HAND-SET-FA312-COLUMBIA-HYDRA-REA","FA312__COLUMBIA-HYDRA-REACH-BOX-HANDLE-REPAIR-PARTS","FA312 - 10-24 X 1/4"" Socket Hand Set","true"
"COL-COLUMBIA-HYDRA-REACH-BOX-HANDLE-REPAIR-PARTS","FA315","FA315 10-32 X 3/8"" Flat Socket Head","COL-FA315-10-32-X-3-8-FLAT-SOCKET-HEAD","FA315","FA315 10-32 X 3/8"" Flat Socket Head","true"
"COL-COLUMBIA-HYDRA-REACH-BOX-HANDLE-REPAIR-PARTS","FA316","FA316 - 10-32 X 1/2"" Flat Socket Head","COL-FA316-10-32-X-1-2-FLAT-SOCKET-HEAD","FA316","FA316 - 10-32 X 1/2"" Flat Socket Head","true"
"COL-COLUMBIA-HYDRA-REACH-BOX-HANDLE-REPAIR-PARTS","FA320","FA320 - 1/4-28-3/8"" Socket Set Screw","COL-FA320-1-4-28-3-8-SOCKET-SET-SCREW","FA320","FA320 - 1/4-28-3/8"" Socket Set Screw","true"
"COL-COLUMBIA-HYDRA-REACH-BOX-HANDLE-REPAIR-PARTS","HH2","HH2 - Upper Mounting Bracket","COL-HH2-UPPER-MOUNTING-BRACKET","HH2","HH2 - Upper Mounting Bracket","true"
"COL-COLUMBIA-HYDRA-REACH-BOX-HANDLE-REPAIR-PARTS","HH7","HH7 - Brake","COL-HH7-BRAKE","HH7","HH7 - Brake","true"
"COL-COLUMBIA-HYDRA-REACH-BOX-HANDLE-REPAIR-PARTS","HH8__COLUMBIA-HYDRA-REACH-BOX-HANDLE-REPAIR-PARTS","HH8 - Hydra Reach Handle Tube","COL-HH8-HYDRA-REACH-HANDLE-TUBE","HH8__COLUMBIA-HYDRA-REACH-BOX-HANDLE-REPAIR-PARTS","HH8 - Hydra Reach Handle Tube","true"
"COL-COLUMBIA-HYDRA-REACH-BOX-HANDLE-REPAIR-PARTS","HH9","HH9 - Coiled Hydraulic Line","COL-HH9-COILED-HYDRAULIC-LINE","HH9","HH9 - Coiled Hydraulic Line","true"
"COL-COLUMBIA-HYDRA-REACH-BOX-HANDLE-REPAIR-PARTS","HH10A","HH10A - Top Cap","COL-HH10A-TOP-CAP","HH10A","HH10A - Top Cap","true"
"COL-COLUMBIA-HYDRA-REACH-BOX-HANDLE-REPAIR-PARTS","HH10B","HH10B - Bottom Cap","COL-HH10B-BOTTOM-CAP","HH10B","HH10B - Bottom Cap","true"
"COL-COLUMBIA-HYDRA-REACH-BOX-HANDLE-REPAIR-PARTS","HH12","HH12 - Brake Spring","COL-HH12-BRAKE-SPRING","HH12","HH12 - Brake Spring","true"
"COL-COLUMBIA-HYDRA-REACH-BOX-HANDLE-REPAIR-PARTS","HH13","HH13 - Brake Pin","COL-HH13-BRAKE-PIN","HH13","HH13 - Brake Pin","true"
"COL-COLUMBIA-HYDRA-REACH-BOX-HANDLE-REPAIR-PARTS","HH14","HH14 - Brake Piston","COL-HH14-BRAKE-PISTON","HH14","HH14 - Brake Piston","true"
"COL-COLUMBIA-HYDRA-REACH-BOX-HANDLE-REPAIR-PARTS","HH15","HH15 - Grip Sleeve Octagon","COL-HH15-GRIP-SLEEVE-OCTAGON","HH15","HH15 - Grip Sleeve Octagon","true"
"COL-COLUMBIA-HYDRA-REACH-BOX-HANDLE-REPAIR-PARTS","HH16","HH16 - Piston Housing","COL-HH16-PISTON-HOUSING","HH16","HH16 - Piston Housing","true"
"COL-COLUMBIA-HYDRA-REACH-BOX-HANDLE-REPAIR-PARTS","HH16A","HH16A - Bleeder Screw","COL-HH16A-BLEEDER-SCREW","HH16A","HH16A - Bleeder Screw","true"
"COL-COLUMBIA-HYDRA-REACH-BOX-HANDLE-REPAIR-PARTS","HH17A","HH17A - Brass Connector 1","COL-HH17A-BRASS-CONNECTOR-1","HH17A","HH17A - Brass Connector 1","true"
"COL-COLUMBIA-HYDRA-REACH-BOX-HANDLE-REPAIR-PARTS","HH17B","HH17B - Brass Connector 2","COL-HH17B-BRASS-CONNECTOR-2","HH17B","HH17B - Brass Connector 2","true"
"COL-COLUMBIA-HYDRA-REACH-BOX-HANDLE-REPAIR-PARTS","HH17C","HH17C - Line Pincher","COL-HH17C-LINE-PINCHER","HH17C","HH17C - Line Pincher","true"
"COL-COLUMBIA-HYDRA-REACH-BOX-HANDLE-REPAIR-PARTS","HH19","HH19 - Cap","COL-HH19-CAP","HH19","HH19 - Cap","true"
"COL-COLUMBIA-HYDRA-REACH-BOX-HANDLE-REPAIR-PARTS","HH23","HH23 - Piston O-Ring","COL-HH23-PISTON-O-RING","HH23","HH23 - Piston O-Ring","true"
"COL-COLUMBIA-HYDRA-REACH-BOX-HANDLE-REPAIR-PARTS","HH35__COLUMBIA-HYDRA-REACH-BOX-HANDLE-REPAIR-PARTS","HH35 - Handle Grip","COL-HH35-HANDLE-GRIP","HH35__COLUMBIA-HYDRA-REACH-BOX-HANDLE-REPAIR-PARTS","HH35 - Handle Grip","true"
"COL-COLUMBIA-MATRIX-HANDLE-REPAIR-PARTS","FA229__COLUMBIA-MATRIX-HANDLE-REPAIR-PARTS","FA229 - #6 Lock Washer","COL-FA229-6-LOCK-WASHER-FA229-COLUMBIA-MATRIX-HA","FA229__COLUMBIA-MATRIX-HANDLE-REPAIR-PARTS","FA229 - #6 Lock Washer","true"
"COL-COLUMBIA-MATRIX-HANDLE-REPAIR-PARTS","FA237","FA237 - 6-32 x 3/16"" Binder Slot","COL-FA237-6-32-X-3-16-BINDER-SLOT","FA237","FA237 - 6-32 x 3/16"" Binder Slot","true"
"COL-COLUMBIA-MATRIX-HANDLE-REPAIR-PARTS","FA256__COLUMBIA-MATRIX-HANDLE-REPAIR-PARTS","FA256 - 8-32 x 3/16"" Pan Slot","COL-FA256-8-32-X-3-16-PAN-SLOT-FA256-COLUMBIA-MATRIX-HA","FA256__COLUMBIA-MATRIX-HANDLE-REPAIR-PARTS","FA256 - 8-32 x 3/16"" Pan Slot","true"
"COL-COLUMBIA-MATRIX-HANDLE-REPAIR-PARTS","FA258__COLUMBIA-MATRIX-HANDLE-REPAIR-PARTS","FA258 - 8-32 x 1/4"" Half Dog Set","COL-FA258-8-32-X-1-4-HALF-DOG-SET-FA258-COLUMBIA-MATRIX-HA","FA258__COLUMBIA-MATRIX-HANDLE-REPAIR-PARTS","FA258 - 8-32 x 1/4"" Half Dog Set","true"
"COL-COLUMBIA-MATRIX-HANDLE-REPAIR-PARTS","FA317","FA317 - 5/32"" x 7/8"" Roll Pin","COL-FA317-5-32-X-7-8-ROLL-PIN","FA317","FA317 - 5/32"" x 7/8"" Roll Pin","true"
"COL-COLUMBIA-MATRIX-HANDLE-REPAIR-PARTS","FA365","FA365 - 3/16 x 1"" Sping Pin SS","COL-FA365-3-16-X-1-SPING-PIN-SS","FA365","FA365 - 3/16 x 1"" Sping Pin SS","true"
"COL-COLUMBIA-MATRIX-HANDLE-REPAIR-PARTS","FA376","FA376 - 8-32 x 5/16 SS Socket Head","COL-FA376-8-32-X-5-16-SS-SOCKET-HEAD","FA376","FA376 - 8-32 x 5/16 SS Socket Head","true"
"COL-COLUMBIA-MATRIX-HANDLE-REPAIR-PARTS","FA379","FA379 - 1/4"" SS E-Clip","COL-FA379-1-4-SS-E-CLIP","FA379","FA379 - 1/4"" SS E-Clip","true"
"COL-COLUMBIA-MATRIX-HANDLE-REPAIR-PARTS","FA380","FA380 - 1/8"" SS E-Clip","COL-FA380-1-8-SS-E-CLIP","FA380","FA380 - 1/8"" SS E-Clip","true"
"COL-COLUMBIA-MATRIX-HANDLE-REPAIR-PARTS","FA382","FA382 - 10-32 x 1/4"" SS Set Screw","COL-FA382-10-32-X-1-4-SS-SET-SCREW","FA382","FA382 - 10-32 x 1/4"" SS Set Screw","true"
"COL-COLUMBIA-MATRIX-HANDLE-REPAIR-PARTS","HH5","HH5 - Extension Housing","COL-HH5-EXTENSION-HOUSING","HH5","HH5 - Extension Housing","true"
"COL-COLUMBIA-MATRIX-HANDLE-REPAIR-PARTS","HH8__COLUMBIA-MATRIX-HANDLE-REPAIR-PARTS","HH8 - Handle Tube","COL-HH8-HANDLE-TUBE","HH8__COLUMBIA-MATRIX-HANDLE-REPAIR-PARTS","HH8 - Handle Tube","true"
"COL-COLUMBIA-MATRIX-HANDLE-REPAIR-PARTS","HH30","HH30 - Extension Release Trigger","COL-HH30-EXTENSION-RELEASE-TRIGGER","HH30","HH30 - Extension Release Trigger","true"
"COL-COLUMBIA-MATRIX-HANDLE-REPAIR-PARTS","HH31","HH31 - Release Clip Pin","COL-HH31-RELEASE-CLIP-PIN","HH31","HH31 - Release Clip Pin","true"
"COL-COLUMBIA-MATRIX-HANDLE-REPAIR-PARTS","HH32","HH32 - Release Clip Washer","COL-HH32-RELEASE-CLIP-WASHER","HH32","HH32 - Release Clip Washer","true"
"COL-COLUMBIA-MATRIX-HANDLE-REPAIR-PARTS","HH33","HH33 - Rlease Trigger Spring","COL-HH33-RLEASE-TRIGGER-SPRING","HH33","HH33 - Rlease Trigger Spring","true"
"COL-COLUMBIA-MATRIX-HANDLE-REPAIR-PARTS","HH35__COLUMBIA-MATRIX-HANDLE-REPAIR-PARTS","HH35 - Handle Grip","COL-HH35-HANDLE-GRIP-HH35-COLUMBIA-MATRIX-HAN","HH35__COLUMBIA-MATRIX-HANDLE-REPAIR-PARTS","HH35 - Handle Grip","true"
"COL-COLUMBIA-MATRIX-HANDLE-REPAIR-PARTS","MH1","MH1 - Handle Mount Plate","COL-MH1-HANDLE-MOUNT-PLATE","MH1","MH1 - Handle Mount Plate","false"
"COL-COLUMBIA-MATRIX-HANDLE-REPAIR-PARTS","MH2","MH2 - Matrix Handle Head","COL-MH2-MATRIX-HANDLE-HEAD","MH2","MH2 - Matrix Handle Head","true"
"COL-COLUMBIA-MATRIX-HANDLE-REPAIR-PARTS","MH3","MH3 - Lower Mount Bracket","COL-MH3-LOWER-MOUNT-BRACKET","MH3","MH3 - Lower Mount Bracket","true"
"COL-COLUMBIA-MATRIX-HANDLE-REPAIR-PARTS","MH3A","MH3A - Mounting Bracket Stem","COL-MH3A-MOUNTING-BRACKET-STEM","MH3A","MH3A - Mounting Bracket Stem","true"
"COL-COLUMBIA-MATRIX-HANDLE-REPAIR-PARTS","MH4","MH4 - Handle Grip","COL-MH4-HANDLE-GRIP","MH4","MH4 - Handle Grip","true"
"COL-COLUMBIA-MATRIX-HANDLE-REPAIR-PARTS","MH5","MH5 - Connecting Link Pin","COL-MH5-CONNECTING-LINK-PIN","MH5","MH5 - Connecting Link Pin","true"
"COL-COLUMBIA-MATRIX-HANDLE-REPAIR-PARTS","MH6","MH6 - Hinge Pin","COL-MH6-HINGE-PIN","MH6","MH6 - Hinge Pin","true"
"COL-COLUMBIA-MATRIX-HANDLE-REPAIR-PARTS","MH7","MH7 - Connecting Link Fork","COL-MH7-CONNECTING-LINK-FORK","MH7","MH7 - Connecting Link Fork","true"
"COL-COLUMBIA-MATRIX-HANDLE-REPAIR-PARTS","MH8","MH8 - Brake Rod Bushing","COL-MH8-BRAKE-ROD-BUSHING","MH8","MH8 - Brake Rod Bushing","true"
"COL-COLUMBIA-MATRIX-HANDLE-REPAIR-PARTS","MH9A","MH9A - Brake Activation Rod","COL-MH9A-BRAKE-ACTIVATION-ROD","MH9A","MH9A - Brake Activation Rod","true"
"COL-COLUMBIA-MATRIX-HANDLE-REPAIR-PARTS","MH10","MH10 - Octagon","COL-MH10-OCTAGON","MH10","MH10 - Octagon","true"
"COL-COLUMBIA-MATRIX-HANDLE-REPAIR-PARTS","MH11","MH11 - Handle Grip Bushing","COL-MH11-HANDLE-GRIP-BUSHING","MH11","MH11 - Handle Grip Bushing","true"
"COL-COLUMBIA-MATRIX-HANDLE-REPAIR-PARTS","MH12","MH12 - PinchBrake Spring","COL-MH12-PINCHBRAKE-SPRING","MH12","MH12 - PinchBrake Spring","true"
"COL-COLUMBIA-MATRIX-HANDLE-REPAIR-PARTS","MH13","MH13 - Large Nyliner Bushing","COL-MH13-LARGE-NYLINER-BUSHING","MH13","MH13 - Large Nyliner Bushing","true"
"COL-COLUMBIA-MATRIX-HANDLE-REPAIR-PARTS","MH15","MH15 - Pinch Brake Activator","COL-MH15-PINCH-BRAKE-ACTIVATOR","MH15","MH15 - Pinch Brake Activator","true"
"COL-COLUMBIA-MATRIX-HANDLE-REPAIR-PARTS","MH16","MH16 - Connecting Rod Housing","COL-MH16-CONNECTING-ROD-HOUSING","MH16","MH16 - Connecting Rod Housing","true"
"COL-COLUMBIA-MATRIX-HANDLE-REPAIR-PARTS","MH17","MH17 - Pinch Brake","COL-MH17-PINCH-BRAKE","MH17","MH17 - Pinch Brake","true"
"COL-COLUMBIA-MATRIX-HANDLE-REPAIR-PARTS","MH18","MH18 - Pinch Brake Housing","COL-MH18-PINCH-BRAKE-HOUSING","MH18","MH18 - Pinch Brake Housing","true"
"COL-COLUMBIA-MATRIX-HANDLE-REPAIR-PARTS","MH19","MH19 - Pinch Brake Sleeve","COL-MH19-PINCH-BRAKE-SLEEVE","MH19","MH19 - Pinch Brake Sleeve","true"
"COL-COLUMBIA-MATRIX-HANDLE-REPAIR-PARTS","MH20","MH20 - Small Nyliner Bushing","COL-MH20-SMALL-NYLINER-BUSHING","MH20","MH20 - Small Nyliner Bushing","true"
"COL-COLUMBIA-MATRIX-HANDLE-REPAIR-PARTS","MH21","MH21 - Grip Adjuster Housing","COL-MH21-GRIP-ADJUSTER-HOUSING","MH21","MH21 - Grip Adjuster Housing","true"
"COL-COLUMBIA-MATRIX-HANDLE-REPAIR-PARTS","MH22","MH22 - Grip Adjustment Pin","COL-MH22-GRIP-ADJUSTMENT-PIN","MH22","MH22 - Grip Adjustment Pin","true"
"COL-COLUMBIA-MATRIX-HANDLE-REPAIR-PARTS","MH23","MH23 - Grip Adjusting Fastener","COL-MH23-GRIP-ADJUSTING-FASTENER","MH23","MH23 - Grip Adjusting Fastener","true"
"COL-COLUMBIA-MATRIX-HANDLE-REPAIR-PARTS","MH24","MH24 - Pinch Brake Bushing","COL-MH24-PINCH-BRAKE-BUSHING","MH24","MH24 - Pinch Brake Bushing","true"
"COL-COLUMBIA-MATRIX-HANDLE-REPAIR-PARTS","MH25","MH25 - Pinch Brake Stem","COL-MH25-PINCH-BRAKE-STEM","MH25","MH25 - Pinch Brake Stem","true"
"COL-COLUMBIA-TOMAHAWK-REPLACEMENT-SKIMMING-BLADE","SB2-7","Columbia Tomahawk Replacement Skimming Blade - 7""","COL-COLUMBIA-TOMAHAWK-REPLACEMENT-SKIMMING-BLADE-7","SB2-7","Columbia Tomahawk Replacement Skimming Blade - 7""","true"
"COL-COLUMBIA-TOMAHAWK-REPLACEMENT-SKIMMING-BLADE","SB2-10","Columbia Tomahawk Replacement Skimming Blade - 10""","COL-COLUMBIA-TOMAHAWK-REPLACEMENT-SKIMMING-BLADE-10","SB2-10","Columbia Tomahawk Replacement Skimming Blade - 10""","true"
"COL-COLUMBIA-TOMAHAWK-REPLACEMENT-SKIMMING-BLADE","SB2-12","Columbia Tomahawk Replacement Skimming Blade - 12""","COL-COLUMBIA-TOMAHAWK-REPLACEMENT-SKIMMING-BLADE-12","SB2-12","Columbia Tomahawk Replacement Skimming Blade - 12""","true"
"COL-COLUMBIA-TOMAHAWK-REPLACEMENT-SKIMMING-BLADE","SB2-14","Columbia Tomahawk Replacement Skimming Blade - 14""","COL-COLUMBIA-TOMAHAWK-REPLACEMENT-SKIMMING-BLADE-14","SB2-14","Columbia Tomahawk Replacement Skimming Blade - 14""","true"
"COL-COLUMBIA-TOMAHAWK-REPLACEMENT-SKIMMING-BLADE","SB2-18","Columbia Tomahawk Replacement Skimming Blade - 18""","COL-COLUMBIA-TOMAHAWK-REPLACEMENT-SKIMMING-BLADE-18","SB2-18","Columbia Tomahawk Replacement Skimming Blade - 18""","true"
"COL-COLUMBIA-TOMAHAWK-REPLACEMENT-SKIMMING-BLADE","SB2-24","Columbia Tomahawk Replacement Skimming Blade - 24""","COL-COLUMBIA-TOMAHAWK-REPLACEMENT-SKIMMING-BLADE-24","SB2-24","Columbia Tomahawk Replacement Skimming Blade - 24""","true"
"COL-COLUMBIA-TOMAHAWK-REPLACEMENT-SKIMMING-BLADE","SB2-32","Columbia Tomahawk Replacement Skimming Blade - 32""","COL-COLUMBIA-TOMAHAWK-REPLACEMENT-SKIMMING-BLADE-32","SB2-32","Columbia Tomahawk Replacement Skimming Blade - 32""","true"
"COL-COLUMBIA-TOMAHAWK-REPLACEMENT-SKIMMING-BLADE","SB2-40","Columbia Tomahawk Replacement Skimming Blade - 40""","COL-COLUMBIA-TOMAHAWK-REPLACEMENT-SKIMMING-BLADE-40","SB2-40","Columbia Tomahawk Replacement Skimming Blade - 40""","true"
"COL-COLUMBIA-TOMAHAWK-REPLACEMENT-SKIMMING-BLADE","SB2-48","Columbia Tomahawk Replacement Skimming Blade - 48""","COL-COLUMBIA-TOMAHAWK-REPLACEMENT-SKIMMING-BLADE-48","SB2-48","Columbia Tomahawk Replacement Skimming Blade - 48""","true"
"LVL5-LEVEL-5-AUTOMATIC-TAPER-REPAIR-KIT","4-815","4-815 - Taper Repair Kit","LVL5-4-815-TAPER-REPAIR-KIT","4-815","4-815 - Taper Repair Kit","true"
"LVL5-LEVEL-5-AUTOMATIC-TAPER-REPAIR-KIT","4-816","4-816 - Taper Rebuild Kit","LVL5-4-816-TAPER-REBUILD-KIT","4-816","4-816 - Taper Rebuild Kit","true"
"LVL5-LEVEL-5-AUTOMATIC-TAPER-REPAIR-KIT","4-817","4-817 - Gooser Assembly","LVL5-4-817-GOOSER-ASSEMBLY","4-817","4-817 - Gooser Assembly","true"
"LVL5-LEVEL-5-AUTOMATIC-TAPER-REPAIR-KIT","4-818","4-818 - Drive Dog Assembly","LVL5-4-818-DRIVE-DOG-ASSEMBLY","4-818","4-818 - Drive Dog Assembly","true"
"LVL5-LEVEL-5-AUTOMATIC-TAPER-REPAIR-KIT","4-821","4-821 - 10 Pack Pyramid Blades","LVL5-4-821-10-PACK-PYRAMID-BLADES","4-821","4-821 - 10 Pack Pyramid Blades","true"
"LVL5-LEVEL-5-AUTOMATIC-TAPER-REPAIR-KIT","4-822","4-822 - 25 Pack Pyramid Blades","LVL5-4-822-25-PACK-PYRAMID-BLADES","4-822","4-822 - 25 Pack Pyramid Blades","true"
"LVL5-LEVEL-5-AUTOMATIC-TAPER-REPAIR-KIT","4-825","4-825 - Plunger Cup Assembly","LVL5-4-825-PLUNGER-CUP-ASSEMBLY","4-825","4-825 - Plunger Cup Assembly","true"
"LVL5-LEVEL-5-AUTOMATIC-TAPER-REPAIR-KIT","4-826","4-826 - Cover Plate Assembly","LVL5-4-826-COVER-PLATE-ASSEMBLY","4-826","4-826 - Cover Plate Assembly","true"
"LVL5-LEVEL-5-AUTOMATIC-TAPER-REPAIR-KIT","4-861","4-861 - Cutter Chain Assembly","LVL5-4-861-CUTTER-CHAIN-ASSEMBLY","4-861","4-861 - Cutter Chain Assembly","true"
"LVL5-LEVEL-5-COMPOUND-PUMP-REPAIR-PARTS","4-801","Level 5 Compound Pump Repair Parts - 4-801 - Rebuild Kit","LVL5-LEVEL-5-COMPOUND-PUMP-REPAIR-PARTS-4-801-REBUILD-KIT","4-801","Level 5 Compound Pump Repair Parts - 4-801 - Rebuild Kit","true"
"LVL5-LEVEL-5-COMPOUND-PUMP-REPAIR-PARTS","4-823","Level 5 Compound Pump Repair Parts - 4-823 - 10 Pack Pump Gaskets","LVL5-LEVEL-5-COMPOUND-PUMP-REPAIR-PARTS-4-823-10-PACK-PUMP-GASKETS","4-823","Level 5 Compound Pump Repair Parts - 4-823 - 10 Pack Pump Gaskets","true"
"LVL5-LEVEL-5-COMPOUND-PUMP-REPAIR-PARTS","4-824","Level 5 Compound Pump Repair Parts - 4-824 - 10 Pack Filler O-Rings","LVL5-LEVEL-5-COMPOUND-PUMP-REPAIR-PARTS-4-824-10-PACK-FILLER-O-RINGS","4-824","Level 5 Compound Pump Repair Parts - 4-824 - 10 Pack Filler O-Rings","true"
"LVL5-LEVEL-5-COMPOUND-PUMP-REPAIR-PARTS","4-860","Level 5 Compound Pump Repair Parts - 4-860 - Repair Kit","LVL5-LEVEL-5-COMPOUND-PUMP-REPAIR-PARTS-4-860-REPAIR-KIT","4-860","Level 5 Compound Pump Repair Parts - 4-860 - Repair Kit","false"
"LVL5-LEVEL-5-CORNER-FINISHER-BLADE-KIT","4-842","Level 5 Corner Finisher Blade Kit - 4-842 - 2.5""","LVL5-LEVEL-5-CORNER-FINISHER-BLADE-KIT-4-842-2-5","4-842","Level 5 Corner Finisher Blade Kit - 4-842 - 2.5""","true"
"LVL5-LEVEL-5-CORNER-FINISHER-BLADE-KIT","4-843","Level 5 Corner Finisher Blade Kit - 4-843 - 3""","LVL5-LEVEL-5-CORNER-FINISHER-BLADE-KIT-4-843-3","4-843","Level 5 Corner Finisher Blade Kit - 4-843 - 3""","true"
"LVL5-LEVEL-5-CORNER-FINISHER-BLADE-KIT","4-844","Level 5 Corner Finisher Blade Kit - 4-844 - 3.5""","LVL5-LEVEL-5-CORNER-FINISHER-BLADE-KIT-4-844-3-5","4-844","Level 5 Corner Finisher Blade Kit - 4-844 - 3.5""","true"
"LVL5-LEVEL-5-CORNER-FINISHER-MAINTENANCE-KIT","4-854","Level 5 Corner Finisher Maintenance Kit - 4-854 - 2.5""","LVL5-LEVEL-5-CORNER-FINISHER-MAINTENANCE-KIT-4-854-2-5","4-854","Level 5 Corner Finisher Maintenance Kit - 4-854 - 2.5""","true"
"LVL5-LEVEL-5-CORNER-FINISHER-MAINTENANCE-KIT","4-855","Level 5 Corner Finisher Maintenance Kit - 4-855 - 3""","LVL5-LEVEL-5-CORNER-FINISHER-MAINTENANCE-KIT-4-855-3","4-855","Level 5 Corner Finisher Maintenance Kit - 4-855 - 3""","true"
"LVL5-LEVEL-5-CORNER-FINISHER-MAINTENANCE-KIT","4-856","Level 5 Corner Finisher Maintenance Kit - 4-856 - 3.5""","LVL5-LEVEL-5-CORNER-FINISHER-MAINTENANCE-KIT-4-856-3-5","4-856","Level 5 Corner Finisher Maintenance Kit - 4-856 - 3.5""","false"
"LVL5-LEVEL-5-CORNER-FINISHER-MAINTENANCE-KIT","4-857","Level 5 Corner Finisher Maintenance Kit - 4-857 - 4""","LVL5-LEVEL-5-CORNER-FINISHER-MAINTENANCE-KIT-4-857-4","4-857","Level 5 Corner Finisher Maintenance Kit - 4-857 - 4""","true"
"LVL5-LEVEL-5-CORNER-FINISHER-REBUILD-KIT","4-850","Level 5 Corner Finisher Rebuild Kit - 4-850 - 2.5""","LVL5-LEVEL-5-CORNER-FINISHER-REBUILD-KIT-4-850-2-5","4-850","Level 5 Corner Finisher Rebuild Kit - 4-850 - 2.5""","true"
"LVL5-LEVEL-5-CORNER-FINISHER-REBUILD-KIT","4-851","Level 5 Corner Finisher Rebuild Kit - 4-851 - 3""","LVL5-LEVEL-5-CORNER-FINISHER-REBUILD-KIT-4-851-3","4-851","Level 5 Corner Finisher Rebuild Kit - 4-851 - 3""","true"
"LVL5-LEVEL-5-CORNER-FINISHER-REBUILD-KIT","4-852","Level 5 Corner Finisher Rebuild Kit - 4-852 - 3.5""","LVL5-LEVEL-5-CORNER-FINISHER-REBUILD-KIT-4-852-3-5","4-852","Level 5 Corner Finisher Rebuild Kit - 4-852 - 3.5""","true"
"LVL5-LEVEL-5-CORNER-FINISHER-REBUILD-KIT","4-853","Level 5 Corner Finisher Rebuild Kit - 4-853 - 4""","LVL5-LEVEL-5-CORNER-FINISHER-REBUILD-KIT-4-853-4","4-853","Level 5 Corner Finisher Rebuild Kit - 4-853 - 4""","true"
"LVL5-LEVEL-5-CLASSIC-FLAT-BOX-REPAIR-PARTS","4-805","4-805 - 7"" Flat Box Seal","LVL5-4-805-7-FLAT-BOX-SEAL","4-805","4-805 - 7"" Flat Box Seal","true"
"LVL5-LEVEL-5-CLASSIC-FLAT-BOX-REPAIR-PARTS","4-806","4-806 - 10"" Flat Box Seal","LVL5-4-806-10-FLAT-BOX-SEAL","4-806","4-806 - 10"" Flat Box Seal","true"
"LVL5-LEVEL-5-CLASSIC-FLAT-BOX-REPAIR-PARTS","4-807","4-807 - 12"" Flat Box Seal","LVL5-4-807-12-FLAT-BOX-SEAL","4-807","4-807 - 12"" Flat Box Seal","true"
"LVL5-LEVEL-5-CLASSIC-FLAT-BOX-REPAIR-PARTS","4-808","4-808 - Flat Box Wheel Repair Kit","LVL5-4-808-FLAT-BOX-WHEEL-REPAIR-KIT","4-808","4-808 - Flat Box Wheel Repair Kit","true"
"LVL5-LEVEL-5-CLASSIC-FLAT-BOX-REPAIR-PARTS","4-827","4-827 - 7"" Flat Box Axle Assembly","LVL5-4-827-7-FLAT-BOX-AXLE-ASSEMBLY","4-827","4-827 - 7"" Flat Box Axle Assembly","true"
"LVL5-LEVEL-5-CLASSIC-FLAT-BOX-REPAIR-PARTS","4-828","4-828 - 10"" Flat Box Axle Assembly","LVL5-4-828-10-FLAT-BOX-AXLE-ASSEMBLY","4-828","4-828 - 10"" Flat Box Axle Assembly","true"
"LVL5-LEVEL-5-CLASSIC-FLAT-BOX-REPAIR-PARTS","4-829","4-829 - 12"" Flat Box Axle Assembly","LVL5-4-829-12-FLAT-BOX-AXLE-ASSEMBLY","4-829","4-829 - 12"" Flat Box Axle Assembly","true"
"LVL5-LEVEL-5-CLASSIC-FLAT-BOX-REPAIR-PARTS","4-830","4-830 - 7"" Flat Box Blade (5 Pack)","LVL5-4-830-7-FLAT-BOX-BLADE-5-PACK","4-830","4-830 - 7"" Flat Box Blade (5 Pack)","true"
"LVL5-LEVEL-5-CLASSIC-FLAT-BOX-REPAIR-PARTS","4-831","4-831 - 10"" Flat Box Blade (5 Pack)","LVL5-4-831-10-FLAT-BOX-BLADE-5-PACK","4-831","4-831 - 10"" Flat Box Blade (5 Pack)","true"
"LVL5-LEVEL-5-CLASSIC-FLAT-BOX-REPAIR-PARTS","4-832","4-832 - 12"" Flat Box Blade (5 Pack)","LVL5-4-832-12-FLAT-BOX-BLADE-5-PACK","4-832","4-832 - 12"" Flat Box Blade (5 Pack)","true"
"LVL5-LEVEL-5-CLASSIC-FLAT-BOX-REPAIR-PARTS","4-833","4-833 - 7"" Flat Box Repair Kit","LVL5-4-833-7-FLAT-BOX-REPAIR-KIT","4-833","4-833 - 7"" Flat Box Repair Kit","true"
"LVL5-LEVEL-5-CLASSIC-FLAT-BOX-REPAIR-PARTS","4-834","4-834 - 10"" Brass Flat Box Repair Kit","LVL5-4-834-10-BRASS-FLAT-BOX-REPAIR-KIT","4-834","4-834 - 10"" Brass Flat Box Repair Kit","true"
"LVL5-LEVEL-5-CLASSIC-FLAT-BOX-REPAIR-PARTS","4-835","4-835 - 12"" Brass Flat Box Repair Kit","LVL5-4-835-12-BRASS-FLAT-BOX-REPAIR-KIT","4-835","4-835 - 12"" Brass Flat Box Repair Kit","true"
"TT-TAPETECH-CORNER-FINISHER-BLADE-KIT","PIP502F2","TapeTech Corner Finisher Blade Kit - 2""","TT-TAPETECH-CORNER-FINISHER-BLADE-KIT-2","PIP502F2","TapeTech Corner Finisher Blade Kit - 2""","true"
"TT-TAPETECH-CORNER-FINISHER-BLADE-KIT","PIP502F25","TapeTech Corner Finisher Blade Kit - 2.5""","TT-TAPETECH-CORNER-FINISHER-BLADE-KIT-2-5","PIP502F25","TapeTech Corner Finisher Blade Kit - 2.5""","true"
"TT-TAPETECH-CORNER-FINISHER-BLADE-KIT","PIP502F3","TapeTech Corner Finisher Blade Kit - 3""","TT-TAPETECH-CORNER-FINISHER-BLADE-KIT-3","PIP502F3","TapeTech Corner Finisher Blade Kit - 3""","true"
"TT-TAPETECH-CORNER-FINISHER-BLADE-KIT","PIP502F4","TapeTech Corner Finisher Blade Kit - 3"" EasyRoll","TT-TAPETECH-CORNER-FINISHER-BLADE-KIT-3-EASYROLL","PIP502F4","TapeTech Corner Finisher Blade Kit - 3"" EasyRoll","true"
"TT-TAPETECH-CORNER-FINISHER-BLADE-KIT","PIP502F4X","TapeTech Corner Finisher Blade Kit - 3.5"" EasyRoll","TT-TAPETECH-CORNER-FINISHER-BLADE-KIT-3-5-EASYROLL","PIP502F4X","TapeTech Corner Finisher Blade Kit - 3.5"" EasyRoll","true"
"TT-TAPETECH-CORNER-FINISHER-REPAIR-KIT","PIP501F2A","TapeTech Corner Finisher Repair Kit (No Wheels) - 2""","TT-TAPETECH-CORNER-FINISHER-REPAIR-KIT-NO-WHEELS-2","PIP501F2A","TapeTech Corner Finisher Repair Kit (No Wheels) - 2""","false"
"TT-TAPETECH-CORNER-FINISHER-REPAIR-KIT","PIP501F25A","TapeTech Corner Finisher Repair Kit (No Wheels) - 2.5""","TT-TAPETECH-CORNER-FINISHER-REPAIR-KIT-NO-WHEELS-2-5","PIP501F25A","TapeTech Corner Finisher Repair Kit (No Wheels) - 2.5""","true"
"TT-TAPETECH-CORNER-FINISHER-REPAIR-KIT","PIP501F3A","TapeTech Corner Finisher Repair Kit (No Wheels) - 3""","TT-TAPETECH-CORNER-FINISHER-REPAIR-KIT-NO-WHEELS-3","PIP501F3A","TapeTech Corner Finisher Repair Kit (No Wheels) - 3""","false"
"TT-TAPETECH-EASYROLL-CONVERSION-KIT-A","PIPEZROLL7-A","TapeTech EasyRoll® Conversion Kit A - 7""","TT-TAPETECH-EASYROLL-CONVERSION-KIT-A-7","PIPEZROLL7-A","TapeTech EasyRoll® Conversion Kit A - 7""","true"
"TT-TAPETECH-EASYROLL-CONVERSION-KIT-A","PIPEZROLL10-A","TapeTech EasyRoll® Conversion Kit A - 10""","TT-TAPETECH-EASYROLL-CONVERSION-KIT-A-10","PIPEZROLL10-A","TapeTech EasyRoll® Conversion Kit A - 10""","true"
"TT-TAPETECH-EASYROLL-CONVERSION-KIT-A","PIPEZROLL12-A","TapeTech EasyRoll® Conversion Kit A - 12""","TT-TAPETECH-EASYROLL-CONVERSION-KIT-A-12","PIPEZROLL12-A","TapeTech EasyRoll® Conversion Kit A - 12""","false"
"TT-TAPETECH-EZ-ROLL-ADJUSTABLE-CORNER-FINISHER-KIT","PIP501F4A","TapeTech EZ Roll Adjustable Corner Finisher Kit - 3"" EasyRoll","TT-TAPETECH-EZ-ROLL-ADJUSTABLE-CORNER-FINISHER-KIT-3-EASYROLL","PIP501F4A","TapeTech EZ Roll Adjustable Corner Finisher Kit - 3"" EasyRoll","true"
"TT-TAPETECH-EZ-ROLL-ADJUSTABLE-CORNER-FINISHER-KIT","PIP501F4AX","TapeTech EZ Roll Adjustable Corner Finisher Kit - 3.5"" EasyRoll","TT-TAPETECH-EZ-ROLL-ADJUSTABLE-CORNER-FINISHER-KIT-3-5-EASYROLL","PIP501F4AX","TapeTech EZ Roll Adjustable Corner Finisher Kit - 3.5"" EasyRoll","false"
"TT-TAPETECH-FLAT-BOX-REPAIR-KIT","PIP501C7","TapeTech Flat Box Repair Kit - 7""","TT-TAPETECH-FLAT-BOX-REPAIR-KIT-7","PIP501C7","TapeTech Flat Box Repair Kit - 7""","true"
"TT-TAPETECH-FLAT-BOX-REPAIR-KIT","PIP501C10","TapeTech Flat Box Repair Kit - 10""","TT-TAPETECH-FLAT-BOX-REPAIR-KIT-10","PIP501C10","TapeTech Flat Box Repair Kit - 10""","true"
"TT-TAPETECH-FLAT-BOX-REPAIR-KIT","PIP501C12","TapeTech Flat Box Repair Kit - 12""","TT-TAPETECH-FLAT-BOX-REPAIR-KIT-12","PIP501C12","TapeTech Flat Box Repair Kit - 12""","false"
"TT-TAPETECH-REPLACEMENT-FINISHING-KNIFE-BLADE-2-PACK","PFB07","TapeTech Replacement Finishing Knife Blade (2 pack) - 7""","TT-TAPETECH-REPLACEMENT-FINISHING-KNIFE-BLADE-2-PACK-7","PFB07","TapeTech Replacement Finishing Knife Blade (2 pack) - 7""","true"
"TT-TAPETECH-REPLACEMENT-FINISHING-KNIFE-BLADE-2-PACK","PFB12","TapeTech Replacement Finishing Knife Blade (2 pack) - 12""","TT-TAPETECH-REPLACEMENT-FINISHING-KNIFE-BLADE-2-PACK-12","PFB12","TapeTech Replacement Finishing Knife Blade (2 pack) - 12""","true"
"TT-TAPETECH-REPLACEMENT-FINISHING-KNIFE-BLADE-2-PACK","PFB14","TapeTech Replacement Finishing Knife Blade (2 pack) - 14""","TT-TAPETECH-REPLACEMENT-FINISHING-KNIFE-BLADE-2-PACK-14","PFB14","TapeTech Replacement Finishing Knife Blade (2 pack) - 14""","true"
"TT-TAPETECH-REPLACEMENT-FINISHING-KNIFE-BLADE-2-PACK","PFB18","TapeTech Replacement Finishing Knife Blade (2 pack) - 18""","TT-TAPETECH-REPLACEMENT-FINISHING-KNIFE-BLADE-2-PACK-18","PFB18","TapeTech Replacement Finishing Knife Blade (2 pack) - 18""","true"
"TT-TAPETECH-REPLACEMENT-FINISHING-KNIFE-BLADE-2-PACK","PFB24","TapeTech Replacement Finishing Knife Blade (2 pack) - 24""","TT-TAPETECH-REPLACEMENT-FINISHING-KNIFE-BLADE-2-PACK-24","PFB24","TapeTech Replacement Finishing Knife Blade (2 pack) - 24""","true"
"TT-TAPETECH-REPLACEMENT-FINISHING-KNIFE-BLADE-2-PACK","PFB32","TapeTech Replacement Finishing Knife Blade (2 pack) - 32""","TT-TAPETECH-REPLACEMENT-FINISHING-KNIFE-BLADE-2-PACK-32","PFB32","TapeTech Replacement Finishing Knife Blade (2 pack) - 32""","true"
"TT-TAPETECH-REPLACEMENT-FINISHING-KNIFE-BLADE-2-PACK","PFB40","TapeTech Replacement Finishing Knife Blade (2 pack) - 40""","TT-TAPETECH-REPLACEMENT-FINISHING-KNIFE-BLADE-2-PACK-40","PFB40","TapeTech Replacement Finishing Knife Blade (2 pack) - 40""","true"
"TT-TAPETECH-REPLACEMENT-FINISHING-KNIFE-BLADE-2-PACK","PFB48","TapeTech Replacement Finishing Knife Blade (2 pack) - 48""","TT-TAPETECH-REPLACEMENT-FINISHING-KNIFE-BLADE-2-PACK-48","PFB48","TapeTech Replacement Finishing Knife Blade (2 pack) - 48""","true"
