sku,component_sku,quantity
SACS,TCS,1
SACS,2.5SF,1
SACS,3SF,1
SACS,CMT42,1
SACS,C1HEXT,1
SACS,C1H,1
SACS,AHA,1
SACS,CFLT,1
SACS,ICATW,1
SACS,CR,1
4-605,4-771,1
4-605,4-765,1
4-605,4-766,1
4-605,4-780,1
4-629,4-771,1
4-629,4-768,1
4-629,4-769,1
4-629,4-780,1
4-602,4-771,1
4-602,4-765,1
4-602,4-766,1
4-602,4-712,1
4-602,4-733,1
4-602,4-779,1
4-602,4-701,1
4-602,4-778,1
4-602,4-707,1
4-602,4-777,1
4-630,4-760,1
4-630,4-714,1
4-630,4-771,1
4-630,4-707,1
4-630,4-777,1
PT-FIN,PT-10FB,1
PT-FIN,PT-12FB,1
PT-FIN,PT-CR,1
PT-FIN,PT-CA8,1
PT-FIN,PT-3CF,1
PT-FIN,PT-CP,1
PT-FIN,PT-BF,1
PT-FIN,PT-BH42,1
PT-FIN,PT-CRH50,1
PT-FIN,PT-CAH50,1
PT-FIN,PT-CFH50,1
TTSFS,07TT,1
TTSFS,EZ10TT,1
TTSFS,EZ12TT,1
TTSFS,15TTE,1
TTSFS,42TT,1
TTSFS,48TT,1
TTSFS,CA08TT,1
TTSFS,76TT,1
TTSFS,85T,1
TTSFS,90T,1
TTSFS,CFA-TT,1
TTSFS,8042TT,1
TTSFS,XHTT,2
TTSFS-2,07TT,1
TTSFS-2,EZ10TT,1
TTSFS-2,EZ12TT,1
TTSFS-2,15TTE,1
TTSFS-2,42TT,1
TTSFS-2,48TT,1
TTSFS-2,CA08TT,1
TTSFS-2,76TT,2
TTSFS-2,85T,1
TTSFS-2,90T,1
TTSFS-2,CFA-TT,1
TTSFS-2,8042TT,1
TTSFS-2,XHTT,2
TTBBS,EZ10TT,1
TTBBS,EZ12TT,1
TTBBS,76TT,1
TTBBS,90T,1
TTBBS,88TTE,1
TTBTS,07TT,1
TTBTS,15TTE,1
TTBTS,48TT,1
TTBTS,76TT,1
TTBTS,85T,1
TTBTS,CFA-TT,1
TTBTS,FHTT,1
TTCFS,48TT,1
TTCFS,CA08TT,1
TTCFS,76TT,1
TTCFS,90T,1
TTCFS,XHTT,1
TTFINISH7/10,EZ07TT,1
TTFINISH7/10,EZ10TT,1
TTFINISH7/10,15TTE,1
TTFINISH7/10,FHTT,1
TTFINISH7/10,48TT,1
TTFINISH7/10,CFA-TT,1
TTFINISH7/10,FHTT,1
TTFINISH7/10,CA08TT,1
TTFINISH7/10,FHTT,1
TTFINISH7/10,76TT,1
TTFINISH7/10,90T,1
TTFINISH7/10,8042TT,1
TTFBC,EZ10TT,1
TTFBC,EZ12TT,1
TTFBC,76TT,1
TTFBC,90T,1
TTFBC,8042TT,1
TTFULL2SET,07TT,2
TTFULL2SET,76TT,2
TTFULL2SET,85T,2
TTFULL2SET,90T,2
TTFULL2SET,CFA-TT,2
TTFULL2SET,15TTE,2
TTFULL2SET,EZ10TT,2
TTFULL2SET,EZ12TT,2
TTFULL2SET,48TT,2
TTFULL2SET,CA08TT,2
TTFULL2SET,8042TT,2
TTFULL2SET,FHTT,6
TTPFB,14TT,1
TTPFB,17TT,1
TTPFB,16TT,1
TTPFB,16TT90,1
TTPFB,76TT,1
TTPFB,90T,1
TTPFB,CFA-TT,1
TTPFB,XHTT,1
TTPPS-EF,07TT,1
TTPPS-EF,PAHC10,1
TTPPS-EF,PAHC12,1
TTPPS-EF,15TTE,1
TTPPS-EF,42TT,1
TTPPS-EF,48TT,1
TTPPS-EF,NS02TT,1
TTPPS-EF,NS03TT,1
TTPPS-EF,14TT,1
TTPPS-EF,76TT,2
TTPPS-EF,85T,1
TTPPS-EF,90T,1
TTPPS-EF,CFA-TT,1
TTPPS-EF,XHTT,3
TTPPS-EF,88TTE,2
TTPPS,07TT,1
TTPPS,EZ10TT,1
TTPPS,EZ12TT,1
TTPPS,15TTE,1
TTPPS,42TT,1
TTPPS,48TT,1
TTPPS,CA08TT,1
TTPPS,NS02TT,1
TTPPS,NS03TT,1
TTPPS,76TT,2
TTPPS,85T,1
TTPPS,90T,1
TTPPS,CFA-TT,1
TTPPS,XHTT,3
TTPPS,88TTE,2
TTPSS,07TT,1
TTPSS,EZ10TT,1
TTPSS,EZ12TT,1
TTPSS,15TTE,1
TTPSS,48TT,1
TTPSS,CA08TT,1
TTPSS,76TT,1
TTPSS,85T,1
TTPSS,90T,1
TTPSS,CFA-TT,1
TTPSS,XHTT,2
TTFFS,EZ10TT,1
TTFFS,EZ12TT,1
TTFFS,15TTE,1
TTFFS,48TT,1
TTFFS,CA08TT,1
TTFFS,76TT,1
TTFFS,90T,1
TTFFS,CFA-TT,1
TTFFS,FHTT,1
TTFFS,8042TT,1
TTFTFS,07TT,1
TTFTFS,76TT,1
TTFTFS,85T,1
TTFTFS,90T,1
TTFTFS,15TTE,1
TTFTFS,8042TT,1
TTFTFS,EZ07TT,1
TTFTFS,EZ10TT,1
TTFTFS,48TT,1
TTFTFS,CA08TT,1
TTFTFS,FHTT,1
TTFTFS,CFA-TT,1
