bundle_sku,bundle_name,bundle_brand,bundle_type,bundle_kind,parent_sku,component_position,component_source_sku,component_veeqo_sku,component_name,quantity,component_status,notes
TS,Columbia Tactical Set,Columbia Tools,simple,toolset,,0,RC,RC,Road Case,1,ready,
TS,Columbia Tactical Set,Columbia Tools,simple,toolset,,1,TAPER,TAPER,Automatic Taper,1,ready,
TS,Columbia Tactical Set,Columbia Tools,simple,toolset,,2,10FFBA,10FFBA,10 in. Automatic Flat Box,1,ready,
TS,Columbia Tactical Set,Columbia Tools,simple,toolset,,3,12FFBA,12FFBA,12 in. Automatic Flat Box,1,ready,
TS,Columbia Tactical Set,Columbia Tools,simple,toolset,,4,MHS,MHS,Matrix Handle,1,ready,
TS,Columbia Tactical Set,Columbia Tools,simple,toolset,,5,,,7 in. Tomahawk Smoothing Blade,1,missing_source_sku,Component has no SKU in Woo include metadata.
TS,Columbia Tactical Set,Columbia Tools,simple,toolset,,6,,,24 in. Tomahawk Smoothing Blade,1,missing_source_sku,Component has no SKU in Woo include metadata.
TS,Columbia Tactical Set,Columbia Tools,simple,toolset,,7,8CFB,8CFB,8 in. Throttle Box,1,ready,
TS,Columbia Tactical Set,Columbia Tools,simple,toolset,,8,3AH,3AH,3 in. Angle Head,1,ready,
TS,Columbia Tactical Set,Columbia Tools,simple,toolset,,9,HMP,HMP,Hot Mud Pump,1,ready,
TS,Columbia Tactical Set,Columbia Tools,simple,toolset,,10,BF,BF,Box Filler,1,ready,
TS,Columbia Tactical Set,Columbia Tools,simple,toolset,,11,GN,GN,Gooseneck,1,ready,
TS,Columbia Tactical Set,Columbia Tools,simple,toolset,,12,CR,CR,Corner Roller,1,ready,
TS,Columbia Tactical Set,Columbia Tools,simple,toolset,,13,AHA,AHA,AHA Angle Head Adapter,1,ready,
TS,Columbia Tactical Set,Columbia Tools,simple,toolset,,14,3NS,3NS,3 in. Nail Spotter,1,ready,
TS,Columbia Tactical Set,Columbia Tools,simple,toolset,,15,C1H,C1H,Columbia One Handle,1,ready,
TS,Columbia Tactical Set,Columbia Tools,simple,toolset,,16,C1HEXT,C1HEXT,Columbia One EXT Handle,1,ready,
TS,Columbia Tactical Set,Columbia Tools,simple,toolset,,17,,,Sander Head and Twist-Lock Handle,1,missing_source_sku,Component has no SKU in Woo include metadata.
TS,Columbia Tactical Set,Columbia Tools,simple,toolset,,18,,,Tomalock Adapter,1,missing_source_sku,Component has no SKU in Woo include metadata.
TS,Columbia Tactical Set,Columbia Tools,simple,toolset,,19,,,"Repair Kits: AH-RK, FFBR9-10, FFBR9-12, FFBR7-7A, CTR-1",1,missing_source_sku,Component has no SKU in Woo include metadata.
PTS,Columbia Predator Tactical Set,Columbia Tools,simple,toolset,,0,RC,RC,Road Case,1,ready,
PTS,Columbia Predator Tactical Set,Columbia Tools,simple,toolset,,1,PTAPER,PTAPER,Predator Automatic Taper,1,ready,
PTS,Columbia Predator Tactical Set,Columbia Tools,simple,toolset,,2,10FFBA,10FFBA,10 in. Automatic Flat Box,1,ready,
PTS,Columbia Predator Tactical Set,Columbia Tools,simple,toolset,,3,12FFBA,12FFBA,12 in. Automatic Flat Box,1,ready,
PTS,Columbia Predator Tactical Set,Columbia Tools,simple,toolset,,4,MHS,MHS,Matrix Handle,1,ready,
PTS,Columbia Predator Tactical Set,Columbia Tools,simple,toolset,,5,,,7 in. Tomahawk Smoothing Blade,1,missing_source_sku,Component has no SKU in Woo include metadata.
PTS,Columbia Predator Tactical Set,Columbia Tools,simple,toolset,,6,,,24 in. Tomahawk Smoothing Blade,1,missing_source_sku,Component has no SKU in Woo include metadata.
PTS,Columbia Predator Tactical Set,Columbia Tools,simple,toolset,,7,8CFB,8CFB,8 in. Throttle Box,1,ready,
PTS,Columbia Predator Tactical Set,Columbia Tools,simple,toolset,,8,3AH,3AH,3 in. Angle Head,1,ready,
PTS,Columbia Predator Tactical Set,Columbia Tools,simple,toolset,,9,HMP,HMP,Hot Mud Pump,1,ready,
PTS,Columbia Predator Tactical Set,Columbia Tools,simple,toolset,,10,BF,BF,Box Filler,1,ready,
PTS,Columbia Predator Tactical Set,Columbia Tools,simple,toolset,,11,GN,GN,Gooseneck,1,ready,
PTS,Columbia Predator Tactical Set,Columbia Tools,simple,toolset,,12,CR,CR,Corner Roller,1,ready,
PTS,Columbia Predator Tactical Set,Columbia Tools,simple,toolset,,13,AHA,AHA,AHA Angle Head Adapter,1,ready,
PTS,Columbia Predator Tactical Set,Columbia Tools,simple,toolset,,14,3NS,3NS,3 in. Nail Spotter,1,ready,
PTS,Columbia Predator Tactical Set,Columbia Tools,simple,toolset,,15,C1H,C1H,Columbia One Handle,1,ready,
PTS,Columbia Predator Tactical Set,Columbia Tools,simple,toolset,,16,C1HEXT,C1HEXT,Columbia One EXT Handle,1,ready,
PTS,Columbia Predator Tactical Set,Columbia Tools,simple,toolset,,17,,,Sander Head and Twist-Lock Handle,1,missing_source_sku,Component has no SKU in Woo include metadata.
PTS,Columbia Predator Tactical Set,Columbia Tools,simple,toolset,,18,,,Tomalock Adapter,1,missing_source_sku,Component has no SKU in Woo include metadata.
PTS,Columbia Predator Tactical Set,Columbia Tools,simple,toolset,,19,,,"Repair Kits: AH-RK, FFBR9-10, FFBR9-12, FFBR7-7A, CTR-1",1,missing_source_sku,Component has no SKU in Woo include metadata.
SACS,Columbia Commando Set,Columbia Tools,simple,toolset,,0,TCS,TCS,Semi-Automatic Case,1,ready,
SACS,Columbia Commando Set,Columbia Tools,simple,toolset,,1,2.5SF,2.5SF,2.5 in. Standard Flusher,1,ready,
SACS,Columbia Commando Set,Columbia Tools,simple,toolset,,2,3SF,3SF,3 in. Standard Flusher,1,ready,
SACS,Columbia Commando Set,Columbia Tools,simple,toolset,,3,CMT42,CMT42,42 in. Compound Mud Tube,1,ready,
SACS,Columbia Commando Set,Columbia Tools,simple,toolset,,4,C1HEXT,C1HEXT,Columbia One Extendible Handle,1,ready,
SACS,Columbia Commando Set,Columbia Tools,simple,toolset,,5,C1H,C1H,Columbia One Fixed Handle,1,ready,
SACS,Columbia Commando Set,Columbia Tools,simple,toolset,,6,AHA,AHA,Angle Head Adapter,1,ready,
SACS,Columbia Commando Set,Columbia Tools,simple,toolset,,7,CFLT,CFLT,Flat Applicator Head,1,ready,
SACS,Columbia Commando Set,Columbia Tools,simple,toolset,,8,ICATW,ICATW,Two-Way Internal Applicator,1,ready,
SACS,Columbia Commando Set,Columbia Tools,simple,toolset,,9,CR,CR,Corner Roller Head,1,ready,
TWS,Columbia Warrior Set,Columbia Tools,simple,toolset,,0,TCS,TCS,Gun Case,1,ready,
TWS,Columbia Warrior Set,Columbia Tools,simple,toolset,,1,,,7 in. Tomahawk Smoothing Blade,1,missing_source_sku,Component has no SKU in Woo include metadata.
TWS,Columbia Warrior Set,Columbia Tools,simple,toolset,,2,,,12 in. Tomahawk Smoothing Blade,1,missing_source_sku,Component has no SKU in Woo include metadata.
TWS,Columbia Warrior Set,Columbia Tools,simple,toolset,,3,,,18 in. Tomahawk Smoothing Blade,1,missing_source_sku,Component has no SKU in Woo include metadata.
TWS,Columbia Warrior Set,Columbia Tools,simple,toolset,,4,,,32 in. Tomahawk Smoothing Blade,1,missing_source_sku,Component has no SKU in Woo include metadata.
TWS,Columbia Warrior Set,Columbia Tools,simple,toolset,,5,,,Tomalock Adapter,1,missing_source_sku,Component has no SKU in Woo include metadata.
TWS,Columbia Warrior Set,Columbia Tools,simple,toolset,,6,C1HEXT,C1HEXT,Columbia One EXT Handle,1,ready,
4-605,"LEVEL5 10""/12"" Box Set with Extendable Handle - Standard",LEVEL5,variation,kit,LV5-BOX-SET-10-12,0,4-771,4-771,Compound Pump,1,ready,
4-605,"LEVEL5 10""/12"" Box Set with Extendable Handle - Standard",LEVEL5,variation,kit,LV5-BOX-SET-10-12,1,4-765,4-765,10” Flat Box,1,ready,
4-605,"LEVEL5 10""/12"" Box Set with Extendable Handle - Standard",LEVEL5,variation,kit,LV5-BOX-SET-10-12,2,4-766,4-766,12” Flat Box,1,ready,
4-605,"LEVEL5 10""/12"" Box Set with Extendable Handle - Standard",LEVEL5,variation,kit,LV5-BOX-SET-10-12,3,4-780,4-780,40”- 62” Flat Box Handle,1,ready,
4-629,"LEVEL5 10""/12"" Box Set with Extendable Handle - Mega",LEVEL5,variation,kit,LV5-BOX-SET-10-12,0,4-771,4-771,Compound Pump,1,ready,
4-629,"LEVEL5 10""/12"" Box Set with Extendable Handle - Mega",LEVEL5,variation,kit,LV5-BOX-SET-10-12,1,4-768,4-768,10” Mega Flat Box,1,ready,
4-629,"LEVEL5 10""/12"" Box Set with Extendable Handle - Mega",LEVEL5,variation,kit,LV5-BOX-SET-10-12,2,4-769,4-769,12” Mega Flat Box,1,ready,
4-629,"LEVEL5 10""/12"" Box Set with Extendable Handle - Mega",LEVEL5,variation,kit,LV5-BOX-SET-10-12,3,4-780,4-780,40”- 62” Flat Box Handle,1,ready,
4-687P,LEVEL5 Finishing Set w/ Ext. Handles & MiniShot,LEVEL5,simple,kit,,0,4-771,4-771,Compound Pump,1,ready,
4-687P,LEVEL5 Finishing Set w/ Ext. Handles & MiniShot,LEVEL5,simple,kit,,1,4-768,4-768,10” Mega Flat Box,1,ready,
4-687P,LEVEL5 Finishing Set w/ Ext. Handles & MiniShot,LEVEL5,simple,kit,,2,4-769,4-769,12” Mega Flat Box,1,ready,
4-687P,LEVEL5 Finishing Set w/ Ext. Handles & MiniShot,LEVEL5,simple,kit,,3,4-780,4-780,40”- 62” Flat Box Handle,1,ready,
4-687P,LEVEL5 Finishing Set w/ Ext. Handles & MiniShot,LEVEL5,simple,kit,,4,4-733,4-733,3” Corner Finisher,1,ready,
4-687P,LEVEL5 Finishing Set w/ Ext. Handles & MiniShot,LEVEL5,simple,kit,,5,4-734,4-734,3.5” Corner Finisher,1,ready,
4-687P,LEVEL5 Finishing Set w/ Ext. Handles & MiniShot,LEVEL5,simple,kit,,6,4-795,4-795,31”- 50” Corner Finisher Handle,1,ready,
4-687P,LEVEL5 Finishing Set w/ Ext. Handles & MiniShot,LEVEL5,simple,kit,,7,4-772,4-772,MiniShot,1,ready,
4-687P,LEVEL5 Finishing Set w/ Ext. Handles & MiniShot,LEVEL5,simple,kit,,8,4-707,4-707,Corner Roller,1,ready,
4-687P,LEVEL5 Finishing Set w/ Ext. Handles & MiniShot,LEVEL5,simple,kit,,9,4-792,4-792,31”- 50” Corner Roller Handle,1,ready,
4-687P,LEVEL5 Finishing Set w/ Ext. Handles & MiniShot,LEVEL5,simple,kit,,10,5-623,5-623,Bonus Hand Tool Set (as printed: 4-623),1,missing_veeqo_sku,Component SKU was not found in Veeqo import.
4-600P,LEVEL5 Entry to Automatic Finishing Set - With Automatic Taper,LEVEL5,variation,kit,LV5-ENTRY-FINISHING-SET,0,4-760,4-760,Automatic Taper,1,ready,
4-600P,LEVEL5 Entry to Automatic Finishing Set - With Automatic Taper,LEVEL5,variation,kit,LV5-ENTRY-FINISHING-SET,1,4-714,4-714,Gooseneck Filler Tube,1,ready,
4-600P,LEVEL5 Entry to Automatic Finishing Set - With Automatic Taper,LEVEL5,variation,kit,LV5-ENTRY-FINISHING-SET,2,4-771,4-771,Compound Pump,1,ready,
4-600P,LEVEL5 Entry to Automatic Finishing Set - With Automatic Taper,LEVEL5,variation,kit,LV5-ENTRY-FINISHING-SET,3,4-765,4-765,10” Flat Box,1,ready,
4-600P,LEVEL5 Entry to Automatic Finishing Set - With Automatic Taper,LEVEL5,variation,kit,LV5-ENTRY-FINISHING-SET,4,4-766,4-766,12” Flat Box,1,ready,
4-600P,LEVEL5 Entry to Automatic Finishing Set - With Automatic Taper,LEVEL5,variation,kit,LV5-ENTRY-FINISHING-SET,5,4-712,4-712,42” Flat Box Handle,1,ready,
4-600P,LEVEL5 Entry to Automatic Finishing Set - With Automatic Taper,LEVEL5,variation,kit,LV5-ENTRY-FINISHING-SET,6,4-733,4-733,3” Corner Finisher,1,ready,
4-600P,LEVEL5 Entry to Automatic Finishing Set - With Automatic Taper,LEVEL5,variation,kit,LV5-ENTRY-FINISHING-SET,7,4-779,4-779,54” Corner Finisher Handle,1,ready,
4-600P,LEVEL5 Entry to Automatic Finishing Set - With Automatic Taper,LEVEL5,variation,kit,LV5-ENTRY-FINISHING-SET,8,4-701,4-701,7” Corner Applicator,1,ready,
4-600P,LEVEL5 Entry to Automatic Finishing Set - With Automatic Taper,LEVEL5,variation,kit,LV5-ENTRY-FINISHING-SET,9,4-778,4-778,54” Corner Applicator Handle,1,ready,
4-600P,LEVEL5 Entry to Automatic Finishing Set - With Automatic Taper,LEVEL5,variation,kit,LV5-ENTRY-FINISHING-SET,10,4-707,4-707,Corner Roller,1,ready,
4-600P,LEVEL5 Entry to Automatic Finishing Set - With Automatic Taper,LEVEL5,variation,kit,LV5-ENTRY-FINISHING-SET,11,5-777,5-777,50” Corner Roller Handle (as printed: 5-777),1,ready,
4-600P,LEVEL5 Entry to Automatic Finishing Set - With Automatic Taper,LEVEL5,variation,kit,LV5-ENTRY-FINISHING-SET,12,5-623,5-623,Bonus Hand Tool Set,1,missing_veeqo_sku,Component SKU was not found in Veeqo import.
4-602,LEVEL5 Entry to Automatic Finishing Set - Tools Only,LEVEL5,variation,kit,LV5-ENTRY-FINISHING-SET,0,4-771,4-771,Compound Pump,1,ready,
4-602,LEVEL5 Entry to Automatic Finishing Set - Tools Only,LEVEL5,variation,kit,LV5-ENTRY-FINISHING-SET,1,4-765,4-765,10” Flat Box,1,ready,
4-602,LEVEL5 Entry to Automatic Finishing Set - Tools Only,LEVEL5,variation,kit,LV5-ENTRY-FINISHING-SET,2,4-766,4-766,12” Flat Box,1,ready,
4-602,LEVEL5 Entry to Automatic Finishing Set - Tools Only,LEVEL5,variation,kit,LV5-ENTRY-FINISHING-SET,3,4-712,4-712,42” Flat Box Handle,1,ready,
4-602,LEVEL5 Entry to Automatic Finishing Set - Tools Only,LEVEL5,variation,kit,LV5-ENTRY-FINISHING-SET,4,4-733,4-733,3” Corner Finisher,1,ready,
4-602,LEVEL5 Entry to Automatic Finishing Set - Tools Only,LEVEL5,variation,kit,LV5-ENTRY-FINISHING-SET,5,4-779,4-779,54” Corner Finisher Handle,1,ready,
4-602,LEVEL5 Entry to Automatic Finishing Set - Tools Only,LEVEL5,variation,kit,LV5-ENTRY-FINISHING-SET,6,4-701,4-701,7” Corner Applicator Box,1,ready,
4-602,LEVEL5 Entry to Automatic Finishing Set - Tools Only,LEVEL5,variation,kit,LV5-ENTRY-FINISHING-SET,7,4-778,4-778,50” Corner Applicator Handle,1,ready,
4-602,LEVEL5 Entry to Automatic Finishing Set - Tools Only,LEVEL5,variation,kit,LV5-ENTRY-FINISHING-SET,8,4-707,4-707,Corner Roller,1,ready,
4-602,LEVEL5 Entry to Automatic Finishing Set - Tools Only,LEVEL5,variation,kit,LV5-ENTRY-FINISHING-SET,9,4-777,4-777,54” Corner Roller Handle,1,ready,
4-661P,LEVEL5 The Full Taping Set w/ Ext. Handles & MiniShot,LEVEL5,simple,kit,,0,4-760,4-760,Automatic Taper,1,ready,
4-661P,LEVEL5 The Full Taping Set w/ Ext. Handles & MiniShot,LEVEL5,simple,kit,,1,4-714,4-714,Gooseneck Filler Tube,1,ready,
4-661P,LEVEL5 The Full Taping Set w/ Ext. Handles & MiniShot,LEVEL5,simple,kit,,2,4-771,4-771,Compound Pump,1,ready,
4-661P,LEVEL5 The Full Taping Set w/ Ext. Handles & MiniShot,LEVEL5,simple,kit,,3,4-765,4-765,10” Flat Box,1,ready,
4-661P,LEVEL5 The Full Taping Set w/ Ext. Handles & MiniShot,LEVEL5,simple,kit,,4,4-766,4-766,12” Flat Box,1,ready,
4-661P,LEVEL5 The Full Taping Set w/ Ext. Handles & MiniShot,LEVEL5,simple,kit,,5,4-780,4-780,40”- 62” Flat Box Handle,1,ready,
4-661P,LEVEL5 The Full Taping Set w/ Ext. Handles & MiniShot,LEVEL5,simple,kit,,6,4-733,4-733,3” Corner Finisher,1,ready,
4-661P,LEVEL5 The Full Taping Set w/ Ext. Handles & MiniShot,LEVEL5,simple,kit,,7,4-795,4-795,31”- 50” Corner Finisher Handle,1,ready,
4-661P,LEVEL5 The Full Taping Set w/ Ext. Handles & MiniShot,LEVEL5,simple,kit,,8,4-772,4-772,MiniShot,1,ready,
4-661P,LEVEL5 The Full Taping Set w/ Ext. Handles & MiniShot,LEVEL5,simple,kit,,9,4-707,4-707,Corner Roller,1,ready,
4-661P,LEVEL5 The Full Taping Set w/ Ext. Handles & MiniShot,LEVEL5,simple,kit,,10,4-792,4-792,31”- 50” Corner Roller Handle,1,ready,
4-661P,LEVEL5 The Full Taping Set w/ Ext. Handles & MiniShot,LEVEL5,simple,kit,,11,5-623,5-623,Bonus Hand Tool Set,1,missing_veeqo_sku,Component SKU was not found in Veeqo import.
4-630,LEVEL5 The Starter Taping Set,LEVEL5,simple,kit,,0,4-760,4-760,Automatic Taper,1,ready,
4-630,LEVEL5 The Starter Taping Set,LEVEL5,simple,kit,,1,4-714,4-714,Gooseneck Filler Tube,1,ready,
4-630,LEVEL5 The Starter Taping Set,LEVEL5,simple,kit,,2,4-771,4-771,Compound Pump,1,ready,
4-630,LEVEL5 The Starter Taping Set,LEVEL5,simple,kit,,3,4-707,4-707,Corner Roller,1,ready,
4-630,LEVEL5 The Starter Taping Set,LEVEL5,simple,kit,,4,4-777,4-777,50” Corner Roller Handle,1,ready,
4-677P,LEVEL5 The Ultimate Taping & Finishing Set,LEVEL5,simple,kit,,0,4-760,4-760,Automatic Taper,1,ready,
4-677P,LEVEL5 The Ultimate Taping & Finishing Set,LEVEL5,simple,kit,,1,4-714,4-714,Gooseneck Filler Tube,1,ready,
4-677P,LEVEL5 The Ultimate Taping & Finishing Set,LEVEL5,simple,kit,,2,4-771,4-771,Compound Pump,2,ready,
4-677P,LEVEL5 The Ultimate Taping & Finishing Set,LEVEL5,simple,kit,,3,4-764,4-764,7” Flat Box,1,ready,
4-677P,LEVEL5 The Ultimate Taping & Finishing Set,LEVEL5,simple,kit,,4,4-765,4-765,10” Flat Box,1,ready,
4-677P,LEVEL5 The Ultimate Taping & Finishing Set,LEVEL5,simple,kit,,5,4-766,4-766,12” Flat Box,1,ready,
4-677P,LEVEL5 The Ultimate Taping & Finishing Set,LEVEL5,simple,kit,,6,4-712,4-712,42” Flat Box Handle,1,ready,
4-677P,LEVEL5 The Ultimate Taping & Finishing Set,LEVEL5,simple,kit,,7,4-733,4-733,3” Corner Finisher,1,ready,
4-677P,LEVEL5 The Ultimate Taping & Finishing Set,LEVEL5,simple,kit,,8,4-734,4-734,3.5” Corner Finisher,1,ready,
4-677P,LEVEL5 The Ultimate Taping & Finishing Set,LEVEL5,simple,kit,,9,4-795,4-795,31”- 50” Corner Finisher Handle,1,ready,
4-677P,LEVEL5 The Ultimate Taping & Finishing Set,LEVEL5,simple,kit,,10,4-772,4-772,MiniShot,1,ready,
4-677P,LEVEL5 The Ultimate Taping & Finishing Set,LEVEL5,simple,kit,,11,4-707,4-707,Corner Roller,1,ready,
4-677P,LEVEL5 The Ultimate Taping & Finishing Set,LEVEL5,simple,kit,,12,4-755,4-755,3” Nail Spotter,1,ready,
4-677P,LEVEL5 The Ultimate Taping & Finishing Set,LEVEL5,simple,kit,,13,4-792,4-792,31”- 50” Corner Roller/Nail Spotter Handle,2,ready,
4-677P,LEVEL5 The Ultimate Taping & Finishing Set,LEVEL5,simple,kit,,14,4-862,4-862,Outsider Wheel Kit,1,missing_veeqo_sku,Component SKU was not found in Veeqo import.
4-677P,LEVEL5 The Ultimate Taping & Finishing Set,LEVEL5,simple,kit,,15,5-623,5-623,Bonus Hand Tool Set,1,missing_veeqo_sku,Component SKU was not found in Veeqo import.
PT-FIN,Platinum Drywall Starter Finishing Set,Platinum Drywall Tools,simple,kit,,0,PT-10FB,PT-10FB,10 in. Flat Finishing Box,1,ready,
PT-FIN,Platinum Drywall Starter Finishing Set,Platinum Drywall Tools,simple,kit,,1,PT-12FB,PT-12FB,12 in. Flat Finishing Box,1,ready,
PT-FIN,Platinum Drywall Starter Finishing Set,Platinum Drywall Tools,simple,kit,,2,PT-CR,PT-CR,Inside Corner Roller,1,ready,
PT-FIN,Platinum Drywall Starter Finishing Set,Platinum Drywall Tools,simple,kit,,3,PT-CA8,PT-CA8,8 in. Corner Applicator / Angle Box,1,ready,
PT-FIN,Platinum Drywall Starter Finishing Set,Platinum Drywall Tools,simple,kit,,4,PT-3CF,PT-3CF,3 in. Angle Head Corner Finisher with Wheels,1,ready,
PT-FIN,Platinum Drywall Starter Finishing Set,Platinum Drywall Tools,simple,kit,,5,PT-CP,PT-CP,Drywall Pump with Filler,1,ready,
PT-FIN,Platinum Drywall Starter Finishing Set,Platinum Drywall Tools,simple,kit,,6,PT-BF,PT-BF,Box Filler Attachment,1,ready,
PT-FIN,Platinum Drywall Starter Finishing Set,Platinum Drywall Tools,simple,kit,,7,PT-BH,PT-BH42,Flat Box Handle,1,mapped_alias,Source SKU PT-BH mapped to Veeqo SKU PT-BH42.
PT-FIN,Platinum Drywall Starter Finishing Set,Platinum Drywall Tools,simple,kit,,8,PT-CRH50,PT-CRH50,50 in. Corner Roller Handle,1,ready,
PT-FIN,Platinum Drywall Starter Finishing Set,Platinum Drywall Tools,simple,kit,,9,PT-CAH50,PT-CAH50,50 in. Corner Box Handle,1,ready,
PT-FIN,Platinum Drywall Starter Finishing Set,Platinum Drywall Tools,simple,kit,,10,PT-CFH50,PT-CFH50,50 in. Angle Head Handle,1,ready,
TTSFS,TapeTech Standard Full Set - Standard,TapeTech,simple,toolset,TT-STANDARD-FULL-SET,0,07TT,07TT,EasyClean Automatic Taper,1,ready,
TTSFS,TapeTech Standard Full Set - Standard,TapeTech,simple,toolset,TT-STANDARD-FULL-SET,1,EZ10TT,EZ10TT,10 in. EasyClean Flat Box,1,ready,
TTSFS,TapeTech Standard Full Set - Standard,TapeTech,simple,toolset,TT-STANDARD-FULL-SET,2,EZ12TT,EZ12TT,12 in. EasyClean Flat Box,1,ready,
TTSFS,TapeTech Standard Full Set - Standard,TapeTech,simple,toolset,TT-STANDARD-FULL-SET,3,15TTE,15TTE,Corner Roller,1,ready,
TTSFS,TapeTech Standard Full Set - Standard,TapeTech,simple,toolset,TT-STANDARD-FULL-SET,4,42TT,42TT,2.5 in. Corner Finisher,1,ready,
TTSFS,TapeTech Standard Full Set - Standard,TapeTech,simple,toolset,TT-STANDARD-FULL-SET,5,48TT,48TT,3 in. EasyRoll Adjustable Corner Finisher,1,ready,
TTSFS,TapeTech Standard Full Set - Standard,TapeTech,simple,toolset,TT-STANDARD-FULL-SET,6,CA08TT,CA08TT,8 in. Corner Applicator,1,ready,
TTSFS,TapeTech Standard Full Set - Standard,TapeTech,simple,toolset,TT-STANDARD-FULL-SET,7,76TT,76TT,Loading Pump,1,ready,
TTSFS,TapeTech Standard Full Set - Standard,TapeTech,simple,toolset,TT-STANDARD-FULL-SET,8,85TT,85T,Gooseneck,1,mapped_alias,Source SKU 85TT mapped to Veeqo SKU 85T.
TTSFS,TapeTech Standard Full Set - Standard,TapeTech,simple,toolset,TT-STANDARD-FULL-SET,9,90TT,90T,Flat Box Filler,1,mapped_alias,Source SKU 90TT mapped to Veeqo SKU 90T.
TTSFS,TapeTech Standard Full Set - Standard,TapeTech,simple,toolset,TT-STANDARD-FULL-SET,10,CFA-TT,CFA-TT,Corner Finisher Adapter,1,ready,
TTSFS,TapeTech Standard Full Set - Standard,TapeTech,simple,toolset,TT-STANDARD-FULL-SET,11,8042TT,8042TT,42 in. Flat Box Handle,1,ready,
TTSFS,TapeTech Standard Full Set - Standard,TapeTech,simple,toolset,TT-STANDARD-FULL-SET,12,XHTT,XHTT,Extendable Handles,2,ready,
TTSFS-2,TapeTech Standard Full Set - With 2 Pumps,TapeTech,simple,toolset,TT-STANDARD-FULL-SET,0,07TT,07TT,EasyClean Automatic Taper,1,ready,
TTSFS-2,TapeTech Standard Full Set - With 2 Pumps,TapeTech,simple,toolset,TT-STANDARD-FULL-SET,1,EZ10TT,EZ10TT,10 in. EasyClean Flat Box,1,ready,
TTSFS-2,TapeTech Standard Full Set - With 2 Pumps,TapeTech,simple,toolset,TT-STANDARD-FULL-SET,2,EZ12TT,EZ12TT,12 in. EasyClean Flat Box,1,ready,
TTSFS-2,TapeTech Standard Full Set - With 2 Pumps,TapeTech,simple,toolset,TT-STANDARD-FULL-SET,3,15TTE,15TTE,Corner Roller,1,ready,
TTSFS-2,TapeTech Standard Full Set - With 2 Pumps,TapeTech,simple,toolset,TT-STANDARD-FULL-SET,4,42TT,42TT,2.5 in. Corner Finisher,1,ready,
TTSFS-2,TapeTech Standard Full Set - With 2 Pumps,TapeTech,simple,toolset,TT-STANDARD-FULL-SET,5,48TT,48TT,3 in. EasyRoll Adjustable Corner Finisher,1,ready,
TTSFS-2,TapeTech Standard Full Set - With 2 Pumps,TapeTech,simple,toolset,TT-STANDARD-FULL-SET,6,CA08TT,CA08TT,8 in. Corner Applicator,1,ready,
TTSFS-2,TapeTech Standard Full Set - With 2 Pumps,TapeTech,simple,toolset,TT-STANDARD-FULL-SET,7,76TT,76TT,Loading Pumps,2,ready,
TTSFS-2,TapeTech Standard Full Set - With 2 Pumps,TapeTech,simple,toolset,TT-STANDARD-FULL-SET,8,85TT,85T,Gooseneck,1,mapped_alias,Source SKU 85TT mapped to Veeqo SKU 85T.
TTSFS-2,TapeTech Standard Full Set - With 2 Pumps,TapeTech,simple,toolset,TT-STANDARD-FULL-SET,9,90TT,90T,Flat Box Filler,1,mapped_alias,Source SKU 90TT mapped to Veeqo SKU 90T.
TTSFS-2,TapeTech Standard Full Set - With 2 Pumps,TapeTech,simple,toolset,TT-STANDARD-FULL-SET,10,CFA-TT,CFA-TT,Corner Finisher Adapter,1,ready,
TTSFS-2,TapeTech Standard Full Set - With 2 Pumps,TapeTech,simple,toolset,TT-STANDARD-FULL-SET,11,8042TT,8042TT,42 in. Flat Box Handle,1,ready,
TTSFS-2,TapeTech Standard Full Set - With 2 Pumps,TapeTech,simple,toolset,TT-STANDARD-FULL-SET,12,XHTT,XHTT,Extendable Handles,2,ready,
TTBBS,TapeTech Basic Box Set,TapeTech,simple,toolset,,0,EZ10TT,EZ10TT,10 in. EasyClean Flat Box,1,ready,
TTBBS,TapeTech Basic Box Set,TapeTech,simple,toolset,,1,EZ12TT,EZ12TT,12 in. EasyClean Flat Box,1,ready,
TTBBS,TapeTech Basic Box Set,TapeTech,simple,toolset,,2,76TT,76TT,Loading Pump,1,ready,
TTBBS,TapeTech Basic Box Set,TapeTech,simple,toolset,,3,90TT,90T,Flat Box Filler,1,mapped_alias,Source SKU 90TT mapped to Veeqo SKU 90T.
TTBBS,TapeTech Basic Box Set,TapeTech,simple,toolset,,4,88TTE,88TTE,Flat Box XTender Handle,1,ready,
TTBTS,TapeTech Basic Taping Set,TapeTech,simple,toolset,,0,07TT,07TT,EasyClean Automatic Taper,1,ready,
TTBTS,TapeTech Basic Taping Set,TapeTech,simple,toolset,,1,15TTE,15TTE,Corner Roller,1,ready,
TTBTS,TapeTech Basic Taping Set,TapeTech,simple,toolset,,2,48TT,48TT,3 in. EasyRoll Adjustable Corner Finisher,1,ready,
TTBTS,TapeTech Basic Taping Set,TapeTech,simple,toolset,,3,76TT,76TT,Loading Pump,1,ready,
TTBTS,TapeTech Basic Taping Set,TapeTech,simple,toolset,,4,85TT,85T,Gooseneck,1,mapped_alias,Source SKU 85TT mapped to Veeqo SKU 85T.
TTBTS,TapeTech Basic Taping Set,TapeTech,simple,toolset,,5,CFA-TT,CFA-TT,Corner Finisher Adapter,1,ready,
TTBTS,TapeTech Basic Taping Set,TapeTech,simple,toolset,,6,FHTT,FHTT,Fiberglass Support Handle,1,ready,
TTCFS,TapeTech Corner Finishing Set,TapeTech,simple,toolset,,0,48TT,48TT,3 in. EasyRoll Adjustable Corner Finisher,1,ready,
TTCFS,TapeTech Corner Finishing Set,TapeTech,simple,toolset,,1,CA08TT,CA08TT,8 in. Corner Applicator,1,ready,
TTCFS,TapeTech Corner Finishing Set,TapeTech,simple,toolset,,2,76TT,76TT,Loading Pump,1,ready,
TTCFS,TapeTech Corner Finishing Set,TapeTech,simple,toolset,,3,90TT,90T,Flat Box Filler,1,mapped_alias,Source SKU 90TT mapped to Veeqo SKU 90T.
TTCFS,TapeTech Corner Finishing Set,TapeTech,simple,toolset,,4,XHTT,XHTT,Extendable Handle,1,ready,
TTFINISH7/10,TapeTech Drywall Finishing Set - 7 in. & 10 in. Boxes,TapeTech,simple,toolset,,0,EZ07TT,EZ07TT,7 in. EasyClean Flat Box with EasyRoll Wheels,1,ready,
TTFINISH7/10,TapeTech Drywall Finishing Set - 7 in. & 10 in. Boxes,TapeTech,simple,toolset,,1,EZ10TT,EZ10TT,10 in. EasyClean Flat Box with EasyRoll Wheels,1,ready,
TTFINISH7/10,TapeTech Drywall Finishing Set - 7 in. & 10 in. Boxes,TapeTech,simple,toolset,,2,15TTE,15TTE,Corner Roller Head with Fiberglass Handle,1,ready,Split composite include 15TTE/FHTT.
TTFINISH7/10,TapeTech Drywall Finishing Set - 7 in. & 10 in. Boxes,TapeTech,simple,toolset,,2,FHTT,FHTT,Corner Roller Head with Fiberglass Handle,1,ready,Split composite include 15TTE/FHTT.
TTFINISH7/10,TapeTech Drywall Finishing Set - 7 in. & 10 in. Boxes,TapeTech,simple,toolset,,3,48TT,48TT,3 in. Angle Head / Corner Finisher,1,ready,
TTFINISH7/10,TapeTech Drywall Finishing Set - 7 in. & 10 in. Boxes,TapeTech,simple,toolset,,4,CFA-TT,CFA-TT,Fiberglass Angle Head Handle,1,ready,Split composite include CFA-TT/FHTT.
TTFINISH7/10,TapeTech Drywall Finishing Set - 7 in. & 10 in. Boxes,TapeTech,simple,toolset,,4,FHTT,FHTT,Fiberglass Angle Head Handle,1,ready,Split composite include CFA-TT/FHTT.
TTFINISH7/10,TapeTech Drywall Finishing Set - 7 in. & 10 in. Boxes,TapeTech,simple,toolset,,5,CA08TT,CA08TT,8 in. Corner Applicator with Fiberglass Handle,1,ready,Split composite include CA08TT/FHTT.
TTFINISH7/10,TapeTech Drywall Finishing Set - 7 in. & 10 in. Boxes,TapeTech,simple,toolset,,5,FHTT,FHTT,8 in. Corner Applicator with Fiberglass Handle,1,ready,Split composite include CA08TT/FHTT.
TTFINISH7/10,TapeTech Drywall Finishing Set - 7 in. & 10 in. Boxes,TapeTech,simple,toolset,,6,76TT,76TT,EasyClean Drywall Mud Pump,1,ready,
TTFINISH7/10,TapeTech Drywall Finishing Set - 7 in. & 10 in. Boxes,TapeTech,simple,toolset,,7,90TT,90T,Filler,1,mapped_alias,Source SKU 90TT mapped to Veeqo SKU 90T.
TTFINISH7/10,TapeTech Drywall Finishing Set - 7 in. & 10 in. Boxes,TapeTech,simple,toolset,,8,8042TT,8042TT,42 in. Box Handle,1,ready,
TTFBC,TapeTech Flat Box Combo,TapeTech,simple,toolset,,0,EZ10TT,EZ10TT,10 in. EasyClean Flat Box,1,ready,
TTFBC,TapeTech Flat Box Combo,TapeTech,simple,toolset,,1,EZ12TT,EZ12TT,12 in. EasyClean Flat Box,1,ready,
TTFBC,TapeTech Flat Box Combo,TapeTech,simple,toolset,,2,76TT,76TT,Loading Pump,1,ready,
TTFBC,TapeTech Flat Box Combo,TapeTech,simple,toolset,,3,90TT,90T,Flat Box Filler,1,mapped_alias,Source SKU 90TT mapped to Veeqo SKU 90T.
TTFBC,TapeTech Flat Box Combo,TapeTech,simple,toolset,,4,8042TT,8042TT,42 in. Flat Box Handle,1,ready,
TTFULL2SET,TapeTech Full Set X2 Contractors Pack,TapeTech,simple,toolset,,0,07TT,07TT,EasyClean Automatic Tapers,2,ready,
TTFULL2SET,TapeTech Full Set X2 Contractors Pack,TapeTech,simple,toolset,,1,76TT,76TT,Loading Pumps,2,ready,
TTFULL2SET,TapeTech Full Set X2 Contractors Pack,TapeTech,simple,toolset,,2,85TT,85T,Goosenecks,2,mapped_alias,Source SKU 85TT mapped to Veeqo SKU 85T.
TTFULL2SET,TapeTech Full Set X2 Contractors Pack,TapeTech,simple,toolset,,3,90TT,90T,Fillers,2,mapped_alias,Source SKU 90TT mapped to Veeqo SKU 90T.
TTFULL2SET,TapeTech Full Set X2 Contractors Pack,TapeTech,simple,toolset,,4,CFA-TT,CFA-TT,Corner Finisher Adapters,2,ready,
TTFULL2SET,TapeTech Full Set X2 Contractors Pack,TapeTech,simple,toolset,,5,15TTE,15TTE,Corner Rollers,2,ready,
TTFULL2SET,TapeTech Full Set X2 Contractors Pack,TapeTech,simple,toolset,,6,EZ10TT,EZ10TT,10 in. EasyClean Flat Boxes with EasyRoll Wheels,2,ready,
TTFULL2SET,TapeTech Full Set X2 Contractors Pack,TapeTech,simple,toolset,,7,EZ12TT,EZ12TT,12 in. EasyClean Flat Boxes with EasyRoll Wheels,2,ready,
TTFULL2SET,TapeTech Full Set X2 Contractors Pack,TapeTech,simple,toolset,,8,48TT,48TT,3 in. EasyRoll Adjustable Corner Finishers,2,ready,
TTFULL2SET,TapeTech Full Set X2 Contractors Pack,TapeTech,simple,toolset,,9,CA08TT,CA08TT,8 in. Corner Applicators,2,ready,
TTFULL2SET,TapeTech Full Set X2 Contractors Pack,TapeTech,simple,toolset,,10,8042TT,8042TT,42 in. Flat Box Handles,2,ready,
TTFULL2SET,TapeTech Full Set X2 Contractors Pack,TapeTech,simple,toolset,,11,FHTT,FHTT,Interchangeable Fiberglass Support Handles,6,ready,
TTPFB,TapeTech Paper Faced Bead Pro Set,TapeTech,simple,toolset,,0,14TT,14TT,MudRunner Applicator,1,ready,
TTPFB,TapeTech Paper Faced Bead Pro Set,TapeTech,simple,toolset,,1,17TT,17TT,Outside Corner Roller,1,ready,
TTPFB,TapeTech Paper Faced Bead Pro Set,TapeTech,simple,toolset,,2,16TT,16TT,90° Outside Corner Mud Head,1,ready,
TTPFB,TapeTech Paper Faced Bead Pro Set,TapeTech,simple,toolset,,3,16TT90,16TT90,90° Inside Corner Mud Head,1,ready,
TTPFB,TapeTech Paper Faced Bead Pro Set,TapeTech,simple,toolset,,4,76TT,76TT,Loading Pump,1,ready,
TTPFB,TapeTech Paper Faced Bead Pro Set,TapeTech,simple,toolset,,5,90TT,90T,Flat Box Filler,1,mapped_alias,Source SKU 90TT mapped to Veeqo SKU 90T.
TTPFB,TapeTech Paper Faced Bead Pro Set,TapeTech,simple,toolset,,6,CFA-TT,CFA-TT,Corner Finisher Adapter,1,ready,
TTPFB,TapeTech Paper Faced Bead Pro Set,TapeTech,simple,toolset,,7,XHTT,XHTT,Extendable Handle,1,ready,
TTPPS-EF,TapeTech Pro Performance Easy Finish Set,TapeTech,simple,toolset,,0,07TT,07TT,EasyClean Automatic Taper,1,ready,
TTPPS-EF,TapeTech Pro Performance Easy Finish Set,TapeTech,simple,toolset,,1,PAHC10,PAHC10,10 in. PowerAssist MaxxBox,1,ready,
TTPPS-EF,TapeTech Pro Performance Easy Finish Set,TapeTech,simple,toolset,,2,PAHC12,PAHC12,12 in. PowerAssist MaxxBox,1,ready,
TTPPS-EF,TapeTech Pro Performance Easy Finish Set,TapeTech,simple,toolset,,3,15TTE,15TTE,Corner Roller,1,ready,
TTPPS-EF,TapeTech Pro Performance Easy Finish Set,TapeTech,simple,toolset,,4,42TT,42TT,2.5 in. Corner Finisher,1,ready,
TTPPS-EF,TapeTech Pro Performance Easy Finish Set,TapeTech,simple,toolset,,5,48TT,48TT,3 in. EasyRoll Adjustable Corner Finisher,1,ready,
TTPPS-EF,TapeTech Pro Performance Easy Finish Set,TapeTech,simple,toolset,,6,NS02TT,NS02TT,2 in. EasyClean Nail Spotter,1,ready,
TTPPS-EF,TapeTech Pro Performance Easy Finish Set,TapeTech,simple,toolset,,7,NS03TT,NS03TT,3 in. EasyClean Nail Spotter,1,ready,
TTPPS-EF,TapeTech Pro Performance Easy Finish Set,TapeTech,simple,toolset,,8,14TT,14TT,MudRunner Applicator,1,ready,
TTPPS-EF,TapeTech Pro Performance Easy Finish Set,TapeTech,simple,toolset,,9,76TT,76TT,Loading Pumps,2,ready,
TTPPS-EF,TapeTech Pro Performance Easy Finish Set,TapeTech,simple,toolset,,10,85TT,85T,Gooseneck,1,mapped_alias,Source SKU 85TT mapped to Veeqo SKU 85T.
TTPPS-EF,TapeTech Pro Performance Easy Finish Set,TapeTech,simple,toolset,,11,90TT,90T,Flat Box Filler,1,mapped_alias,Source SKU 90TT mapped to Veeqo SKU 90T.
TTPPS-EF,TapeTech Pro Performance Easy Finish Set,TapeTech,simple,toolset,,12,CFA-TT,CFA-TT,Corner Finisher Adapter,1,ready,
TTPPS-EF,TapeTech Pro Performance Easy Finish Set,TapeTech,simple,toolset,,13,XHTT,XHTT,Extendable Handles,3,ready,
TTPPS-EF,TapeTech Pro Performance Easy Finish Set,TapeTech,simple,toolset,,14,88TTE,88TTE,Flat Box XTender Handles,2,ready,
TTPPS,TapeTech Pro Performance Set,TapeTech,simple,toolset,,0,07TT,07TT,EasyClean Automatic Taper,1,ready,
TTPPS,TapeTech Pro Performance Set,TapeTech,simple,toolset,,1,EZ10TT,EZ10TT,10 in. EasyClean Flat Box,1,ready,
TTPPS,TapeTech Pro Performance Set,TapeTech,simple,toolset,,2,EZ12TT,EZ12TT,12 in. EasyClean Flat Box,1,ready,
TTPPS,TapeTech Pro Performance Set,TapeTech,simple,toolset,,3,15TTE,15TTE,Corner Roller,1,ready,
TTPPS,TapeTech Pro Performance Set,TapeTech,simple,toolset,,4,42TT,42TT,2.5 in. Corner Finisher,1,ready,
TTPPS,TapeTech Pro Performance Set,TapeTech,simple,toolset,,5,48TT,48TT,3 in. EasyRoll Adjustable Corner Finisher,1,ready,
TTPPS,TapeTech Pro Performance Set,TapeTech,simple,toolset,,6,CA08TT,CA08TT,8 in. Corner Applicator,1,ready,
TTPPS,TapeTech Pro Performance Set,TapeTech,simple,toolset,,7,NS02TT,NS02TT,2 in. EasyClean Nail Spotter,1,ready,
TTPPS,TapeTech Pro Performance Set,TapeTech,simple,toolset,,8,NS03TT,NS03TT,3 in. EasyClean Nail Spotter,1,ready,
TTPPS,TapeTech Pro Performance Set,TapeTech,simple,toolset,,9,76TT,76TT,Loading Pumps,2,ready,
TTPPS,TapeTech Pro Performance Set,TapeTech,simple,toolset,,10,85TT,85T,Gooseneck,1,mapped_alias,Source SKU 85TT mapped to Veeqo SKU 85T.
TTPPS,TapeTech Pro Performance Set,TapeTech,simple,toolset,,11,90TT,90T,Flat Box Filler,1,mapped_alias,Source SKU 90TT mapped to Veeqo SKU 90T.
TTPPS,TapeTech Pro Performance Set,TapeTech,simple,toolset,,12,CFA-TT,CFA-TT,Corner Finisher Adapter,1,ready,
TTPPS,TapeTech Pro Performance Set,TapeTech,simple,toolset,,13,XHTT,XHTT,Extendable Handles,3,ready,
TTPPS,TapeTech Pro Performance Set,TapeTech,simple,toolset,,14,88TTE,88TTE,Flat Box XTender Handles,2,ready,
TTPSS,TapeTech Professional Starter Set,TapeTech,simple,toolset,,0,07TT,07TT,EasyClean Automatic Taper,1,ready,
TTPSS,TapeTech Professional Starter Set,TapeTech,simple,toolset,,1,EZ10TT,EZ10TT,10 in. EasyClean Flat Box,1,ready,
TTPSS,TapeTech Professional Starter Set,TapeTech,simple,toolset,,2,EZ12TT,EZ12TT,12 in. EasyClean Flat Box,1,ready,
TTPSS,TapeTech Professional Starter Set,TapeTech,simple,toolset,,3,15TTE,15TTE,Corner Roller,1,ready,
TTPSS,TapeTech Professional Starter Set,TapeTech,simple,toolset,,4,48TT,48TT,3 in. EasyRoll Adjustable Corner Finisher,1,ready,
TTPSS,TapeTech Professional Starter Set,TapeTech,simple,toolset,,5,CA08TT,CA08TT,8 in. Corner Applicator,1,ready,
TTPSS,TapeTech Professional Starter Set,TapeTech,simple,toolset,,6,76TT,76TT,Loading Pump,1,ready,
TTPSS,TapeTech Professional Starter Set,TapeTech,simple,toolset,,7,85TT,85T,Gooseneck,1,mapped_alias,Source SKU 85TT mapped to Veeqo SKU 85T.
TTPSS,TapeTech Professional Starter Set,TapeTech,simple,toolset,,8,90TT,90T,Flat Box Filler,1,mapped_alias,Source SKU 90TT mapped to Veeqo SKU 90T.
TTPSS,TapeTech Professional Starter Set,TapeTech,simple,toolset,,9,CFA-TT,CFA-TT,Corner Finisher Adapter,1,ready,
TTPSS,TapeTech Professional Starter Set,TapeTech,simple,toolset,,10,XHTT,XHTT,Extendable Handles,2,ready,
TTFFS,TapeTech Value Drywall Finishing Set,TapeTech,simple,toolset,,0,EZ10TT,EZ10TT,10 in. EasyClean Flat Box,1,ready,
TTFFS,TapeTech Value Drywall Finishing Set,TapeTech,simple,toolset,,1,EZ12TT,EZ12TT,12 in. EasyClean Flat Box,1,ready,
TTFFS,TapeTech Value Drywall Finishing Set,TapeTech,simple,toolset,,2,15TTE,15TTE,Corner Roller,1,ready,
TTFFS,TapeTech Value Drywall Finishing Set,TapeTech,simple,toolset,,3,48TT,48TT,3 in. EasyRoll Adjustable Corner Finisher,1,ready,
TTFFS,TapeTech Value Drywall Finishing Set,TapeTech,simple,toolset,,4,CA08TT,CA08TT,8 in. Corner Applicator,1,ready,
TTFFS,TapeTech Value Drywall Finishing Set,TapeTech,simple,toolset,,5,76TT,76TT,Loading Pump,1,ready,
TTFFS,TapeTech Value Drywall Finishing Set,TapeTech,simple,toolset,,6,90TT,90T,Flat Box Filler,1,mapped_alias,Source SKU 90TT mapped to Veeqo SKU 90T.
TTFFS,TapeTech Value Drywall Finishing Set,TapeTech,simple,toolset,,7,CFA-TT,CFA-TT,Corner Finisher Adapter for FHTT Handle,1,ready,
TTFFS,TapeTech Value Drywall Finishing Set,TapeTech,simple,toolset,,8,FHTT,FHTT,Interchangeable Fiberglass Support Handle,1,ready,
TTFFS,TapeTech Value Drywall Finishing Set,TapeTech,simple,toolset,,9,8042TT,8042TT,42 in. Flat Box Handle,1,ready,
TTFTFS,TapeTech Value Full Drywall Taping & Finishing Set,TapeTech,simple,toolset,,0,07TT,07TT,EasyClean Automatic Taper,1,ready,
TTFTFS,TapeTech Value Full Drywall Taping & Finishing Set,TapeTech,simple,toolset,,1,76TT,76TT,Loading Pump,1,ready,
TTFTFS,TapeTech Value Full Drywall Taping & Finishing Set,TapeTech,simple,toolset,,2,85TT,85T,Gooseneck,1,mapped_alias,Source SKU 85TT mapped to Veeqo SKU 85T.
TTFTFS,TapeTech Value Full Drywall Taping & Finishing Set,TapeTech,simple,toolset,,3,90TT,90T,Filler,1,mapped_alias,Source SKU 90TT mapped to Veeqo SKU 90T.
TTFTFS,TapeTech Value Full Drywall Taping & Finishing Set,TapeTech,simple,toolset,,4,15TTE,15TTE,Corner Roller,1,ready,
TTFTFS,TapeTech Value Full Drywall Taping & Finishing Set,TapeTech,simple,toolset,,5,8042TT,8042TT,42 in. Flat Box Handle,1,ready,
TTFTFS,TapeTech Value Full Drywall Taping & Finishing Set,TapeTech,simple,toolset,,6,EZ07TT,EZ07TT,7 in. EasyClean Flat Box with EasyRoll Wheels,1,ready,
TTFTFS,TapeTech Value Full Drywall Taping & Finishing Set,TapeTech,simple,toolset,,7,EZ10TT,EZ10TT,10 in. EasyClean Flat Box with EasyRoll Wheels,1,ready,
TTFTFS,TapeTech Value Full Drywall Taping & Finishing Set,TapeTech,simple,toolset,,8,48TT,48TT,3 in. EasyRoll Adjustable Corner Finisher,1,ready,
TTFTFS,TapeTech Value Full Drywall Taping & Finishing Set,TapeTech,simple,toolset,,9,CA08TT,CA08TT,8 in. Corner Applicator,1,ready,
TTFTFS,TapeTech Value Full Drywall Taping & Finishing Set,TapeTech,simple,toolset,,10,FHTT,FHTT,Interchangeable Fiberglass Support Handle,1,ready,
TTFTFS,TapeTech Value Full Drywall Taping & Finishing Set,TapeTech,simple,toolset,,11,CFA-TT,CFA-TT,Corner Finisher Adapter for FHTT Handle,1,ready,
